id,event_date,event_summary,source_quote,core_sentence,category,event_type,intensity,actor_raw_names,actor_normalized_names,actor_countries,recipient_raw_names,recipient_normalized_names,recipient_countries,third_party_raw_names,third_party_normalized_names,third_party_countries,location_raw_names,location_normalized_names,location_countries,article_count,article_links
"0e841e3c9bd9","2026-08-02","Israeli drones conducted strikes in southern Lebanon, damaging a vehicle and targeting areas in the region, including Ali al-Taher Hill and the town of Mansouri. This military action coincided with ongoing reconnaissance flights over southern Lebanon and Beirut's southern suburbs, amid rising tensions as Lebanon and Israel prepare for the seventh round of indirect negotiations in Rome.","Israeli drones carried out strikes in southern Lebanon on Monday, damaging a vehicle and targeting areas in the south, while reconnaissance aircraft continued flying over southern Lebanon and Beirut's southern suburbs, underscoring persistent tensions ahead of a new round of indirect negotiations.","Israeli military ASSAULT Lebanese military","CONFLICT","ASSAULT","-0.9","Israeli military","Israeli military","Israel (83)","Lebanese military","Lebanese army","Lebanon (95)","","","","southern Lebanon; Ali al-Taher Hill; Mansouri; southern suburbs of Beirut","","Lebanon (95); Lebanon (95); Lebanon (95); Lebanon (95)","1",""
"1133e507b972","2026-07-30","Israeli Army Chief General Eyal Zamir stated that Israeli forces will not withdraw from the occupied areas of southern Lebanon until Israel's long-term security is fully ensured. During his visit to Israeli-controlled positions in southern Lebanon, he indicated that military operations could be expanded if necessary to dismantle military infrastructure and installations.","Israeli Army Chief General Eyal Zamir has said that Israeli forces will not withdraw from the occupied areas of southern Lebanon until Israel’s long-term security is fully ensured, warning that military operations could be expanded if necessary.","Israeli Army Chief General Eyal Zamir THREATEN Lebanese armed forces","CONFLICT","THREATEN","-0.6","Israeli Army Chief General Eyal Zamir","Israeli Army Chief General Eyal Zamir","Israel (83)","Lebanese armed forces","Lebanese army","Lebanon (95)","","","","southern Lebanon","","Lebanon (95)","1",""
"3c982a0e3581","2026-07-30","The Israel Defense Forces (IDF) conducted an operation to destroy a network of Hezbollah tunnels beneath Beaufort Ridge in southern Lebanon. This operation involved the demolition of underground infrastructure that Israel identified as crucial to Hezbollah's invasion strategy for Galilee communities, utilizing approximately 700 tons of explosives. The action was taken in response to what Israel termed a violation of the ceasefire agreement by Hezbollah.","The IDF destroyed terror tunnels in the Beaufort area of southern Lebanon, dismantling underground infrastructure that Israel said was a central part of Hezbollah's invasion plan for Galilee communities, according to a joint announcement from Prime Minister Benjamin Netanyahu and Defense Minister Yisrael Katz.","Israel Defense Forces ASSAULT Hezbollah","CONFLICT","ASSAULT","-0.9","Israel Defense Forces","Israeli military","Israel (83)","Hezbollah","Hezbollah","Lebanon (95)","","","","Beaufort Ridge, southern Lebanon; Galilee communities","","Lebanon (95); Lebanon (95)","7",""
"48f3f2d04da4","2026-07-29","The Israeli military accused Hezbollah of violating a ceasefire agreement by attempting to target an Israeli military engineering vehicle with an explosive drone in southern Lebanon. The Israeli forces reported that they prevented the attack, which they described as a breach of the ceasefire arrangement.","Israel has accused Hezbollah of violating a ceasefire agreement after claiming the group attempted to target an Israeli military engineering vehicle with an explosive drone.","Israeli military ACCUSE Hezbollah","CONFLICT","ACCUSE","-0.2","Israeli military","Israeli military","Israel (83)","Hezbollah","Hezbollah","Lebanon (95)","","","","southern Lebanon","","Lebanon (95)","1",""
"719539511e9f","2026-07-25","A powerful explosion occurred in Lebanon’s Nabatieh region, reportedly following an Israeli airstrike targeting the town of Kfar Tebnit. The explosion was heard across several nearby areas, indicating the intensity of the ongoing conflict, which also included another Israeli airstrike on the southern town of Markaba.","A powerful explosion has rocked Lebanon’s Nabatieh region, with the blast reportedly heard across several nearby areas, according to Lebanon’s National News Agency (NNA) while the agency said the explosion followed a major Israeli airstrike targeting the town of Kfar Tebnit in southern Lebanon.","Israel ASSAULT Lebanon","CONFLICT","ASSAULT","-0.9","Israel","Israel","Israel (83)","Lebanon","Lebanon","Lebanon (95)","","","","Nabatieh region; Kfar Tebnit; Markaka","","Lebanon (95); Lebanon (95); Lebanon (95)","1",""
"03cd649c2b2b","2026-07-22","The Israel Defense Forces (IDF) conducted operations in Southern Lebanon, seizing dozens of weapons including Kalashnikov rifles, rocket-propelled grenades, and explosive devices as part of their ongoing efforts against Hezbollah. This operation is part of a broader initiative following the announcement of a 'Safe Zone' pilot program that involves the redeployment of Israeli troops from designated areas.","By JNS Israel Defense Forces troops have seized dozens of weapons in Southern Lebanon in recent days as part of ongoing operations against Hezbollah in the security zone, the military said on Wednesday.","Israel Defense Forces ASSAULT Hezbollah","CONFLICT","ASSAULT","-0.9","Israel Defense Forces","Israeli military","Israel (83)","Hezbollah","Hezbollah","Lebanon (95)","","","","Southern Lebanon","","Lebanon (95)","1",""
"273bc32c11e7","2026-07-20","Israel and Lebanon, with support from the United States, initiated a US-backed security pilot program aimed at accelerating the disarmament of Hezbollah. This program involves coordination among Israeli, Lebanese, and US officials, and is being implemented in several areas of southern Lebanon, as announced by the Israel Defense Forces (IDF).","On Monday, the Israel Defense Forces (IDF) announced the launch of the initiative in several areas of southern Lebanon, in coordination with the US Central Command (CENTCOM) and the Lebanese Armed Forces.","Israel, Lebanon, and the United States COOPERATE with Hezbollah in a US-backed security pilot program to accelerate disarmament efforts.","COOPERATION","COOPERATE","0.8","Israel; Lebanon; United States","Israel; Lebanon; United States","Israel (83); Lebanon (95); USA (185)","Hezbollah","Hezbollah","Lebanon (95)","","","","southern Lebanon","","Lebanon (95)","1",""
"9780b1773fd6","2026-07-20","The United States and Israel launched a landmark initiative aimed at disarming Hezbollah in Lebanon. This program involves the gradual evacuation of small amounts of Lebanese territory by the Israeli military, with control being transferred to the Lebanese Armed Forces (LAF). The initiative is driven by concerns regarding Hezbollah's power relative to the LAF and aims to enhance stability in the Middle East.","A landmark US-Israel initiative aims to disarm a designated terrorist group, Hezbollah, in Lebanon.","United States and Israel COOPERATE Hezbollah and the Lebanese Armed Forces","COOPERATION","COOPERATE","0.8","United States; Israel","United States; Israel","USA (185); Israel (83)","Hezbollah; Lebanese Armed Forces","Hezbollah; Lebanese Armed Forces","Lebanon (95); Lebanon (95)","","","","Lebanon","","Lebanon (95)","1",""
"a7dd91b0eb22","2026-07-19","The United States continued its military campaign against Iranian military targets, while Israel engaged in operations against Hezbollah in southern Lebanon. This coordinated effort has resulted in significant degradation of Iran's military capabilities and setbacks for Hezbollah, contributing to a strategic shift in the region.","The United States has continued its campaign against Iranian military targets, Israel remains engaged on multiple fronts, and Hezbollah's infrastructure in southern Lebanon is still being dismantled.","United States and Israel ASSAULT Iranian military targets and Hezbollah","CONFLICT","ASSAULT","-0.9","United States; Israel","United States; Israel","USA (185); Israel (83)","Iranian military targets; Hezbollah","Iranian military targets; Hezbollah","Iran (80); Lebanon (95)","","","","Southern Lebanon","","Lebanon (95)","1",""
"a3c2b84a236f","2026-07-19","Israel, the United States, and Lebanon initiated a pilot program to establish safe zones in southern Lebanon. This initiative aims to disarm Hezbollah and empower Lebanese troops as part of a broader framework agreement, facilitating Israel's withdrawal and reasserting Lebanese authority in the region.","In a bid to stabilize southern Lebanon, the Israeli military announced a new collaborative pilot program with U.S. and Lebanese forces.","Israel, the United States, and Lebanon AGREE Hezbollah and Lebanese troops to establish safe zones in southern Lebanon as part of a broader framework agreement.","COOPERATION","AGREE","0.5","Israel; United States; Lebanon","Israel; United States; Lebanon","Israel (83); USA (185); Lebanon (95)","Hezbollah; Lebanese troops","Hezbollah; Lebanese Armed Forces","Lebanon (95); Lebanon (95)","","","","southern Lebanon","","Lebanon (95)","1",""
"89b27049ebc2","2026-07-18","Israel Defense Forces (IDF) began redeploying troops from the Zawtar al-Gharbiyeh area in Lebanon as part of a conditions-based agreement with the Lebanese government, which includes Hezbollah's disarmament and the restoration of Lebanese state sovereignty. This action follows discussions held between Israel and Lebanon in Rome approximately ten days prior.","They added that the move was a direct result of talks held between Israel and Lebanon in Rome about 10 days earlier, and that the US would continue working with both sides until the framework was fully implemented.","Israel Defense Forces RETREAT Lebanese government","COOPERATION","RETREAT","0.8","Israel Defense Forces","Israeli military","Israel (83)","Lebanese government","Lebanese government","Lebanon (95)","Hezbollah","Hezbollah","Lebanon (95)","Zawtar al-Gharbiyeh; Rome","","Lebanon (95); Italy (84)","1",""
"e65dbea6245c","2026-07-15","The Israeli Defense Forces (IDF) killed three members of Hezbollah in Beit Yahoun, southern Lebanon, following their identification as armed terrorists. This action was taken to eliminate a threat to IDF soldiers operating in the area.","Earlier today, IDF soldiers identified three armed Hezbollah terrorists in the area of Beit Yahoun, located within the Security Zone in southern Lebanon. Following the identification, the IDF eliminated the three terrorists, who were carrying combat equipment, in order to remove the threat posed to IDF soldiers operating nearby.","Israeli Defense Forces ASSAULT Hezbollah militants","CONFLICT","ASSAULT","-0.9","Israeli Defense Forces","Israeli military","Israel (83)","Hezbollah militants","Hezbollah","Lebanon (95)","IDF soldiers","IDF soldiers","Israel (83)","Beit Yahoun, southern Lebanon","","Lebanon (95)","1",""
"766d6042f128","2026-07-14","Lebanon and Israel are engaged in negotiations in Rome, facilitated by the United States, to discuss the implementation of a framework agreement aimed at ending the conflict between Israel and Hezbollah. The Lebanese delegation has been instructed to demand the immediate withdrawal of Israeli forces from two designated pilot zones in southern Lebanon as a prerequisite for further discussions.","The Lebanese presidency announced on Monday (July 13, 2026) that its delegation to Rome had been instructed 'to demand the immediate start of Israeli forces’ withdrawal from the two pilot zones before any further discussion'.","Lebanon and Israel REQUESTED the Lebanese delegation to demand the immediate withdrawal of Israeli forces from two designated pilot zones in southern Lebanon.","CONFLICT","REQUEST","-0.2","Lebanon; Israel; United States","Lebanon; Israel; United States","Lebanon (95); Israel (83); USA (185)","Lebanese delegation","Lebanese delegation","Lebanon (95)","Hezbollah","Hezbollah","Lebanon (95)","Rome; southern Lebanon","","Italy (84); Lebanon (95)","2",""
"58e7e257e8c7","2026-07-06","The Israeli military conducted an airstrike on a vehicle in southern Lebanon, resulting in the deaths of four individuals, including school principal Esperanza Ghandour, her mother, a domestic worker, and a foreign labourer. The strike was described as a response to the vehicle approaching a designated 'security zone' and posing a threat to Israeli forces.","The Israeli military said it had struck a vehicle carrying four people it said were approaching what it calls a 'security zone' in southern Lebanon and posing a threat to its forces.","Israeli military ASSAULT vehicle occupants including Esperance Ghandour and her Ghandour family","CONFLICT","ASSAULT","-0.9","Israeli military","Israeli military","Israel (83)","Vehicle occupants; Esperance Ghandour; Ghandour family","Vehicle occupants; Esperance Ghandour; Ghandour family","Lebanon (95); Lebanon (95)","","","","southern Lebanon","","Lebanon (95)","4",""
"065d8c7d818d","2026-07-06","An Israeli drone strike targeted a vehicle in Nabatieh, southern Lebanon, resulting in the deaths of four individuals. This incident is reported to be the deadliest drone attack in several weeks, as confirmed by Lebanese security sources.","Four people were killed by an Israeli drone strike on a vehicle in Nabatieh in southern Lebanon on Monday, Lebanon’s state news agency reported, in what Lebanese security sources said marked the deadliest such attack in several weeks.","Israeli drone strike ASSAULTED a vehicle and four individuals in Nabatieh, southern Lebanon.","CONFLICT","ASSAULT","-0.9","Israeli drone strike","Israeli drone strike","Israel (83)","Vehicle in Nabatieh; Four individuals","Vehicle in Nabatieh; Four individuals","Lebanon (95); Lebanon (95)","","","","Nabatieh","","Lebanon (95)","1",""
"cd1af15bb2bc","2026-07-06","Israel is reportedly preparing to transfer two limited areas in southern Lebanon to the Lebanese Army under a U.S.-backed framework while retaining most of its security zone until Hezbollah disarms. This decision follows high-level security consultations led by Prime Minister Benjamin Netanyahu and is expected to receive final approval from U.S. Central Command.","Prime Minister Benjamin Netanyahu reportedly held high-level security consultations as the plan moves forward, with final approval also expected from U.S. Central Command.","Israel AGREE Lebanese Army","COOPERATION","AGREE","0.5","Israel","Israel","Israel (83)","Lebanese Army","Lebanese Armed Forces","Lebanon (95)","Hezbollah; United States; U.S. Central Command","Hezbollah; United States; U.S. Central Command","Lebanon (95); USA (185); USA (185)","southern Lebanon","","Lebanon (95)","1",""
"0355951f7b35","2026-07-06","An Israeli drone strike targeted a vehicle in southern Lebanon, resulting in the deaths of four individuals, including a school headteacher, her mother, a female foreign domestic worker, and a male Syrian worker. The strike occurred near a military zone and was described by the Israeli military as a necessary action against a perceived security threat.","An Israeli drone strike on a car in southern Lebanon has killed four people, including a school headteacher, in the deadliest Israeli attack since a ceasefire was agreed in the country last month.","Israeli military ASSAULT School headteacher, her mother, a female foreign domestic worker, and a male Syrian worker","CONFLICT","ASSAULT","-0.9","Israeli military","Israeli military","Israel (83)","School headteacher; Her mother; Female foreign domestic worker; Male Syrian worker","School headteacher; Her mother; Female foreign domestic worker; Male Syrian worker","Lebanon (95); Lebanon (95); Lebanon (95); Syria (169)","","","","southern Lebanon; near a military zone","","Lebanon (95); Lebanon (95)","2",""
"36133ec3951f","2026-07-05","Israeli Prime Minister Benjamin Netanyahu stated that some Christian villages in southern Lebanon have requested to be annexed by Israel for protection against Hezbollah militants. This claim was made during an interview with Fox News, highlighting Israel's role in safeguarding these communities.","Some of them have actually asked to be annexed to Israel, because we protect them against the Hezbollah, Hezbollah fanatics who want to kill them.","Israel AID Christian villages in southern Lebanon","COOPERATION","AID","0.8","Israel","Israel","Israel (83)","Christian villages in southern Lebanon","Christian villages in southern Lebanon","Lebanon (95)","Benjamin Netanyahu; Hezbollah militants","Benjamin Netanyahu; Hezbollah","Israel (83); Lebanon (95)","southern Lebanon","","Lebanon (95)","1",""
"eaa901b14f80","2026-07-03","The Israeli military conducted a drone strike in the town of Seddiqine, located in the Tyre region of southern Lebanon, resulting in injuries to two individuals. This attack occurred amid escalating tensions between Israel, Iran, and Hezbollah, with the Israeli military's stated objective being the prevention of Hezbollah's rearmament.","As reported by the National News Agency of Lebanon, the drone of Israel attacked a vehicle in the town of Seddiqine in Tyre region, which wounded two people while another attack took place within a few moments in the same area however, it is not clear yet if the attack was against any individual or military installations.","Israeli military ASSAULT Two individuals in Seddiqine","CONFLICT","ASSAULT","-0.9","Israeli military","Israeli military","Israel (83)","Two individuals in Seddiqine","Two individuals in Seddiqine","Lebanon (95)","Hezbollah; Iran","Hezbollah; Iran","Lebanon (95); Iran (80)","Seddiqine; Tyre region","","Lebanon (95); Lebanon (95)","1",""
"e6adbda4e2fb","2026-07-01","Israel's military operations against Hamas, Hezbollah, and Iran's Islamic Revolutionary Guard Corps have continued, with significant military gains reported. However, despite these successes, Israel faces increased global isolation approximately 1,000 days after the October 7, 2023 attack, which resulted in substantial casualties and hostages. The ongoing military campaigns have not translated into diplomatic strength, leading to strained ties with the United States.","About 1,000 days after Hamas's attack on October 7, 2023, Israel finds itself more globally isolated than it was on the eve of that assault.","Israel ASSAULT Hamas, Hezbollah, and Iran's Islamic Revolutionary Guard Corps","CONFLICT","ASSAULT","-0.9","Israel","Israel","Israel (83)","Hamas; Hezbollah; Islamic Revolutionary Guard Corps","Hamas; Hezbollah; Islamic Revolutionary Guard Corps","Palestine (195); Lebanon (95); Iran (80)","United States","United States","USA (185)","Israel","","Israel (83)","1",""
"ab5873ee68c3","2026-07-01","Israeli Prime Minister Benjamin Netanyahu visited Israel Defense Forces troops deployed in the security zone in Southern Lebanon, where he emphasized the importance of their role in securing the Israel-Lebanon framework agreement signed on June 30, 2026. He warned Iran and Hezbollah to withdraw from the area and stated that Israel would not leave Southern Lebanon until the threat from Hezbollah is eliminated.","Visiting Israel Defense Forces troops deployed in the security zone in Southern Lebanon, Netanyahu stated: “We say to both Iran and Hezbollah: Get out of here.”","Benjamin Netanyahu THREATEN Iran and Hezbollah","CONFLICT","THREATEN","-0.6","Benjamin Netanyahu","Benjamin Netanyahu","Israel (83)","Iran; Hezbollah","Iran; Hezbollah","Iran (80); Lebanon (95)","Israel Defense Forces; Lebanon","Israeli military; Lebanon","Israel (83); Lebanon (95)","Southern Lebanon","","Lebanon (95)","5",""
"908692b3ea67","2026-06-30","Israel and Lebanon reached a security agreement that ties Israel's withdrawal from southern Lebanon to the disarmament of Hezbollah. This agreement aims to restore full Lebanese state authority in the region but is viewed as unlikely to be fulfilled due to Hezbollah's rejection of disarmament and the Lebanese government's inability to enforce such measures.","“This is not an agreement, it is an imposed settlement,” a senior Lebanese politician, who declined to be identified, told Reuters.","Israel and Lebanon AGREE Hezbollah","COOPERATION","AGREE","0.5","Israel; Lebanon","Israel; Lebanon","Israel (83); Lebanon (95)","Hezbollah","Hezbollah","Lebanon (95)","","","","southern Lebanon","","Lebanon (95)","1",""
"c4bf01e3a73b","2026-06-30","Israeli Prime Minister Benjamin Netanyahu announced that Israeli forces will continue their military presence in southern Lebanon until the threat from Iran-backed Hezbollah is eliminated. This statement was made during his visit to Israeli-controlled territory in southern Lebanon, emphasizing that the presence will persist as long as Hezbollah remains armed and capable of attacks against Israel.","Israeli Prime Minister Benjamin Netanyahu said on Tuesday that Israeli forces will remain in southern Lebanon until the threat posed by Iran-backed Hezbollah is eliminated, signaling that Israel has no immediate plans to withdraw despite a recent U.S.-mediated security agreement with Lebanon.","Israeli forces MOBILIZE Hezbollah","CONFLICT","MOBILIZE","-0.6","Israeli forces","Israeli military","Israel (83)","Hezbollah","Hezbollah","Lebanon (95)","Iran","Iran","Iran (80)","southern Lebanon","","Lebanon (95)","3",""
"4d9a70078e72","2026-06-28","The Israeli army destroyed an extensive tunnel in southern Lebanon, specifically near the village of Majdal Zoun, which was reported to contain hundreds of weapons and launch shafts aimed at Israel. This action occurred despite a trilateral framework agreement signed by Lebanon and Israel just two days prior, aimed at fostering peace and disarming Hezbollah.","The Israeli army destroyed an extensive tunnel in southern Lebanon on Sunday, with Lebanese state media reporting strikes in the area and Iran-backed Hezbollah saying it reserves the right to respond to these attacks.","Israeli army ASSAULT Lebanon","CONFLICT","ASSAULT","-0.9","Israeli army","Israeli military","Israel (83)","Lebanon","Lebanon","Lebanon (95)","Hezbollah","Hezbollah","Lebanon (95)","Southern Lebanon; Majdal Zoun","","Lebanon (95); Lebanon (95)","1",""
"0e88ff2d873a","2026-06-27","Israeli air operations conducted drone strikes in the town of Nabatieh al-Fawqa, southern Lebanon, resulting in at least one fatality and multiple injuries. This military action occurred one day after Israel and Lebanon formally entered into an agreement aimed at establishing enduring calm in the region.","Israeli air operations struck targets in southern Lebanon, resulting in at least one fatality and multiple injuries, merely a day after both nations formally entered into an agreement designed to establish an enduring calm.","Israeli military ASSAULT Residents of Nabatieh al-Fawq","CONFLICT","ASSAULT","-0.9","Israeli military","Israeli military","Israel (83)","Residents of Nabatieh al-Fawq","Residents of Nabatieh al-Fawq","Lebanon (95)","","","","Nabatieh al-Fawq","","Lebanon (95)","1",""
"9cfb26ff167b","2026-06-27","Israeli Prime Minister Benjamin Netanyahu announced the signing of a framework agreement between Israel, Lebanon, and the United States, which he described as a historic success for Israel. The agreement aims to pave the way for a future peace agreement while ensuring Israel's security interests, particularly regarding the disarmament of Hezbollah and other terrorist organizations in Lebanon.","Israeli Prime Minister Benjamin Netanyahu called the framework agreement signed Friday between Israel, Lebanon, and the United States a 'historic success for Israel' on Saturday evening.","Benjamin Netanyahu AGREE Lebanon and the United States","COOPERATION","AGREE","0.5","Benjamin Netanyahu","Benjamin Netanyahu","Israel (83)","Lebanon; United States","Lebanon; United States","Lebanon (95); USA (185)","Israel; Hezbollah","Israel; Hezbollah","Israel (83); Lebanon (95)","Immaterial","","Immaterial","4",""
"fae17339ba4a","2026-06-26","Secretary of State Marco Rubio, along with the ambassadors of Israel and Lebanon, announced a framework agreement aimed at establishing peace following months of conflict between Israel and Hezbollah. The agreement was signed by Yechiel Leiter, the Israeli ambassador to the United States, and Nada Hamadeh, the Lebanese ambassador to the United States, and is intended to restore Lebanese sovereignty and territorial integrity while securing a permanent cessation of hostilities.","Secretary of State Marco Rubio along with Israel and Lebanon’s ambassadors announced a framework agreement Friday that was described as a first step toward peace following months of conflict between Israel and the Lebanese militant group Hezbollah.","Marco Rubio, Israel, and Lebanon AGREE with Yechiel Leibler and Nada Hamadeh","COOPERATION","AGREE","0.5","Marco Rubio; Israel; Lebanon","Marco Rubio; Israel; Lebanon","USA (185); Israel (83); Lebanon (95)","Yechiel Leibler; Nada Hamadeh","Yechiel Leibler; Nada Hamadeh","Israel (83); Lebanon (95)","","","","Immaterial","","Immaterial","3",""
"2b0c8fa72c74","2026-06-26","The Trump administration, Israel, and Lebanon announced a trilateral framework aimed at reducing Iran's influence in Lebanon through its support of Hezbollah. This framework is seen as the first step towards initiating an Israeli withdrawal from occupied territory, with a joint statement outlining a structured process to restore Lebanon's sovereignty and disarm Hezbollah.","On Friday, the Trump administration, Israel, and Lebanon announced a trilateral framework that aims to temper Iran’s influence in Lebanon through its support of the militant group Hezbollah.","Trump administration, Israel, and Lebanon AGREE Iran and Hezbollah","COOPERATION","AGREE","0.6","Trump administration; Israel; Lebanon","Trump administration; Israel; Lebanon","USA (185); Israel (83); Lebanon (95)","Iran; Hezbollah","Iran; Hezbollah","Iran (80); Lebanon (95)","","","","Immaterial","","Immaterial","1",""
"6f8afb36c2e3","2026-06-26","Israeli Prime Minister Benjamin Netanyahu announced that Israeli forces will continue to remain in southern Lebanon until Hezbollah disarms. This statement was made in the context of a new framework agreement between the United States, Israel, and Lebanon aimed at reducing tensions following cross-border violence.","Israeli Prime Minister Benjamin Netanyahu said on Friday that Israeli forces will remain in southern Lebanon until Hezbollah lays down its weapons, underscoring Israel’s firm stance despite new diplomatic efforts in Washington.","Israeli forces AGREE Hezbollah","COOPERATION","AGREE","0.5","Israeli forces","Israeli military","Israel (83)","Hezbollah","Hezbollah","Lebanon (95)","United States; Lebanon","United States; Lebanon","USA (185); Lebanon (95)","southern Lebanon","","Lebanon (95)","1",""
"2644e50ec023","2026-06-26","Israeli forces conducted airstrikes in southern Lebanon, specifically targeting the town of Mayfadoun in the Nabatieh district, resulting in the deaths of two individuals and injuries to another. This military action occurred concurrently with ongoing diplomatic discussions between Israeli and Lebanese officials.","Israeli airstrikes continued in southern Lebanon on Friday. According to Lebanon’s National News Agency, quoting the country’s Ministry of Public Health, two people were killed and another person was injured after an Israeli strike on the town of Mayfadoun in the Nabatieh district.","Israeli forces ASSAULT Civilians in Mayfadoun","CONFLICT","ASSAULT","-0.9","Israeli forces","Israeli military","Israel (83)","Civilians in Mayfadoun","Civilians in Mayfadoun","Lebanon (95)","Lebanese officials","Lebanese authorities","Lebanon (95)","Mayfadoun, Nabatieh district; southern Lebanon","","Lebanon (95); Lebanon (95)","1",""
"21c6b77c13fb","2026-06-26","Israel will withdraw its forces from two areas in southern Lebanon, transferring control of these sites to the Lebanese military as part of a trilateral agreement signed in Washington involving Israel, Lebanon, and the United States. This agreement aims to facilitate future negotiations towards a broader peace agreement and is seen as a step towards restoring Lebanese sovereignty.","Israel will withdraw from two areas in southern Lebanon, transferring the sites to the Lebanese military, according to Prime Minister Benjamin Netanyahu, under a newly signed agreement after four days of talks in Washington.","Israel CONCEDE Lebanese military","COOPERATION","CONCEDE","0.5","Israel","Israel","Israel (83)","Lebanese military","Lebanese army","Lebanon (95)","United States","United States","USA (185)","southern Lebanon; Lebanese military","","Lebanon (95); Lebanon (95)","1",""
"fd522556c928","2026-06-26","Israeli forces dropped leaflets over the southern Lebanese town of Mansouri, ordering residents to evacuate. This action marks the first such order since the ceasefire between Israel and Hezbollah took effect, amid ongoing discussions in Washington regarding territorial handovers.","Israel and Lebanon have been holding talks in Washington that include discussions on a US-backed proposal for Israeli forces to hand some of the territory they occupied in their war with Hezbollah to Lebanon's military.","Israeli forces ACCUSE residents of Mansouri","CONFLICT","ACCUSE","-0.3","Israeli forces","Israeli military","Israel (83)","Residents of Mansouri","Residents of Mansouri","Lebanon (95)","Hezbollah","Hezbollah","Lebanon (95)","Mansouri","","Lebanon (95)","1",""
"8383592e9c2a","2026-06-25","Israeli forces conducted an airstrike on a car in the Nabatieh Governorate of Lebanon, resulting in the deaths of three individuals and injuring one. This attack occurred despite ongoing ceasefire negotiations between Israeli and Lebanese officials in Washington.","According to Lebanon’s Ministry of Public Health, three people were killed on Thursday, and one was wounded after the Israeli attack hit a car on the road between Zawtar and Mayfadoun in Nabatieh Governorate.","Israeli forces ASSAULT car occupants in Nabatieh Governorate, Lebanon","CONFLICT","ASSAULT","-0.9","Israeli forces","Israeli military","Israel (83)","Car occupants","Car occupants","Lebanon (95)","","","","Nabatieh Governorate","","Lebanon (95)","1",""
"f8f3f4db4697","2026-06-25","Israel stated that it will only withdraw its troops from southern Lebanon after Hezbollah is disarmed. This declaration was made during US-mediated talks in Washington, emphasizing that the withdrawal is contingent upon Hezbollah no longer being a threat.","""We will not withdraw our forces from southern Lebanon as long as Hezbollah remains a threat, are not disarmed and are not demilitarised,"" David Mencer, a government spokesman, said in a briefing to journalists.","Israel ACCUSE Hezbollah","CONFLICT","ACCUSE","-0.2","Israel","Israel","Israel (83)","Hezbollah","Hezbollah","Lebanon (95)","United States","United States","USA (185)","Washington; southern Lebanon","","USA (185); Lebanon (95)","1",""
"6256aa2139d8","2026-06-25","The Israeli army conducted a drone strike in southern Lebanon, resulting in the deaths of at least three individuals and wounding another. This incident occurred despite a declared ceasefire between Israel and Hezbollah, escalating tensions in the region. The Israeli army stated that the operation targeted five Hezbollah members who were deemed a threat to Israeli troops.","At least three people were killed and another was wounded in a drone strike by the Israeli army in southern Lebanon, Lebanese state media reported.","Israeli army ASSAULT Hezbollah","CONFLICT","ASSAULT","-0.9","Israeli army","Israeli military","Israel (83)","Hezbollah","Hezbollah","Lebanon (95)","","","","southern Lebanon","","Lebanon (95)","7",""
"57484f1641f4","2026-06-25","The Lebanese Ministry of Health reported that the death toll from Israeli attacks in Lebanon has risen to 4,243 killed and 12,186 injured since March 2, amid escalating regional tensions linked to the US-Iran ceasefire framework. This situation reflects ongoing violence and humanitarian concerns as calls for a ceasefire and military withdrawal from Israel continue.","According to the Lebanese Ministry of Health, the death toll from Israeli attacks since March 2 has now risen to 4,243 killed and 12,186 injured.","Israeli military ASSAULT Lebanese civilians","CONFLICT","ASSAULT","-0.9","Israeli military","Israeli military","Israel (83)","Lebanese civilians","Lebanese civilians","Lebanon (95)","United States; Iran","United States; Iran","USA (185); Iran (80)","Lebanon","","Lebanon (95)","3",""
"bfb359066592","2026-06-25","Israeli Defence Minister Israel Katz announced that Israel has no timetable for withdrawing its forces from Lebanon, Gaza, and Syria during a graduation ceremony at a military academy. This statement comes amid ongoing US-brokered talks between Israeli and Lebanese officials in Washington, and follows recent Israeli military airstrikes in Lebanon and troop deployments in the south in response to Hezbollah's involvement in the Middle East war.","""We must remain in the security zone in Lebanon, in Syria and in Gaza, and not for a limited time, in order to defend our residents and communities from there against jihadist elements,"" Defence Minister Israel Katz said at a graduation ceremony at a military academy.","Israel REQUEST Lebanese officials","CONFLICT","REQUEST","-0.2","Israel","Israel","Israel (83)","Lebanese officials","Lebanese authorities","Lebanon (95)","Hezbollah; United States","Hezbollah; United States","Lebanon (95); USA (185)","Military Academy; Lebanon; Gaza; Syria; Washington","","Israel (83); Lebanon (95); Palestine (195); Syria (169); USA (185)","1",""
"cff268a0dd2f","2026-06-25","Israeli Prime Minister Benjamin Netanyahu and Defense Minister Israel Katz announced that Israel will maintain a long-term military presence in southern Lebanon, reaffirming their commitment to security zones in Lebanon, Syria, and Gaza. This decision is aimed at safeguarding Israel's security and protecting border communities from threats posed by groups such as Hezbollah and Hamas.","Netanyahu said Israeli forces would remain in the security zone in southern Lebanon for as long as necessary to safeguard Israel’s security and ensure the safety of communities along its northern border.","Israel COOPERATE Lebanon, Syria, and Gaza","COOPERATION","COOPERATE","0.8","Israel","Israel","Israel (83)","Lebanon; Syria; Gaza","Lebanon; Syria; Gaza","Lebanon (95); Syria (169); Palestine (195)","Hezbollah; Hamas","Hezbollah; Hamas","Lebanon (95); Palestine (195)","southern Lebanon; Lebanon; Syria; Gaza","","Lebanon (95); Lebanon (95); Syria (169); Palestine (195)","1",""
"06e82bbda4b6","2026-06-25","Israeli Defence Minister Israel Katz announced that Israel has set no timetable for withdrawing its forces from Lebanon, Gaza, and Syria during a graduation ceremony at a military academy. This statement comes amid ongoing US-brokered talks between Israeli and Lebanese officials in Washington, and follows recent Israeli military actions, including airstrikes in Lebanon and troop deployments in the south.","We must remain in the security zone in Lebanon, in Syria, and in Gaza, and not for a limited time, in order to defend our residents and communities from there against jihadist elements.","Israel ACCUSE Lebanese authorities and Syria","CONFLICT","ACCUSE","-0.2","Israel","Israel","Israel (83)","Lebanese authorities; Syria","Lebanese authorities; Syria","Lebanon (95); Syria (169)","United States; Israeli Defense Minister Israel Katz","United States; Israel Defense Minister Israel Katz","USA (185); Israel (83)","Military academy; Lebanon; Gaza; Syria","","Israel (83); Lebanon (95); Palestine (195); Syria (169)","1",""
"153fdb7f33ba","2026-06-24","The Israeli military conducted an airstrike in southern Lebanon targeting a vehicle carrying suspected Hezbollah operatives. This action was taken after the vehicle crossed into the security zone established by Israel near the Ali al-Taher Ridge area, which was deemed a threat to Israeli Defense Forces (IDF) troops in the region.","The Israel Defense Forces (IDF) on Wednesday said a vehicle carrying suspects crossed into the 'security zone' established by Israel in southern Lebanon near the Ali al-Taher Ridge area and was deemed a threat to troops operating in the region.","Israeli military ASSAULT suspected Hezbollah operative","CONFLICT","ASSAULT","-0.9","Israeli military","Israeli military","Israel (83)","Suspected Hezbollah operative","Suspected Hezbollah operative","Lebanon (95)","","","","Southern Lebanon; Ali al-Taher Ridge area","","Lebanon (95); Lebanon (95)","1",""
"fbd0a23aeac5","2026-06-24","Israeli troops and aircraft conducted strikes against two armed Hezbollah terrorists near the Ali al-Taher Ridge in Southern Lebanon, identifying them as an immediate threat. This action was taken to prevent harm to Israeli civilians and IDF soldiers, as stated by the Israel Defense Forces.","Israeli troops and aircraft struck two armed Hezbollah terrorists near the Ali al-Taher Ridge in Southern Lebanon on Wednesday after identifying them as an immediate threat, according to the Israel Defense Forces.","Israeli troops and aircraft ASSAULT Hezbollah terrorists","CONFLICT","ASSAULT","-0.9","Israeli troops; Israeli aircraft","Israeli troops; Israeli aircraft","Israel (83); Israel (83)","Hezbollah terrorists","Hezbollah","Lebanon (95)","Israeli civilians; Israel Defense Forces; IDF soldiers","Israeli civilians; Israeli military; IDF soldiers","Israel (83); Israel (83); Israel (83)","Ali al-Taher Ridge, Southern Lebanon","","Lebanon (95)","1",""
"a74f3d3ab94c","2026-06-23","Israel is proposing a pilot program for a limited withdrawal of the Israel Defense Forces (IDF) from parts of southern Lebanon during US-mediated talks in Washington. The proposal aims to allow Lebanese forces to enter the area under American supervision, testing Lebanon's ability to assume security control while Israel retains strategic positions.","Israel is expected to propose a limited withdrawal from part of southern Lebanon during US-mediated talks in Washington, as Iran warned that renewed Israeli attacks in Beirut and southern Lebanon would cross Tehran’s 'red line.'","Israel REQUEST Lebanon","CONFLICT","REQUEST","-0.2","Israel","Israel","Israel (83)","Lebanon","Lebanon","Lebanon (95)","United States; Israel Defense Forces","United States; Israeli military","USA (185); Israel (83)","Washington; southern Lebanon","","USA (185); Lebanon (95)","1",""
"559518701673","2026-06-23","Israeli forces opened fire in Nabatieh al-Fawqa, southern Lebanon, killing two young men and wounding two others. This incident occurred despite an ongoing ceasefire and followed two days of relative calm, raising concerns about the stability of the truce brokered by the United States.","Israeli fire killed two young men and wounded two others in Nabatieh al-Fawqa in southern Lebanon on Tuesday, following two days of relative calm in the country amid a fragile truce, Lebanon's National News Agency (NNA) reported.","Israeli forces ASSAULT young men in Nabatieh al-Fawqa","CONFLICT","ASSAULT","-0.9","Israeli forces","Israeli military","Israel (83)","Young men in Nabatieh al-Fawqa","Individuals in Nabatieh al-Fawqa","Lebanon (95)","United States","United States","USA (185)","Nabatieh al-Fawqa","","Lebanon (95)","1",""
"fba74669dd14","2026-06-23","Israeli soldiers opened fire at a group of people in the al-Deir neighbourhood of Nabatieh al-Fawqa, southern Lebanon, resulting in the deaths of two individuals. This incident marks the first reported fatalities from Israeli fire in Lebanon in three days, occurring during a period of relative ceasefire between Hezbollah and Israeli forces.","Israeli gunfire killed two people in southern Lebanon on Tuesday (June 23, 2026), Lebanon’s Civil Defence and state media said, the first reported fatalities resulting from Israeli fire in Lebanon in three days.","Israeli soldiers ASSAULT group of people in al-Deir neighborhood, Nabatieh al-Fawqi, southern Lebanon","CONFLICT","ASSAULT","-0.9","Israeli soldiers","Israeli troops","Israel (83)","Group of people in al-Deir neighborhood","Group of people in al-Deir neighborhood","Lebanon (95)","Hezbollah; Israeli forces","Hezbollah; Israeli military","Lebanon (95); Israel (83)","al-Deir neighborhood, Nabatieh al-Fawqa, southern Lebanon","","Lebanon (95)","1",""
"9d3994db81e2","2026-06-23","Israeli troops killed two individuals in the town of Nabatieh al-Fawqa, southern Lebanon, during an incident involving alleged Hezbollah operatives. This event marks the first fatalities reported since the ceasefire was established, which is crucial for ongoing regional peace efforts involving Iran and the US.","Israeli troops have killed two people in southern Lebanon, in the first reported fatalities since Sunday.","Israeli troops ASSAULT Hezbollah operatives and individuals in Nabatieh al-Fawqa","CONFLICT","ASSAULT","-0.9","Israeli troops","Israeli troops","Israel (83)","Hezbollah operatives; Individuals in Nabatieh al-Fawqa","Hezbollah; Individuals in Nabatieh al-Fawqa","Lebanon (95); Lebanon (95)","Iran; United States","Iran; United States","Iran (80); USA (185)","Nabatieh al-Fawqa; Southern Lebanon","","Lebanon (95); Lebanon (95)","1",""
"14caf117d92e","2026-06-23","Israeli troops opened fire in southern Lebanon, resulting in the deaths of two individuals and injuries to two others. The incident occurred near the city of Nabatieh while the victims were near an excavator unblocking a road, amidst a fragile truce that had been in place for two days.","Two men were killed when Israeli soldiers 'opened fire with their machine-guns in their direction while they were standing near an excavator that was unblocking a road' in a town near the city of Nabatieh, Lebanon’s National News Agency (NNA) reported on Tuesday.","Israeli troops ASSAULT Civilians in southern Lebanon","CONFLICT","ASSAULT","-0.9","Israeli troops","Israeli troops","Israel (83)","Civilians in southern Lebanon","Lebanese civilians","Lebanon (95)","","","","Southern Lebanon; Near Nabatieh","","Lebanon (95); Lebanon (95)","1",""
"2c1caecd8a0c","2026-06-21","Lebanon's Culture Minister Ghassan Salame reported that several historic and cultural landmarks in southern Lebanon, including the UNESCO World Heritage Site in Tyre, were damaged during Israel's military campaign against Hezbollah. This assessment follows a ceasefire that took effect about a week prior, and it highlights the significant damage to archaeological and historic sites due to ongoing conflict.","Several historic and cultural landmarks across southern Lebanon have been damaged or destroyed during Israel’s nearly four-month military campaign against Hezbollah, according to Lebanon’s Culture Minister Ghassan Salame.","Israel ASSAULT Lebanon and Hezbollah","CONFLICT","ASSAULT","-0.9","Israel","Israel","Israel (83)","Lebanon; Hezbollah","Lebanon; Hezbollah","Lebanon (95); Lebanon (95)","","","","Southern Lebanon; Tyre","","Lebanon (95); Lebanon (95)","1",""
"37ab6d1c9d36","2026-06-21","The Israeli Defense Minister Israel Katz announced that Israeli troops would continue operating without restrictions in a security zone established in southern Lebanon, which extends roughly 10 kilometers into Lebanese territory. This decision is part of Israel's strategy to act against any threats encountered in Lebanon, and the military presence will remain indefinitely.","There has never been, and there is currently no restriction on IDF soldiers in Lebanon from acting to eliminate threats.","Israel Defense Minister Israel Katz MOBILIZE Lebanon","CONFLICT","MOBILIZE","-0.6","Israel Defense Minister Israel Katz","Israel Defense Minister Israel Katz","Israel (83)","Lebanon","Lebanon","Lebanon (95)","","","","southern Lebanon; Lebanese territory","","Lebanon (95); Lebanon (95)","1",""
"505182254795","2026-06-20","Israeli Prime Minister Benjamin Netanyahu reaffirmed Israel's commitment to maintaining its security and its strategic objectives while emphasizing the importance of the relationship with the United States. He stated that Israel would continue military operations against Hamas in Gaza and Hezbollah in Lebanon, asserting control over more than 60 percent of Gaza.","Netanyahu further said Israel would maintain its hold over areas it has secured and vowed to continue military operations against Hamas in Gaza and Hezbollah in Lebanon.","Benjamin Netanyahu AGREE Hamas and Hezbollah","COOPERATION","AGREE","0.5","Benjamin Netanyahu","Benjamin Netanyahu","Israel (83)","Hamas; Hezbollah","Hamas; Hezbollah","Palestine (195); Lebanon (95)","United States","United States","USA (185)","Gaza; Lebanon","","Palestine (195); Lebanon (95)","2",""
"838f734745ef","2026-06-20","Israeli air strikes in Barish, Tyre district, Lebanon, resulted in the deaths of at least 10 people. This military action occurred hours after a truce was supposed to take effect, with Israel stating it was responding to attacks from Hezbollah, which is backed by Iran.","Israeli strikes killed at least 10 people in Lebanon on Saturday, hours after a truce took effect, Israel saying it was reacting to attacks from Hezbollah and the Iran-backed group saying it would not allow Israel 'freedom of movement' in Lebanon.","Israel ASSAULT Hezbollah and Iran","CONFLICT","ASSAULT","-0.9","Israel","Israel","Israel (83)","Hezbollah; Iran","Hezbollah; Iran","Lebanon (95); Iran (80)","","","","Barish, Tyre district","","Lebanon (95)","1",""
"d504239db39c","2026-06-20","Israeli military forces conducted airstrikes in southern Lebanon, specifically targeting the city of Nabatiyeh and nearby villages, resulting in the deaths of at least 16 individuals, including two children. This action occurred shortly after reports of a ceasefire agreement, escalating tensions in the region and threatening ongoing diplomatic efforts to resolve the conflict between Israel and Hezbollah.","Israeli strikes on southern Lebanon on Saturday killed at least 16 people, including two children, hours after reports of a ceasefire agreement emerged.","Israeli military forces ASSAULT civilians in Nabatiyah","CONFLICT","ASSAULT","-0.9","Israeli military forces","Israeli military","Israel (83)","Civilians in Nabatiyah","Civilians in Nabatiyah","Lebanon (95)","Hezbollah","Hezbollah","Lebanon (95)","Nabatiyah; southern Lebanon","","Lebanon (95); Lebanon (95)","1",""
"5819cc255c65","2026-06-20","Israel conducted military operations in southern Lebanon and the Bekaa valley, resulting in fatalities and extensive property damage. The Lebanese army reported that five individuals were killed near the southern town of Nabatieh amidst ongoing fighting with Hezbollah.","The Lebanese army said in a post on X on Saturday that Israel had attacked the south of the country and the Bekaa valley, causing fatalities, injuries and extensive destruction of property. Lebanon’s state-run National News Agency said five people were killed around the southern town of Nabatieh.","Israel ASSAULT Lebanese civilians and the Lebanese army","CONFLICT","ASSAULT","-0.9","Israel","Israel","Israel (83)","Lebanese civilians; Lebanese army","Lebanese civilians; Lebanese army","Lebanon (95); Lebanon (95)","Hezbollah","Hezbollah","Lebanon (95)","southern Lebanon; Bekaa valley; Nabatieh","","Lebanon (95); Lebanon (95); Lebanon (95)","1",""
"3715572294ab","2026-06-19","Israeli Prime Minister Benjamin Netanyahu announced that Israeli forces will remain deployed in southern Lebanon indefinitely following the confirmation of four Israeli soldiers killed in the region. He warned Hezbollah of severe consequences for any attacks and stated that Israeli operations would continue to protect northern Israeli communities.","Prime Minister Benjamin Netanyahu said Israeli forces will remain deployed in southern Lebanon for an indefinite period, warning that Hezbollah would face severe consequences for launching attacks.","Israeli forces THREATEN Hezbollah","CONFLICT","THREATEN","-0.6","Israeli forces","Israeli military","Israel (83)","Hezbollah","Hezbollah","Lebanon (95)","Benjamin Netanyahu; Israeli soldiers","Benjamin Netanyahu; Israeli troops","Israel (83); Israel (83)","southern Lebanon; northern Israeli communities","","Lebanon (95); Israel (83)","2",""
"b4443c5577a5","2026-06-19","Israeli airstrikes targeted southern Lebanon and the Bekaa Valley, resulting in the deaths of 16 individuals shortly after a ceasefire was announced. Israel stated the strikes were a response to over 50 projectiles fired by Hezbollah at Israeli forces, asserting its military operations in Lebanon are not part of a temporary U.S.-Iran agreement.","Israeli airstrikes in Lebanon killed 16 people shortly after a truce was announced.","Israeli airstrikes ASSAULT Lebanese civilians","CONFLICT","ASSAULT","-0.9","Israeli airstrikes","Israeli airstrikes","Israel (83)","Lebanese civilians","Lebanese civilians","Lebanon (95)","Hezbollah; United States; Iran","Hezbollah; United States; Iran","Lebanon (95); USA (185); Iran (80)","Southern Lebanon; Bekaa Valley","","Lebanon (95); Lebanon (95)","1",""
"d53771bcc40c","2026-06-19","An Israeli airstrike targeted the area of Jezzine in southern Lebanon shortly after a ceasefire agreement was announced between Israel and Hezbollah. The ceasefire, which began at 4 PM local time, was brokered by US and Qatari mediators following discussions with Israel and Iran.","Lebanese state media reported an Israeli airstrike on the country's south on Friday, soon after a US official said Israel and Hezbollah had agreed on a ceasefire on Friday.","Israeli airstrike ASSAULT Lebanese civilians in Jeddine","CONFLICT","ASSAULT","-0.9","Israeli airstrike","Israeli airstrikes","Israel (83)","Lebanese civilians in Jeddine","Lebanese civilians in Jeddine","Lebanon (95)","Hezbollah; United States; Qatar; Iran","Hezbollah; United States; Qatar; Iran","Lebanon (95); USA (185); Qatar (139); Iran (80)","Jeddine; southern Lebanon","","Lebanon (95); Lebanon (95)","1",""
"c22ab4a16b8b","2026-06-19","Israeli forces conducted airstrikes on the port city of Tyre in southern Lebanon, resulting in significant destruction of buildings. This military action is part of ongoing tensions in the region and has implications for US-Iran negotiations.","Rubble from buildings destroyed in Israeli strikes on port city of Tyre in southern Lebanon, June 19, 2026 (Hassan Ammar/AP)","Israeli forces ASSAULT Port city of Tyre","CONFLICT","ASSAULT","-0.9","Israeli forces","Israeli military","Israel (83)","Port city of Tyre","Port city of Tyre","Lebanon (95)","United States; Iran","United States; Iran","USA (185); Iran (80)","Tyre","","Lebanon (95)","1",""
"b746377e3ff2","2026-06-19","Israeli warplanes and drones conducted airstrikes across southern and eastern Lebanon, targeting areas including Baalbek, Touline, Borj Qallaway, Jabal al-Rafih, and the Litani River basin. This military action resulted in five injuries from an airstrike near Baalbek and followed earlier strikes that killed 28 people, marking a significant escalation in response to tensions related to a US-Iran memorandum of understanding.","Meanwhile, Israeli warplanes and drones carried out a new wave of strikes across southern and eastern Lebanon on Friday, according to Lebanon's state-run National News Agency. An airstrike near the eastern city of Baalbek wounded five people, while additional attacks targeted areas including Touline, Borj Qallaway, Jabal al-Rafih and parts of the Litani River basin and Tyre region.","Israeli warplanes and drones ASSAULT Lebanese civilians","CONFLICT","ASSAULT","-0.9","Israeli warplanes; Israeli drones","Israeli warplanes; Israeli drone strike","Israel (83); Israel (83)","Lebanese civilians","Lebanese civilians","Lebanon (95)","United States; Iran","United States; Iran","USA (185); Iran (80)","southern Lebanon; eastern Lebanon; Baalbek; Touline; Bourj Qallaway; Jabal al-Rafahi; Litani River basin","","Lebanon (95); Lebanon (95); Lebanon (95); Lebanon (95); Lebanon (95); Lebanon (95); Lebanon (95)","2",""
"cbf4b9399b5a","2026-06-19","Prime Minister Benjamin Netanyahu of Israel is likely to continue military operations against Hezbollah in Lebanon, despite a ceasefire deal signed on June 17 between the United States and Iran that calls for a halt to fighting. This decision is influenced by domestic pressure in Israel due to ongoing attacks from Hezbollah on northern Israel, which Israel considers a critical threat.","Prime Minister Benjamin Netanyahu of Israel is likely to continue military action against Hezbollah, despite the ceasefire deal between the United States and Iran that specifically calls for a halt to fighting in Lebanon, according to a recent US intelligence report, American officials said.","Prime Minister Benjamin Netanyahu of Israel ASSAULT Hezbollah","CONFLICT","ASSAULT","-0.9","Prime Minister Benjamin Netanyahu","Benjamin Netanyahu","Israel (83)","Hezbollah","Hezbollah","Lebanon (95)","United States; Iran","United States; Iran","USA (185); Iran (80)","Lebanon; northern Israel","","Lebanon (95); Israel (83)","1",""
"9bd89996ae9e","2026-06-19","Fighting escalated sharply between Israel and Hezbollah in south Lebanon, resulting in the deaths of four Israeli soldiers due to an attack by Hezbollah. Concurrently, Israeli airstrikes killed at least 18 people in Lebanon, with significant casualties reported in the village of Harouf, where seven individuals were confirmed dead and many more were believed to be trapped under rubble.","Fighting ​escalated sharply between Israel and Hezbollah in south Lebanon overnight, with four Israeli soldiers killed in one of the deadliest attacks by the Iran-backed group during this war, and at least 18 people reported killed in Israeli strikes.","Israel ASSAULT Hezbollah and Lebanese civilians","CONFLICT","ASSAULT","-0.9","Israel","Israel","Israel (83)","Hezbollah; Lebanese civilians","Hezbollah; Lebanese civilians","Lebanon (95); Lebanon (95)","","","","South Lebanon; Hararit; Lebanon","","Lebanon (95); Lebanon (95); Lebanon (95)","5",""
"442728c72cae","2026-06-19","The Israeli Air Force conducted airstrikes against Hezbollah infrastructure in the Bekaa Valley, Lebanon, in response to repeated violations of a ceasefire by Hezbollah. This action followed a recent drone strike attributed to Hezbollah that resulted in the death of an IDF tank battalion commander and three other soldiers.","The Air Force struck a short time ago at Hezbollah terrorist organization infrastructure in the Bekaa Valley, this in response to repeated violations of the ceasefire by the Hezbollah terrorist organization, which continues to advance and carry out terror plots against IDF forces.","Israeli Air Force ASSAULT Hezbollah","CONFLICT","ASSAULT","-0.9","Israeli Air Force","Israeli Air Force","Israel (83)","Hezbollah","Hezbollah","Lebanon (95)","","","","Bekaaouni","","Lebanon (95)","1",""
"e7390cfc22e6","2026-06-18","An Israeli drone strike targeted a car in southern Lebanon, resulting in one death and another person critically injured. This incident occurred despite the ongoing understanding between the US and Iran regarding negotiations.","One person was killed and another critically injured Thursday in an Israeli drone strike targeting a car in southern Lebanon, despite the US-Iran understanding, according to Lebanese state media.","Israeli drone strike ASSAULTED a car in southern Lebanon","CONFLICT","ASSAULT","-0.9","Israeli drone strike","Israeli drone strike","Israel (83)","Car in southern Lebanon","Car in southern Lebanon","Lebanon (95)","US; Iran","US; Iran","USA (185); Iran (80)","southern Lebanon","","Lebanon (95)","1",""
"005486399ecd","2026-06-18","Fighting escalated between Israel and Hezbollah in south Lebanon, resulting in the deaths of more than 18 individuals due to Israeli strikes and four Israeli soldiers killed in a Hezbollah attack. Israeli Prime Minister Binyamin Netanyahu vowed to impose severe consequences on Hezbollah for the soldiers' deaths.","Fighting escalated sharply between Israel and Hezbollah in south Lebanon overnight, with more than 18 people reported killed in Israeli strikes and four Israeli soldiers killed in one of the deadliest attacks by the Iran-backed group during this war.","Israel and Hezbollah THREATEN each other","CONFLICT","THREATEN","-0.6","Israel; Hezbollah","Israel; Hezbollah","Israel (83); Lebanon (95)","Israel; Hezbollah","Israel; Hezbollah","Israel (83); Lebanon (95)","Binyamin Netanyahu","Benjamin Netanyahu","Israel (83)","South Lebanon","","Lebanon (95)","1",""
"fd15567b37de","2026-06-18","Israeli Prime Minister Benjamin Netanyahu announced that Israel will not withdraw its military presence from southern Lebanon, despite ongoing Israeli airstrikes and increasing civilian casualties. This statement comes amid a backdrop of a newly signed US–Iran peace framework aimed at reducing regional hostilities.","Netanyahu has made it clear that Israel will not withdraw from southern Lebanon, even as Israeli strikes continue to intensify and civilian casualties climb sharply.","Benjamin Netanyahu REJECT Lebanon","CONFLICT","REJECT","-0.3","Benjamin Netanyahu","Benjamin Netanyahu","Israel (83)","Lebanon","Lebanon","Lebanon (95)","United States; Iran","United States; Iran","USA (185); Iran (80)","southern Lebanon","","Lebanon (95)","1",""
"c3fc3564c380","2026-06-18","Israeli Prime Minister Benjamin Netanyahu announced that Israel would impose a heavy price on Hezbollah following an attack in southern Lebanon that resulted in the deaths of four Israeli soldiers and injuries to several others. In response, Netanyahu instructed the Israel Defense Forces (IDF) to conduct extensive retaliatory operations, which included strikes on over 80 Hezbollah-linked targets and attacks on Hezbollah command centers in Lebanon's Beqaa Valley.","Netanyahu said Israel would not tolerate attacks on its military personnel or its territory and had already ordered a forceful response.","Israel Defense Forces ASSAULT Hezbollah","CONFLICT","ASSAULT","-0.9","Israel Defense Forces","Israeli military","Israel (83)","Hezbollah","Hezbollah","Lebanon (95)","","","","southern Lebanon; Beqaa Valley","","Lebanon (95); Lebanon (95)","34",""
"31d60ad2d503","2026-06-18","Fares Saeb, the Deputy Chief of Mission at the Embassy of Israel in India, expressed Israel's concerns regarding Hezbollah and Iran's nuclear program during a conversation in Mumbai. He emphasized that Israel will not accept Iran's nuclear program and the financing of Iranian proxies, stating that negotiations between the US and Iran over a ceasefire and future agreement are crucial for addressing these concerns.","Saeb, in a conversation with ANI, said that Israel will not accept Iran's nuclear program and financing of Iranian proxies against Israel.","Fares Saeb ACCUSE Hezbollah and Iran","CONFLICT","ACCUSE","-0.3","Fares Saeb","Fares Saeb","Israel (83)","Hezbollah; Iran","Hezbollah; Iran","Lebanon (95); Iran (80)","United States; Iranian proxies","United States; Iranian proxies","USA (185)","Mumbai","","India (78)","1",""
"ff1585ba7bc7","2026-06-18","Israel published a map indicating an expanded military control zone in southern Lebanon and stated it would not rule out conducting attacks beyond this zone. This action challenges the terms of a recent U.S.-Iran pact that emphasizes the respect for Lebanon's sovereignty.","Israel published a map on Thursday showing an expanded military control zone in southern Lebanon and said it would not rule out carrying out attacks beyond it, challenging the terms of a U.S.-Iran pact that calls for Lebanon’s sovereignty to be respected.","Israel ACCUSE Lebanon","CONFLICT","ACCUSE","-0.3","Israel","Israel","Israel (83)","Lebanon","Lebanon","Lebanon (95)","United States; Iran","United States; Iran","USA (185); Iran (80)","southern Lebanon; Lebanon","","Lebanon (95); Lebanon (95)","1",""
"83508d64f141","2026-06-15","An Israeli drone strike targeted a vehicle in the southern Lebanese town of Kfar Tebnit, resulting in the death of one individual. This incident occurred following the announcement of a US-Iran deal aimed at ending the wider conflict, which had previously led to significant casualties and displacement in Lebanon.","An Israeli drone strike on a car in the southern Lebanese town of Kfar Tebnit killed the driver, a Lebanese security source and Lebanese state media said.","Israeli drone strike ASSAULTED a vehicle and individual in Kfar Tebrit, Lebanon.","CONFLICT","ASSAULT","-0.9","Israeli drone strike","Israeli drone strike","Israel (83)","Vehicle in Kfar Tebnit; Individual killed in Kfar Tebnit","Vehicle in Kfar Tebnit; Individual killed in Kfar Tebnit","Lebanon (95); Lebanon (95)","United States; Iran","United States; Iran","USA (185); Iran (80)","Kfar Tebnit","","Lebanon (95)","1",""
"5a7fd8b1b1e6","2026-06-15","The Israeli Air Force intercepted numerous rockets launched by Hezbollah at Israeli troops in southern Lebanon. This action is part of ongoing hostilities that threaten the peace process between the United States and Iran, as Iranian leaders insist on a cessation of hostilities as a condition for any agreement.","The Israeli Air Force reported on Monday that it intercepted numerous Hezbollah rockets launched at Israeli troops in southern Lebanon.","Israeli Air Force ASSAULT Hezbollah and Iranian leaders","CONFLICT","ASSAULT","-0.9","Israeli Air Force","Israeli Air Force","Israel (83)","Hezbollah; Iranian leaders","Hezbollah; Iranian leaders","Lebanon (95); Iran (80)","United States","United States","USA (185)","southern Lebanon","","Lebanon (95)","1",""
"2525ce3eebc7","2026-06-15","Israel's Defense Minister Israel Katz announced that Israel will not withdraw from territories it occupies in Lebanon, Syria, and the Gaza Strip, stating that the country plans to remain 'indefinitely' in these areas. This statement follows the announcement of an interim deal between Iran and the United States, with plans for a signing meeting in Geneva on June 19.","Israel Katz’s remarks were the first official Israeli comments after the announcement of the interim deal. Katz said Israel plans to stay 'indefinitely' in lands it holds in Lebanon, as well as Syria and the Gaza Strip.","Israel ACCUSE Lebanon, Syria, and Palestine","CONFLICT","ACCUSE","-0.3","Israel","Israel","Israel (83)","Lebanon; Syria; Palestine","Lebanon; Syria; Palestinians","Lebanon (95); Syria (169); Palestine (195)","Iran; United States","Iran; United States","Iran (80); USA (185)","Lebanon; Syria; Gaza Strip","","Lebanon (95); Syria (169); Palestine (195)","1",""
"678a4051f405","2026-06-15","Israeli leaders, including Defence Minister Israel Katz and Prime Minister Benjamin Netanyahu, announced that Israel will not withdraw its military forces from occupied areas in southern Lebanon, Gaza, and Syria. This decision comes in response to pressures related to a US-Iran agreement aimed at ending the war, with Israel insisting on maintaining its military presence indefinitely to protect its security interests.","Israeli Defence Minister Israel Katz said on Monday that the military would not withdraw from Lebanon 'despite all current and future pressure', adding that Israel would respond forcefully if Iran attacked Israel over developments in Lebanon.","Israel REJECT Lebanon","CONFLICT","REJECT","-0.3","Israel","Israel","Israel (83)","Lebanon","Lebanon","Lebanon (95)","United States; Iran","United States; Iran","USA (185); Iran (80)","southern Lebanon; Gaza; Syria","","Lebanon (95); Palestine (195); Syria (169)","1",""
"fd9db184cbc6","2026-06-15","Israeli Prime Minister Benjamin Netanyahu announced that Israel will continue its military occupation of Lebanese territory, specifically the 570 square kilometers it occupies, despite a ceasefire agreement being announced between the United States and Iran. This statement was made during a press conference in Israel, emphasizing the country's commitment to remain in the Lebanon security buffer zone.","“We will stay in the Lebanon security buffer zone for as long as necessary,” Netanyahu told reporters.","Israel MOBILIZE Lebanon","CONFLICT","MOBILIZE","-0.6","Israel","Israel","Israel (83)","Lebanon","Lebanon","Lebanon (95)","United States; Iran","United States; Iran","USA (185); Iran (80)","Lebanon","","Lebanon (95)","1",""
"eb825f78d2c5","2026-06-14","Israel conducted an airstrike on the Dahieh district in Beirut, Lebanon, targeting what it claimed was a Hezbollah headquarters. This attack resulted in multiple casualties among Lebanese citizens and was condemned by Iran's Foreign Ministry as a violation of Lebanon's sovereignty and the ceasefire agreement.","Iran's Foreign Ministry on Sunday strongly condemned Israel's attack on the Dahieh district, south of the Lebanese capital Beirut, earlier in the day.","Israel ACCUSE Hezbollah and Lebanese citizens","CONFLICT","ACCUSE","-0.8","Israel","Israel","Israel (83)","Hezbollah; Lebanese citizens","Hezbollah; Lebanese","Lebanon (95); Lebanon (95)","Iranian Foreign Ministry; Lebanon","Iranian Foreign Ministry; Lebanon","Iran (80); Lebanon (95)","Dahieh district, Beirut; Beirut","","Lebanon (95); Lebanon (95)","1",""
"844ed0eb593f","2026-06-14","Israel conducted military strikes on Beirut, Lebanon, which prompted a strong rebuke from U.S. President Donald Trump towards Israeli Prime Minister Benjamin Netanyahu regarding the timing of the action. This strike has escalated tensions in the region, with Iran threatening a retaliatory response and rejecting U.S. offers for restraint.","Israel launched fresh strikes on Beirut, a move that immediately drew a furious private rebuke from U.S. President Donald Trump and a hardened threat of retaliation from Iran, pushing a fragile regional ceasefire framework to its most precarious point yet.","Israel ASSAULT Lebanon","CONFLICT","ASSAULT","-0.9","Israel","Israel","Israel (83)","Lebanon","Lebanon","Lebanon (95)","Donald Trump; Benjamin Netanyahu; Iran","Donald Trump; Benjamin Netanyahu; Iran","USA (185); Israel (83); Iran (80)","Beirut","","Lebanon (95)","1",""
"053e45bb61dd","2026-06-14","Israeli warplanes conducted airstrikes in the Dahiyeh area of Beirut, Lebanon, targeting a site linked to Hezbollah. This action was taken following calls from Israeli National Security Minister Itamar Ben-Gvir and Finance Minister Bezalel Smotrich for airstrikes after two Hezbollah drone attacks in northern Israel, despite an existing ceasefire since April 17.","The Israeli military said in a statement that the strikes were directed at a site linked to Hezbollah in the area.","Israeli warplanes ASSAULT Hezbollah","CONFLICT","ASSAULT","-0.9","Israeli warplanes","Israeli warplanes","Israel (83)","Hezbollah","Hezbollah","Lebanon (95)","Israeli National Security Minister Itamar Ben-Gvi; Israeli Finance Minister Bezaliel Smotrich","Israeli Minister Itamar Ben Cvir; Israeli Finance Minister Bezaliel Smotrich","Israel (83); Israel (83)","Dahiyeh, Beirut; Beirut","","Lebanon (95); Lebanon (95)","2",""
"01611fe0a15f","2026-06-14","An Israeli airstrike targeted the southern suburbs of Beirut, Lebanon, which is a stronghold of the Iran-backed Hezbollah movement. This military action prompted sharp reactions from Tehran and complicated ongoing diplomatic efforts by the United States to finalize an agreement with Iran aimed at resolving regional conflicts.","Efforts by the United States to secure a breakthrough agreement with Iran faced renewed uncertainty on Sunday after an Israeli airstrike in Beirut triggered sharp reactions from Tehran and threatened to derail months of diplomatic engagement.","Israeli airforce ASSAULT Hezbollah movement","CONFLICT","ASSAULT","-0.9","Israeli airforce","Israeli Air Force","Israel (83)","Hezbollah movement","Hezbollah movement","Lebanon (95)","Tehran; United States","Tehran; United States","Iran (80); USA (185)","Southern suburbs of Beirut","","Lebanon (95)","1",""
"b423ba7a429d","2026-06-14","Israel conducted an airstrike in the southern suburbs of Beirut, Lebanon, resulting in the deaths of three individuals. The airstrike was reportedly in response to projectiles from Hezbollah. US President Donald Trump called for restraint from all parties involved, emphasizing the need to avoid further military escalation and warning that such actions could jeopardize ongoing peace negotiations in the region.","US President Donald Trump on Sunday called for restraint from all sides after Israel carried out an airstrike in Beirut’s southern suburbs, warning that any further escalation could undermine ongoing efforts to secure a wider peace agreement in the region.","Israel ASSAULT Hezbollah and civilians in southern Beirut","CONFLICT","ASSAULT","-0.9","Israel","Israel","Israel (83)","Hezbollah; Civilians in southern Beirut","Hezbollah; Lebanese civilians","Lebanon (95); Lebanon (95)","Donald Trump","Donald Trump","USA (185)","Southern suburbs of Beirut","","Lebanon (95)","28",""
"a8ad32c6befd","2026-06-13","An Israeli airstrike targeted the southern suburbs of Beirut, Lebanon, amid escalating tensions with Hezbollah. This military action occurred as the United States and Iran were reportedly close to finalizing a preliminary peace agreement to resolve their ongoing conflict. U.S. President Donald Trump called for de-escalation and urged all regional parties to halt offensive operations to avoid jeopardizing the diplomatic negotiations.","U.S. President Donald Trump called for regional de-escalation Sunday morning after an Israeli airstrike hit the southern suburbs of Beirut.","Israeli airstrike ASSAULT Hezbollah","CONFLICT","ASSAULT","-0.9","Israeli airstrike","Israeli airstrikes","Israel (83)","Hezbollah","Hezbollah","Lebanon (95)","United States; Iran; Donald Trump","United States; Iran; Donald Trump","USA (185); Iran (80); USA (185)","Southern suburbs of Beirut","","Lebanon (95)","1",""
"793737cceb01","2026-06-12","The Israeli army conducted military operations in southern Lebanon, continuing bombings despite a ceasefire announced in April 2026 under American mediation. The Lebanese government condemned these actions, citing repeated attacks and destruction of homes, while Israel justified its operations as necessary to prevent Hezbollah from reorganizing in the region.","In southern Lebanon, Israeli bombings continue despite the ceasefire announced in April under American mediation.","Israeli army ACCUSE Lebanese government","CONFLICT","ACCUSE","-0.3","Israeli army","Israeli military","Israel (83)","Lebanese government","Lebanese government","Lebanon (95)","Hezbollah; United States","Hezbollah; United States","Lebanon (95); USA (185)","southern Lebanon","","Lebanon (95)","1",""
"a4f5e028795e","2026-06-10","An Israeli airstrike targeted a vehicle in central Sidon, Lebanon, marking a rare military action in the largest city of southern Lebanon. The strike occurred amidst ongoing military operations by Israel in the region, with emergency responders arriving to assist those affected.","An Israeli airstrike hit a vehicle in central Sidon on Wednesday, Lebanese state media reported, marking a rare strike on the largest city in southern Lebanon as Israel continued military operations across the country’s south.","Israeli airstrike ASSAULTED vehicle in central Sidon, Lebanon","CONFLICT","ASSAULT","-0.9","Israeli airstrike","Israeli airstrikes","Israel (83)","Vehicle in central Sidon","Vehicle in central Sidon","Lebanon (95)","","","","Sidon","","Lebanon (95)","1",""
"f44cec0bb1d6","2026-06-09","Israeli forces conducted a series of airstrikes and drone attacks across southern Lebanon, resulting in the deaths of at least 16 individuals and injuring dozens more. The most significant attack occurred in the city of Tyre, where eight people were killed and 32 were wounded. Additional strikes in the Nabatieh region and other areas also contributed to the casualties.","At least 16 people were killed and dozens injured in a wave of Israeli airstrikes and drone attacks across southern Lebanon on Tuesday, according to Lebanon's sources, underscoring the continuing volatility along the Lebanese-Israeli border.","Israeli forces ASSAULT Civilians in southern Lebanon","CONFLICT","ASSAULT","-0.9","Israeli forces","Israeli military","Israel (83)","Civilians in southern Lebanon","Lebanese civilians","Lebanon (95)","","","","Southern Lebanon; Tyre; Nabatieh region","","Lebanon (95); Lebanon (95); Lebanon (95)","6",""
"a97ce29cf722","2026-06-09","Israeli airstrikes targeted the city of Tyre in Lebanon, resulting in the deaths of eight individuals, as reported by Lebanon’s health ministry. This military action followed the IDF's unprecedented call for residents to evacuate the entire coastal city and surrounding areas.","Meanwhile, Israeli strikes killed eight people in Tyre after the military issued its first-ever call for residents to flee the entire coastal city and environs, according to Lebanon’s health ministry.","Israeli airstrikes ASSAULT residents of Tyre","CONFLICT","ASSAULT","-0.9","Israeli airstrikes","Israeli airstrikes","Israel (83)","Residents of Tyre","Residents of Tyre","Lebanon (95)","","","","Tyre","","Lebanon (95)","1",""
"681f6416d5be","2026-06-09","The Israeli Air Force conducted an airstrike on Hezbollah targets in the Dahiyeh area of Beirut, Lebanon, in response to a prior attack by Hezbollah on Israeli territory. This action was announced by Israeli Prime Minister Benjamin Netanyahu and Defense Minister Israel Katz.","The Israeli military struck Hezbollah terror facilities in the Dahiyeh area of Beirut in response to Hezbollah's attack on Israeli territory.","Israeli Air Force ASSAULT Hezbollah","CONFLICT","ASSAULT","-0.9","Israeli Air Force","Israeli Air Force","Israel (83)","Hezbollah","Hezbollah","Lebanon (95)","","","","Dahiyeh, Beirut","","Lebanon (95)","1",""
"5d60a3d3f157","2026-06-09","The Israeli military conducted an airstrike on the outskirts of Tyre, Lebanon, resulting in the deaths of at least eight individuals and injuring 32 others, despite an ongoing ceasefire agreement. Following the attack, the Israeli military issued an evacuation order for the entire city, indicating potential for a wider offensive.","Several people were killed in an Israeli attack on the outskirts of the southern Lebanese coastal city of Tyre on Tuesday despite an ongoing ceasefire agreement.","Israeli military ASSAULT Civilians in Tyre","CONFLICT","ASSAULT","-0.9","Israeli military","Israeli military","Israel (83)","Civilians in Tyre","Civilians in Tyre","Lebanon (95)","","","","Tyre","","Lebanon (95)","2",""
"bd03ddaf5c3c","2026-06-08","Israel and Iran engaged in missile attacks early in the morning, following a series of escalations that began over the weekend. The conflict was triggered by Hezbollah's drone and rocket attacks on northern Israel, which prompted Israel to retaliate against Hezbollah targets in Beirut, leading to Iran launching missiles at Israel in defense of its proxy.","The strikes began over the weekend after the Iranian proxy terror group, Hezbollah, based in Lebanon, targeted northern Israel with drones and rockets, followed by Israel retaliating by striking a Hezbollah target in the Lebanese capital, Beirut. Iran then came to the defense of its proxy by launching a barrage of missiles at Israel.","Israel and Iran ASSAULT Hezbollah","CONFLICT","ASSAULT","-0.9","Israel; Iran","Israel; Iran","Israel (83); Iran (80)","Hezbollah","Hezbollah","Lebanon (95)","","","","Israel; Iran; Beirut; Northern Israel","","Israel (83); Iran (80); Lebanon (95); Israel (83)","1",""
"c588b2a257f7","2026-06-08","Israeli airstrikes targeted locations in southern Lebanon, specifically near the archaeological site of the Roman baths in Tyre, resulting in the deaths of at least 14 individuals, as reported by the Lebanese health ministry. The strikes occurred amid escalating tensions following threats from Iran to retaliate against Israel for its continued military actions.","Israeli strikes on south Lebanon killed at least 14 people on June 8, the Lebanese health ministry said, including seven after Iran threatened to attack Israel again if it continued bombing the country.","Israeli airstrikes ASSAULT Lebanese civilians","CONFLICT","ASSAULT","-0.9","Israeli airstrikes","Israeli airstrikes","Israel (83)","Lebanese civilians","Lebanese civilians","Lebanon (95)","Iran; Israel","Iran; Israel","Iran (80); Israel (83)","Southern Lebanon; Tyr","","Lebanon (95); Lebanon (95)","1",""
"bf4439ab729a","2026-06-08","Israeli Defence Minister Israel Katz announced that Israel would continue military operations against Hezbollah in Lebanon and would target Beirut if Hezbollah attacked Israeli territory. This statement was made in response to recent escalations between Iran and Israel, emphasizing that any attack on northern Israeli communities would result in retaliation against Hezbollah's stronghold in Dahiyeh, Beirut.","Israeli Defence Minister Israel Katz on Monday warned that Israel would continue military operations against Hezbollah in Lebanon and would strike Beirut if the group carried out any attacks on Israeli territory.","Israel THREATEN Hezbollah","CONFLICT","THREATEN","-0.6","Israel","Israel","Israel (83)","Hezbollah","Hezbollah","Lebanon (95)","Iran","Iran","Iran (80)","Lebanon; Beirut; Dahiyeh","","Lebanon (95); Lebanon (95); Lebanon (95)","2",""
"2e94f6f3545b","2026-06-08","Israeli airstrikes in southern Lebanon resulted in the deaths of at least 14 individuals, as reported by the Lebanese health ministry. The strikes included an attack on the city of Tyre, which killed five people and wounded eight, including four Red Cross paramedics, and another strike in Marwanieh that killed two, including a child, and wounded ten. This escalation occurred amidst ongoing tensions following Iranian threats to retaliate against Israel for its actions in Lebanon.","Israeli strikes on south Lebanon killed at least 14 people on Monday, the Lebanese health ministry said, including seven after Iran threatened to attack Israel again if it continued bombing the country.","Israeli militants ASSAULT Lebanese civilians","CONFLICT","ASSAULT","-0.9","Israeli militants","Israeli militants","Israel (83)","Lebanese civilians","Lebanese civilians","Lebanon (95)","Red Cross","Red Cross","International Red Cross and Red Crescent Movement","southern Lebanon; Tyre; Marjayah","","Lebanon (95); Lebanon (95); Lebanon (95)","25",""
"5b9db5d908d6","2026-06-08","An Israeli airstrike targeted a car in the city of Tyre, southern Lebanon, resulting in the deaths of five individuals and injuries to eight others, including four Red Cross paramedics. This action occurred amidst ongoing tensions between Israel and Hezbollah, with Israel reaffirming its commitment to continue operations against Hezbollah despite threats from Iran.","""An Israeli enemy raid on the city of Tyre, near the Red Cross centre, resulted in 5 martyrs and 8 wounded, four of whom were Red Cross paramedics,"" the Lebanese health ministry said in a statement.","Israeli Air Force ASSAULT Civilians in Tyre and Red Cross paramedics","CONFLICT","ASSAULT","-0.9","Israeli Air Force","Israeli Air Force","Israel (83)","Civilians in Tyre; Red Cross paramedics","Civilians in Tyre; Red Cross paramedics","Lebanon (95)","Hezbollah; Iran","Hezbollah; Iran","Lebanon (95); Iran (80)","Tyre","","Lebanon (95)","1",""
"6780f08ff89a","2026-06-08","Israel conducted airstrikes on petrochemical facilities in Mahshahr, Iran, which are believed to produce materials for ballistic missile development, and targeted Hezbollah positions in Beirut's southern suburbs. In retaliation, Iran attacked two Israeli military bases. This exchange of attacks marks the first significant military engagement since a ceasefire agreement was established in April.","Israel said it struck petrochemical facilities in Mahshahr that produce 'unique materials that serve as critical components for the development of ballistic missiles.'","Israel and Iran ASSAULT Hezbollah and Israeli military bases","CONFLICT","ASSAULT","-0.9","Israel; Iran","Israel; Iran","Israel (83); Iran (80)","Hezbollah; Israeli military bases","Hezbollah; Israeli military bases","Lebanon (95); Israel (83)","","","","Mahshahr; Beirut's southern suburbs","","Iran (80); Lebanon (95)","1",""
"e02ad37f892d","2026-06-08","An Israeli drone strike injured three individuals, including two rescue workers, in the town of Sharqiyeh, southern Lebanon, while they were assisting a wounded person. This incident was described as a 'double-tap' attack by Lebanon's Civil Defence agency.","Lebanon’s Civil Defence agency said three people, including two rescue workers, were injured in an Israeli attack on the town of Sharqiyeh in southern Lebanon.","Israel ASSAULT Lebanon's Civil Defense agency and rescue workers","CONFLICT","ASSAULT","-0.9","Israel","Israel","Israel (83)","Lebanon's Civil Defense agency; Lebanon's rescue workers","Civil defense center in southern Lebanon; Civil defense rescuers in southern Lebanon","Lebanon (95); Lebanon (95)","Wounded individual","Wounded individual","Unknown","Sharqiyeh","","Lebanon (95)","1",""
"a507f180edee","2026-06-08","Israeli Defence Minister Yoav Katz issued a warning that any assault on Israel by Hezbollah would lead to retaliatory strikes by the Israel Defence Forces (IDF) in Beirut. This statement was made amid heightened tensions and increased skirmishes along the Israel-Lebanon border, emphasizing Israel's preparedness to respond to aggression.","Katz underscored that Israel remains vigilant and prepared to respond decisively to any aggression. He expressed confidence in the IDF's capabilities to protect the nation’s sovereignty, stating, 'We will not allow any attack to go unanswered.'","Yoav Katz THREATEN Hezbollah","CONFLICT","THREATEN","-0.6","Yoav Katz","Yoav Katz","Israel (83)","Hezbollah","Hezbollah","Lebanon (95)","Israel Defense Forces (IDF)","Israel Defense Forces (IDF)","Israel (83)","Beirut; Israel-Lebanon border","","Lebanon (95)","1",""
"37ef25ea4f70","2026-06-07","Israel conducted airstrikes on the Lebanese capital, Beirut, in response to rocket fire from Hezbollah militants targeting northern Israel. This escalation prompted Iran to launch missiles at Israel, leading to a series of exchanges that threatened to escalate into a broader conflict in the region.","The Israeli strikes came after Hezbollah militants' rockets hit northern Israel. The fracas escalated to exchanges of missiles and airstrikes that threatened to plunge the region into full-blown conflict once again.","Israel ASSAULT Lebanon","CONFLICT","ASSAULT","-0.9","Israel","Israel","Israel (83)","Lebanon","Lebanon","Lebanon (95)","Hezbollah; Iran","Hezbollah; Iran","Lebanon (95); Iran (80)","Beirut; Northern Israel","","Lebanon (95); Israel (83)","1",""
"71871bfaff78","2026-06-06","An Israeli airstrike targeted the town of Saksakiyeh in the Sidon district of southern Lebanon, resulting in casualties. The Lebanese Ministry of Public Health reported that two women were killed and 22 others were wounded, while Lebanon's National News Agency cited a higher toll of six killed and four wounded, reflecting discrepancies in casualty reporting during the ongoing military campaign.","an Israeli airstrike had struck the town, and people were dead. The Emergency Operations Center of Lebanon’s Ministry of Public Health said two women were killed and 22 others wounded in the strike, including three children and one woman among the injured.","Israeli airstrike ASSAULT Lebanese civilians","CONFLICT","ASSAULT","-0.9","Israeli airstrike","Israeli airstrikes","Israel (83)","Lebanese civilians","Lebanese civilians","Lebanon (95)","","","","Saksakiyeh, Sidon district, southern Lebanon","","Lebanon (95)","3",""
"479d9269d621","2026-06-06","The Israel Defense Forces (IDF) conducted an airstrike on the southern Lebanese town of As-Saksakiyah, resulting in the deaths of at least two individuals and injuring 22 others, including three children and a woman. This attack occurred amid escalating regional tensions as the conflict reached its 100th day since the US and Israel initiated strikes on Tehran.","At least two people were killed and 22 others wounded in an Israeli strike on the southern Lebanese town of As-Saksakiyah on Saturday, according to Lebanon's Health Ministry.","Israel Defense Forces ASSAULT civilians in As-Siddoukziyah","CONFLICT","ASSAULT","-0.9","Israel Defense Forces","Israeli military","Israel (83)","Civilians in As-Siddoukziyah","Civilians in As-Siddoukziyah","Lebanon (95)","United States","United States","USA (185)","As-Siddoukiyyah","","Lebanon (95)","1",""
"83dc41acd66c","2026-06-06","An Israeli airstrike in southern Lebanon killed nine individuals, including three Lebanese soldiers, near the border area between Khardali and Nabatieh. This incident poses a threat to the fragile ceasefire between Israel and Lebanon and undermines recent diplomatic efforts aimed at reducing hostilities.","An Israeli airstrike in southern Lebanon killed nine people, including three Lebanese soldiers, placing renewed pressure on a fragile border ceasefire between Israel and Lebanon.","Israeli Air Force ASSAULT Lebanese civilians and soldiers","CONFLICT","ASSAULT","-0.9","Israeli Air Force","Israeli Air Force","Israel (83)","Lebanese civilians; Lebanese soldiers","Lebanese civilians; Lebanese army","Lebanon (95); Lebanon (95)","","","","Southern Lebanon; Near the border between Khardali and Nabatieh","","Lebanon (95); Lebanon (95)","1",""
"ea910e78bdbd","2026-06-06","An Israeli strike targeted a military vehicle of the Lebanese army on the Khardali-Nabatieh road in southern Lebanon, resulting in the deaths of three Lebanese soldiers, including a brigadier-general and a captain. This incident is noted as one of the deadliest attacks on the Lebanese armed forces since the onset of the conflict.","Three Lebanese soldiers, including two officers, were killed on Saturday in an Israeli strike on their military vehicle on the Khardali-Nabatieh road in southern Lebanon, the Lebanese army said, in one of the deadliest single attacks on the country's armed forces since the war began.","Israeli strike ASSAULT Lebanese army","CONFLICT","ASSAULT","-0.9","Israeli strike","Israeli strike","Israel (83)","Lebanese army; Lebanese soldiers","Lebanese army; Lebanese army","Lebanon (95); Lebanon (95)","","","","Khardali-Nabatieh road, southern Lebanon","","Lebanon (95)","1",""
"603da9f8f6fe","2026-06-05","An Israeli airstrike targeted the town of Marwahiniyah in the Nabatieh governorate of southern Lebanon, resulting in the deaths of five citizens, including a woman and a paramedic. The airstrike is part of intensified military operations that have caused injuries and significant damage to infrastructure in the region.","The Lebanese Ministry of Health announced the martyrdom of five citizens, including a woman and a paramedic, due to an Israeli airstrike that targeted the area this Friday evening.","Israeli Air Force ASSAULT Lebanese civilians in Marwahiniyah","CONFLICT","ASSAULT","-0.9","Israeli Air Force","Israeli Air Force","Israel (83)","Lebanese Civilians in Marwahiniyah","Lebanese Civilians in Marwahiniyah","Lebanon (95)","","","","Marwahiniyah; Nabatieh Governorate","","Lebanon (95); Lebanon (95)","1",""
"f15a109013e3","2026-06-05","Israeli military conducted airstrikes in Tyre, Lebanon, resulting in the deaths of seven individuals, including four near Jabal Amel hospital and three in a residential area. The strikes occurred despite an existing ceasefire in the ongoing Israel-Hezbollah conflict, prompting new evacuation warnings for nine southern Lebanese towns and villages.","Israeli strikes overnight in the historic south Lebanon city of Tyre killed seven people, a source from the civil defence told AFP on Friday (June 5, 2026), despite a ceasefire in the Israel-Hezbollah war.","Israeli military ASSAULT Civilians in Tyre","CONFLICT","ASSAULT","-0.9","Israeli military","Israeli military","Israel (83)","Civilians in Tyre","Civilians in Tyre","Lebanon (95)","","","","Tyre; Jabal Amel hospital; Southern Lebanese towns and villages","","Lebanon (95); Lebanon (95); Lebanon (95)","1",""
"8aa789a3e059","2026-06-04","An Israeli drone strike targeted a vehicle in southern Lebanon, resulting in several injuries. This attack occurred amid a ceasefire agreement between Israel and Lebanon, which was reached following negotiations mediated by the United States in Washington.","Al Jazeera reported on Thursday, June 4, that the attack took place in southern Lebanon, targeting a vehicle.","Israeli drone strike ASSAULT Vehicle in southern Lebanon","CONFLICT","ASSAULT","-0.9","Israeli drone strike","Israeli drone strike","Israel (83)","Vehicle in southern Lebanon","Car in southern Lebanon","Lebanon (95)","United States","United States","USA (185)","southern Lebanon","","Lebanon (95)","2",""
"1734347e600b","2026-06-04","The Israeli army announced its intention to continue military operations in southern Lebanon despite a ceasefire agreement reached in Washington. Defense Minister Israel Katz stated that operations will persist until Hezbollah is removed from areas south of the Litani River, following a drone attack that wounded several individuals.","The Israeli army said Thursday it will continue its ongoing offensive in southern Lebanon despite a trilateral declaration issued in Washington announcing an agreement on a ceasefire.","Israeli army MOBILIZE Hezbollah","CONFLICT","MOBILIZE","-0.6","Israeli army","Israeli military","Israel (83)","Hezbollah","Hezbollah","Lebanon (95)","","","","southern Lebanon; areas south of the Litani River","","Lebanon (95); Lebanon (95)","1",""
"a0a22867b381","2026-06-04","The Israeli military conducted an airstrike targeting an ambulance team in the town of Zebdine, located in the Nabatieh district of southern Lebanon, resulting in the death of one paramedic and injuries to another. This incident marks the fourth attack by the Israeli army on paramedics and medical facilities within a 24-hour period.","A paramedic was killed and another wounded early Thursday in an Israeli strike targeting a medical team in southern Lebanon, according to Lebanon’s Health Ministry.","Israeli military ASSAULT paramedic team in Zebdine","CONFLICT","ASSAULT","-0.9","Israeli military","Israeli military","Israel (83)","Paramedic team in Zebdine","Paramedic team in Zebdine","Lebanon (95)","","","","Zebdine, Nabatieh district, southern Lebanon","","Lebanon (95)","1",""
"fe4896e03866","2026-06-04","The Israeli foreign ministry stated that Hezbollah's infrastructure in southern Lebanon must be dismantled in accordance with U.N. Security Council Resolution 1701. This statement followed ongoing exchanges of fire between Israel and Hezbollah, despite a ceasefire agreement reached the previous night.","""The Iranian proxy Hezbollah must be disarmed and its terrorist infrastructure in southern Lebanon must be dismantled according to U.N. Security Council Resolution 1701,"" the ministry added, in an English-language post on X.","Israeli Foreign Ministry REQUEST Hezbollah","CONFLICT","REQUEST","-0.3","Israeli Foreign Ministry","Israel Defense Ministry","Israel (83)","Hezbollah","Hezbollah","Lebanon (95)","United Nations Security Council","United Nations Security Council","United Nations","southern Lebanon","","Lebanon (95)","1",""
"04c44fe78f08","2026-06-04","An Israeli drone strike targeted a vehicle on the Zefta-Kfarwa road in southern Lebanon, resulting in several injuries. This attack occurred shortly after Israel and Lebanon reportedly agreed to a ceasefire following US-mediated meetings in Washington, D.C.","Several people were wounded in an Israeli drone strike targeting a vehicle on the Zefta-Kfarwa road in southern Lebanon, according to the country’s National News Agency, AzerNEWS reports.","Israeli drone strike ASSAULTED a vehicle on the Zeft3-Kfarha road in southern Lebanon.","CONFLICT","ASSAULT","-0.9","Israeli drone strike","Israeli drone strike","Israel (83)","Vehicle on the Zeft3-Kfarha road","Vehicle on the Zeft3-Kfarha road","Lebanon (95)","Israel; Lebanon; United States","Israel; Lebanon; United States","Israel (83); Lebanon (95); USA (185)","Zefta- Kfarha road; southern Lebanon; Washington, D.C.","","Lebanon (95); Lebanon (95); USA (185)","1",""
"8ac809560b47","2026-06-02","An Israeli drone strike targeted a vehicle on the Khardali road in southern Lebanon, resulting in the deaths of Lebanese dentist James Karam and his two children, Tony and Theodosia Karam. The attack occurred while they were returning to their hometown of Qlayaa after Theodosia had been sitting for exams at the Lebanese University.","An Israeli drone strike targeted a car on the Khardali road in southern Lebanon, along the route linking Marjayoun and Nabatiyeh, killing a Lebanese dentist and his two children.","Israeli military ASSAULT Lebanese fishermen James Karam, Tony Karam, and Theodosia Karam","CONFLICT","ASSAULT","-0.9","Israeli military","Israeli military","Israel (83)","Lebanese fishermen James Karam, Tony Karam, and Theodosia Karam","Lebanese fishermen James Karam, Tony Karam, and Theodosia Karam","Lebanon (95)","","","","Khardali road; southern Lebanon; Qlayaa","","Lebanon (95); Lebanon (95); Lebanon (95)","1",""
"08202dd5d5b6","2026-06-02","Israeli Defence Minister Israel Katz announced that Israel has established a new security doctrine allowing for retaliatory strikes on the Dahiyeh suburb of Beirut if Hezbollah attacks northern Israeli communities. This policy has reportedly received backing from the United States, which has communicated this stance to the Lebanese government and other relevant parties.","The United States endorsed this principle and conveyed it to the Lebanese government and all relevant actors... either the fire on Israeli communities stops, or — if fire continues — we will strike in Dahiyeh.","Israel AGREE Hezbollah, the Lebanese government, and other relevant parties","COOPERATION","AGREE","0.5","Israel","Israel","Israel (83)","Hezbollah; Lebanese government; other relevant parties","Hezbollah; Lebanese government; Relevant parties","Lebanon (95); Lebanon (95)","United States","United States","USA (185)","Dahiyeh suburb, Beirut; Beirut","","Lebanon (95); Lebanon (95)","1",""
"39fd9bd2bded","2026-06-02","Hezbollah fighters targeted Israeli tanks in the southern Lebanese towns of Haddatha and Bayada with missiles and shells, while the Israeli military intercepted two projectiles fired from Lebanon. Concurrently, Israeli airstrikes in southern Lebanon resulted in the deaths of six individuals, including a Syrian citizen, and caused significant destruction in the region.","Hezbollah announced that its fighters had targeted Israeli tanks in the southern Lebanese towns of Haddatha and Bayada with missiles and shells. Conversely, the Israeli military confirmed it had successfully intercepted two projectiles fired from Lebanon in the early hours of Tuesday morning, reporting no casualties.","Hezbollah fighters and the Israeli military ASSAULT Israeli tanks and civilians in southern Lebanon.","CONFLICT","ASSAULT","-0.9","Hezbollah fighters; Israeli military","Hezbollah; Israeli military","Lebanon (95); Israel (83)","Israeli tanks; Civilians in southern Lebanon","Israeli tanks; Lebanese civilians","Israel (83); Lebanon (95)","Syrian citizen","Individuals from Syria","Syria (169)","Haddatha; Bayada; Southern Lebanon","","Lebanon (95); Lebanon (95); Lebanon (95)","1",""
"5240cb66ea56","2026-06-02","Israeli airstrikes targeted three localities in southern Lebanon, specifically Burj el-Shamali, Ebba, and Tebnine, resulting in at least five fatalities and 48 injuries. The strikes included an attack near a hospital in Tebnine, which left at least six medics wounded.","At least five people were killed and 48 others were injured in Israeli airstrikes on three localities in southern Lebanon on Tuesday, the Lebanese National News Agency (NNA) reported, citing the country’s Health Ministry.","Israeli airstrikes ASSAULT local residents and medics in southern Lebanon","CONFLICT","ASSAULT","-0.9","Israeli airstrikes","Israeli airstrikes","Israel (83)","Local residents in southern Lebanon; Medics at a hospital in Tebnine","Residents of southern Lebanon; Medics at a hospital in Tebnine","Lebanon (95); Lebanon (95)","","","","Burj el-Shamali; Eblaba; Tebnine","","Lebanon (95); Lebanon (95); Lebanon (95)","1",""
"b272850dab34","2026-06-01","Israel's military captured the medieval Beaufort castle in Lebanon as part of its expanding incursion into the country. Prime Minister Benjamin Netanyahu announced intentions to push deeper into Lebanon, prompting condemnation from European leaders, including France's President Emmanuel Macron, who called for an end to the fighting.","European leaders have condemned Israel’s expanding incursion into Lebanon, after its military captured the medieval Beaufort castle and Israel’s prime minister, Benjamin Netanyahu, vowed to push even deeper into the country.","Israel ACCUSE Lebanon","CONFLICT","ACCUSE","-0.2","Israel","Israel","Israel (83)","Lebanon","Lebanon","Lebanon (95)","European leaders; France; Emmanuel Macron","European leaders; France; Emmanuel Macron","France (62); France (62)","Beaufort Castle; Lebanon","","Lebanon (95); Lebanon (95)","1",""
"64e004ae6be0","2026-06-01","Israeli troops advanced deeper into Lebanese territory in response to increased attacks from Hezbollah, which is backed by Iran. This military action occurred during an emergency session of the U.N. Security Council called by France, where the Israeli ambassador stated that Israel had 'no choice' but to defend itself against Hezbollah's aggression.","Danny Danon, Israeli ambassador to the United Nations, said on Monday that the Jewish state had 'no choice' but to defend against Hezbollah attacks, as the U.N. Security Council urged de-escalation on both sides to avoid the conflict spiraling further.","Israeli troops ASSAULT Hezbollah and Iran","CONFLICT","ASSAULT","-0.9","Israeli troops","Israeli troops","Israel (83)","Hezbollah; Iran","Hezbollah; Iran","Lebanon (95); Iran (80)","France; United Nations Security Council","France; United Nations Security Council","France (62)","Lebanese territory","","Lebanon (95)","1",""
"1e718a23c991","2026-06-01","Israeli Prime Minister Benjamin Netanyahu ordered the Israeli military to conduct attacks on Hezbollah-controlled areas in the southern suburbs of Beirut, Lebanon, specifically targeting 'terrorist targets' in response to Hezbollah's violations of a ceasefire and attacks against Israeli cities and citizens. This action signifies an escalation in the ongoing conflict and complicates diplomatic efforts to resolve the U.S.-Iran war.","Netanyahu and Defence Minister Israel Katz ordered the Israeli military to attack 'terrorist targets' in the southern suburbs of Beirut, known as Dahiyeh, following Hezbollah’s 'repeated violations' of a ceasefire and 'attacks against our cities and citizens', a statement from Netanyahu’s office said.","Israeli military ASSAULT Hezbollah","CONFLICT","ASSAULT","-0.9","Israeli military","Israeli military","Israel (83)","Hezbollah","Hezbollah","Lebanon (95)","","","","southern suburbs of Beirut; Beirut","","Lebanon (95); Lebanon (95)","45",""
"7f57f78d197b","2026-06-01","Israel rejected Lebanon's request for a ceasefire during ongoing direct negotiations in Washington. This decision reflects Israel's confidence in its relationship with the United States, indicating a lack of concern about provoking American discontent.","Eyad Abu Shakra Israel this week rejected Lebanon’s request for a ceasefire during the direct negotiations now underway in Washington.","Israel REJECT Lebanon's request for a ceasefire","CONFLICT","REJECT","-0.3","Israel","Israel","Israel (83)","Lebanon","Lebanon","Lebanon (95)","United States","United States","USA (185)","Washington","","USA (185)","1",""
"3dba5201830c","2026-06-01","Israel ordered its troops to move further into Lebanon amid ongoing tensions in the region, while the U.S. and Iran reported new strikes against each other. This escalation is occurring as markets await progress on peace talks in the Middle East and the potential reopening of the Strait of Hormuz for oil shipping.","Oil jumped in early trade after Israel ordered troops to move further into Lebanon, while the U.S. and Iran claimed new strikes on each other.","Israel MOBILIZE Lebanon","CONFLICT","MOBILIZE","-0.6","Israel","Israel","Israel (83)","Lebanon","Lebanon","Lebanon (95)","U.S.; Iran","United States; Iran","USA (185); Iran (80)","Lebanon","","Lebanon (95)","1",""
"e729f00e52e4","2026-06-01","Hezbollah accepted a U.S. proposal to cease attacks on Israel in exchange for Israel halting its strikes on Beirut's southern suburbs. This arrangement was confirmed by Lebanon's Embassy in Washington and follows a statement from President Donald Trump regarding a successful communication with Hezbollah representatives.","Lebanon's Embassy in Washington said Monday that Hezbollah had accepted a U.S. proposal to stop attacking Israel in exchange for Israel halting attacks on Beirut's southern suburbs, shortly after President Donald Trump said he had a 'very good call' with Hezbollah through representatives.","Hezbollah and Israel AGREE to cease attacks on Israel and halit their strikes on Beirut's southern suburbs in exchange for a cessation of attacks on Israel.","COOPERATION","AGREE","0.5","Hezbollah; Israel","Hezbollah; Israel","Lebanon (95); Israel (83)","United States; Lebanon","United States; Lebanon","USA (185); Lebanon (95)","Donald Trump","Donald Trump","USA (185)","Beirut; Washington, D.C.","","Lebanon (95); USA (185)","1",""
"8f644874d126","2026-06-01","Israel halted a planned military attack on Beirut, Lebanon, following a threat from Iran to end negotiations with the United States if the Lebanese capital was targeted. This decision was influenced by a call from US President Donald Trump to Israeli Prime Minister Benjamin Netanyahu, emphasizing concerns over the potential impact on US-Iran diplomatic efforts.","Israel halted a planned attack on Beirut on Monday after Iran threatened to end negotiations with the US if the Lebanese capital was targeted.","Israel CONCEDE Lebanon","COOPERATION","CONCEDE","0.5","Israel","Israel","Israel (83)","Lebanon","Lebanon","Lebanon (95)","Iran; United States; Donald Trump; Benjamin Netanyahu","Iran; United States; Donald Trump; Benjamin Netanyahu","Iran (80); USA (185); USA (185); Israel (83)","Beirut; Beirut","","Lebanon (95); Lebanon (95)","2",""
"dd21e9c026ff","2026-06-01","An Israeli airstrike targeted Deir al-Zahrani in the Nabatieh governorate of southern Lebanon, resulting in the deaths of eight individuals and injuries to 19 others. The attack is reported to be a violation of a ceasefire agreement that had been in place since April 17.","An Israeli airstrike killed eight people and injured 19 in southern Lebanon early Monday, in the latest violation of a ceasefire agreement, according to the Lebanese Health Ministry.","Israeli Air Force ASSAULT Deir al-Zourah and civilians in Deir al-Zourah","CONFLICT","ASSAULT","-0.9","Israeli Air Force","Israeli Air Force","Israel (83)","Deir al-Zourah; Civilians in Deir al-Zourah","Deir al-Zourah; Civilians in Deir al-Zourah","Lebanon (95); Lebanon (95)","","","","Deir al-Zourayah; Nabatieh Governorate","","Lebanon (95); Lebanon (95)","1",""
"2627cb4cd654","2026-06-01","The Israeli government, led by Prime Minister Benjamin Netanyahu and Defence Minister Israel Katz, authorized fresh airstrikes on Beirut’s southern suburbs in Lebanon as part of an intensified military campaign against Hezbollah. This action was taken in response to repeated violations of the ceasefire by Hezbollah, including rocket and drone attacks on northern Israel, and follows U.S. approval for an expansion of Israeli military operations in Lebanon.","Israel has intensified its military campaign in Lebanon, with Prime Minister Benjamin Netanyahu and Defence Minister Israel Katz ordering fresh airstrikes on Beirut’s southern suburbs amid escalating hostilities with Hezbollah.","Israeli government, led by Prime Minister Benjamin Netanyahu and Defense Minister Israel Katz, MOBILIZE Hezbollah","CONFLICT","MOBILIZE","-0.6","Israeli government; Prime Minister Benjamin Netanyahu; Defense Minister Israel Katz","Israeli government; Benjamin Netanyahu; Israel Defense Minister Israel Katz","Israel (83); Israel (83); Israel (83)","Hezbollah","Hezbollah","Lebanon (95)","United States","United States","USA (185)","Beirut's southern suburbs; Northern Israel; Lebanon","","Lebanon (95); Israel (83); Lebanon (95)","1",""
"70fb896b0124","2026-06-01","The Israeli military conducted operations in southern Lebanon, specifically targeting the village of Marwaniyeh, resulting in the deaths of six individuals. This action occurred despite a ceasefire agreement announced by US President Donald Trump, who stated that both Israel and Hezbollah had consented to ceasefire terms.","According to Lebanon's Civil Defence, six individuals lost their lives due to an Israeli strike on the southern village of Marwaniyeh on Monday night.","Israeli military ASSAULT Civilians in Marwaniyeah","CONFLICT","ASSAULT","-0.9","Israeli military","Israeli military","Israel (83)","Civilians in Marwaniyeah","Civilians in Marwaniyeah","Lebanon (95)","Hezbollah; Donald Trump","Hezbollah; Donald Trump","Lebanon (95); USA (185)","southern Lebanon; Marwaniyeh","","Lebanon (95); Lebanon (95)","1",""
"0714f8b5f6e5","2026-06-01","Israeli Defense Minister Israel Katz announced the intention to establish military control over the area of southern Lebanon's Litani River and to continue military strikes on Beirut until Hezbollah ceases its attacks. This declaration followed a joint statement from Katz and Israeli Prime Minister Benjamin Netanyahu ordering military action against Beirut's southern suburbs due to alleged violations of the ceasefire by Hezbollah.","Israeli Defense Minister Israel Katz on Monday vowed to turn the area of southern Lebanon's Litani River into a military-controlled zone and continue striking Beirut until Hezbollah stops its attacks.","Israel Defense Minister Israel Katz THREATEN Hezbollah","CONFLICT","THREATEN","-0.6","Israel Defense Minister Israel Katz","Israel Defense Minister Israel Katz","Israel (83)","Hezbollah","Hezbollah","Lebanon (95)","Benjamin Netanyahu","Benjamin Netanyahu","Israel (83)","southern Lebanon's Litani River; Beirut","","Lebanon (95); Lebanon (95)","2",""
"dd4831f7fcab","2026-06-01","Israeli Prime Minister Benjamin Netanyahu decided to call off military strikes in Lebanon following a telephonic conversation with US President Donald Trump, who urged him to stop the attacks. This decision was made amidst concerns over the perceived disproportionate military response to Hezbollah's actions against Israel.","In a post on Truth Social, Trump said that he asked Netanyahu to not to go into a major raid of Beirut, Lebanon and claimed, 'He turned his Troops around. Thank you Bibi!'","Benjamin Netanyahu RETREAT Hezbollah","COOPERATION","RETREAT","0.5","Benjamin Netanyahu","Benjamin Netanyahu","Israel (83)","Hezbollah","Hezbollah","Lebanon (95)","Donald Trump","Donald Trump","USA (185)","Lebanon","","Lebanon (95)","2",""
"9600c1471bad","2026-06-01","Israeli Prime Minister Benjamin Netanyahu announced that military operations in southern Lebanon will continue as planned, despite reports of a ceasefire understanding. This decision reflects ongoing tensions in the region and Israel's commitment to targeting what it identifies as terrorist sites in Beirut if Hezbollah persists in its attacks on Israeli cities and civilians.","Netanyahu said military operations in southern Lebanon will continue according to plan despite reports of a ceasefire understanding.","Benjamin Netanyahu THREATEN Hezbollah","CONFLICT","THREATEN","-0.6","Benjamin Netanyahu","Benjamin Netanyahu","Israel (83)","Hezbollah","Hezbollah","Lebanon (95)","","","","southern Lebanon; Beirut","","Lebanon (95); Lebanon (95)","3",""
"c41ebc497561","2026-06-01","US Secretary of State Marco Rubio engaged in discussions with Lebanese President Joseph Aoun and Israeli Prime Minister Benjamin Netanyahu in an effort to stabilize the Israel-Lebanon border. The talks focused on a proposal urging Hezbollah to cease attacks on Israel, while Israel would refrain from escalating military actions in Beirut, aiming for a gradual de-escalation of hostilities.","US Secretary of State Marco Rubio engaged in talks with Lebanese President Joseph Aoun and Israeli Prime Minister Benjamin Netanyahu to discuss stabilizing the Israel-Lebanon border, as per a US official familiar with the discussions.","US Secretary of State Marco Rubio, Lebanese President Joseph Aoun, and Israeli Prime Minister Benjamin Netanyahu CONSULT Hezbollah","COOPERATION","CONSULT","0.2","US Secretary of State Marco Rubio; Lebanese President Joseph Aoun; Israeli Prime Minister Benjamin Netanyahu","US Secretary of State Marco Rubio; Lebanese President Joseph Aoun; Benjamin Netanyahu","USA (185); Lebanon (95); Israel (83)","Hezbollah","Hezbollah","Lebanon (95)","","","","Israel-Lebanon border","","Lebanon (95)","2",""
"f8a52685f83c","2026-05-31","Israel conducted over 36 military strikes across southern Lebanon, resulting in at least 12 fatalities and 35 injuries. This escalation is part of the ongoing Israel-Lebanon conflict, which has raised international concerns and prompted France to call for an emergency meeting of the UN Security Council.","Amid the fighting, at least 12 people were killed and 35 injured in more than 36 Israeli strikes across southern Lebanon on Sunday, according to reports.","Israel ASSAULT Lebanon","CONFLICT","ASSAULT","-0.9","Israel","Israel","Israel (83)","Lebanon","Lebanon","Lebanon (95)","France; United Nations Security Council","France; United Nations Security Council","France (62)","southern Lebanon","","Lebanon (95)","2",""
"561503891347","2026-05-31","The Israeli military expanded its ground operations in southern Lebanon, crossing the Litani River and advancing into areas north of the river. This operation is described by Egypt as a complete violation of Lebanese sovereignty and a blatant act of aggression, prompting Egypt to call for Israel's immediate withdrawal from Lebanese territory.","Egypt on Sunday strongly condemned Israel’s expansion of ground operations in southern Lebanon, describing the Israeli army’s crossing of the Litani River and advance into areas north of the river as a 'complete violation of Lebanese sovereignty' and an attempt to impose a new military reality on the ground.","Israeli military ASSAULT Lebanese sovereignty","CONFLICT","ASSAULT","-0.9","Israeli military","Israeli military","Israel (83)","Lebanese sovereignty","Lebanese sovereignty","Lebanon (95)","","","","southern Lebanon; areas north of the Litani River","","Lebanon (95); Lebanon (95)","1",""
"9ce371d7b8d3","2026-05-30","Israeli troops captured Beaufort Castle, also known as Qalaat al-Shaqif, located near the southern Lebanese city of Nabatieh. This action is part of Israel's expanded ground offensive in southern Lebanon, which has been ongoing despite a ceasefire agreement that took effect on April 17, 2026.","Israeli troops reportedly took control of Beaufort Castle, also known as Qalaat al-Shaqif, near the southern Lebanese city of Nabatieh.","Israeli troops ASSAULT Beaufort Castle (Qalaat al-Shaqif)","CONFLICT","ASSAULT","-0.9","Israeli troops","Israeli troops","Israel (83)","Beaufort Castle (Qalaat al-Shaqif)","Beaufort Castle (Qalaat al-Shaqif)","Lebanon (95)","","","","Beaufort Castle (Qalaat al-Shaqif); Nabatieh","","Lebanon (95); Lebanon (95)","1",""
"1b3f684d2f72","2026-05-29","The Israeli military conducted an air strike in southern Lebanon, resulting in the death of Abd Harb, a senior commander in Hezbollah's engineering unit. This action was part of ongoing military operations against Hezbollah amid stalled ceasefire negotiations.","The Israeli military claimed that Abd Harb, a commander in Hezbollah's engineering unit, was killed in an air strike last week, as cited by Al Jazeera.","Israeli military ASSAULT Abd Harb and Hezbollah","CONFLICT","ASSAULT","-0.9","Israeli military","Israeli military","Israel (83)","Abd Harb; Hezbollah","Abd Harb; Hezbollah","Lebanon (95); Lebanon (95)","","","","southern Lebanon","","Lebanon (95)","1",""
"80577c455070","2026-05-28","The Israeli military launched heavy airstrikes across southern Lebanon, targeting areas including the coastal cities of Tyre and Sidon, resulting in the deaths of at least 14 individuals, including five women and children, as well as a Lebanese soldier. This escalation occurred amid heightened tensions and fighting with Hezbollah, ahead of scheduled security talks between Lebanese and Israeli officials in Washington.","The Israeli military launched heavy strikes across southern Lebanon early Thursday, killing at least 14 people as tensions escalated ahead of key security talks between Lebanese and Israeli officials in Washington.","Israeli military ASSAULT Lebanese civilians and a Lebanese soldier","CONFLICT","ASSAULT","-0.9","Israeli military","Israeli military","Israel (83)","Lebanese civilians; Lebanese soldier","Lebanese civilians; Lebanese army","Lebanon (95); Lebanon (95)","Hezbollah","Hezbollah","Lebanon (95)","Southern Lebanon; Tyre; Sidon; Lebanon","","Lebanon (95); Lebanon (95); Lebanon (95); Lebanon (95)","24",""
"c3312e378db7","2026-05-28","The Israeli military conducted an airstrike in the Choueifat area of Beirut, Lebanon, targeting an apartment building. This action resulted in the deaths of at least 14 individuals, including three children, and marked the second strike since a ceasefire was announced in April. The airstrike occurred ahead of scheduled military talks between Lebanon and Israel at the Pentagon.","Israel's military said it launched an airstrike in the Beirut area on Thursday as a Lebanese source said an apartment was hit, the second such raid since an April ceasefire announcement.","Israeli military ASSAULT Civilians in an apartment building in Choueifat, Beirut, Lebanon","CONFLICT","ASSAULT","-0.9","Israeli military","Israeli military","Israel (83)","Civilians in apartment building in Choueifat","Civilians in apartment building in Choueifat","Lebanon (95)","","","","Choueifat area, Beirut; Beirut; Hedaya; Gaza","","Lebanon (95); Lebanon (95); Lebanon (95); Palestine (195)","1",""
"d4629d4efae9","2026-05-28","The Israeli Air Force conducted an air strike on the suburb of Choueifat in Beirut, Lebanon, targeting an unspecified location. This action occurred amidst ongoing tensions and violations of a ceasefire with the Iran-backed group Hezbollah.","Israel's military says its air force carried out an air strike on a southern suburb of the Lebanese capital Beirut on Thursday.","Israeli Air Force ASSAULT Unknown target in Choueifat, Beirut","CONFLICT","ASSAULT","-0.9","Israeli Air Force","Israeli Air Force","Israel (83)","Unknown target in Choueifat, Beirut","Unknown target in Choueifat, Beirut","Lebanon (95)","Hezbollah","Hezbollah","Lebanon (95)","Choueifat, Beirut","","Lebanon (95)","1",""
"d22d20ebc79b","2026-05-28","The Israeli Air Force conducted an airstrike on an apartment building in the southern suburb of Choueifat, Beirut, Lebanon. This action further strained the fragile ceasefire ahead of crucial negotiations in Washington, amid increasing tensions in southern Lebanon and Israeli military operations.","Israel’s air force carried out an airstrike on a southern suburb of the capital, Beirut, Thursday afternoon, the Israeli military said, further straining a fragile ceasefire a day ahead of crucial negotiations in Washington.","Israeli Air Force ASSAULT apartment building in Choueifat, Beirut","CONFLICT","ASSAULT","-0.9","Israeli Air Force","Israeli Air Force","Israel (83)","Apartment building in Choueifat, Beirut","Apartment building in Choueifat, Beirut","Lebanon (95)","","","","Southern suburb of Choueifat, Beirut; Southern Lebanon; Washington","","Lebanon (95); Lebanon (95); USA (185)","1",""
"5af0618ac3a3","2026-05-27","The Israeli military issued a warning to residents in southern Lebanon to evacuate as it expands military operations against Hezbollah. This warning follows recent clashes between Israeli troops and Hezbollah and is the first evacuation order since the ceasefire on April 17.","The Israeli military on Wednesday told residents across southern Lebanon to leave as it expands its operations there, saying in a statement that the military will 'work with extreme force' against Lebanon’s militant Hezbollah group.","Israeli military REQUEST Residents of southern Lebanon","CONFLICT","REQUEST","-0.2","Israeli military","Israeli military","Israel (83)","Residents of southern Lebanon","Residents of southern Lebanon","Lebanon (95)","Hezbollah","Hezbollah","Lebanon (95)","southern Lebanon","","Lebanon (95)","1",""
"c0217bbe9933","2026-05-27","The Israeli Defense Forces (IDF) issued an urgent evacuation order to residents of Tyre and surrounding areas in southern Lebanon, citing imminent military action against Hezbollah targets. This decision follows allegations of Hezbollah violating a ceasefire agreement and targeting Israeli territory.","Urgent warning to the residents of the city of Tyre and the surrounding camps and neighborhoods as shown on the map – In light of the terrorist Hezbollah organisation violating the ceasefire agreement and targeting Israeli territory, the IDF is compelled to act forcefully against it.","Israeli Defense Forces REQUEST residents of Tyre and surrounding areas in southern Lebanon","CONFLICT","REQUEST","-0.2","Israeli Defense Forces","Israeli military","Israel (83)","Residents of Tyre and surrounding areas in southern Lebanon","Residents of Tyre and surrounding areas in southern Lebanon","Lebanon (95)","Hezbollah","Hezbollah","Lebanon (95)","Tyre; Southern Lebanon","","Lebanon (95); Lebanon (95)","1",""
"ec59c4505c8b","2026-05-27","The Israeli military launched an airstrike in the Choueifat area of Beirut, Lebanon, targeting an apartment building. This action is part of escalating tensions ahead of military talks between Lebanon and Israel at the Pentagon, and follows a ceasefire announcement in April. The strike reportedly aimed at Ali al-Husseini, head of the missile division within a militia aligned with Hezbollah.","Israel’s military said it launched an airstrike in the Beirut area yesterday as a Lebanese source said an apartment was hit, the second such raid since an April ceasefire announcement.","Israeli military ASSAULT Ali al-Husseini","CONFLICT","ASSAULT","-0.9","Israeli military","Israeli military","Israel (83)","Ali al-Husseini","Ali al-Husseini","Lebanon (95)","Hezbollah","Hezbollah","Lebanon (95)","Choueifat, Beirut; Beirut; Fatah al-Islam University; Hussein; Lebanon; Fatah al-Islam","","Lebanon (95); Lebanon (95); Lebanon (95); Lebanon (95); Lebanon (95); Lebanon (95)","4",""
"1248858e9023","2026-05-27","The Israeli Air Force conducted an airstrike on an apartment building in the Choueifat suburb of Beirut, Lebanon, further straining a fragile ceasefire ahead of crucial negotiations in Washington. The airstrike is part of ongoing military actions against Hezbollah, which have resulted in significant casualties, including at least 14 deaths across southern Lebanon.","Israel’s air force carried out an airstrike on a southern suburb of Lebanon’s capital on Thursday afternoon, the Israeli military said, further straining a fragile ceasefire a day before crucial negotiations in Washington.","Israeli Air Force ASSAULT Hezbollah","CONFLICT","ASSAULT","-0.9","Israeli Air Force","Israeli Air Force","Israel (83)","Hezbollah","Hezbollah","Lebanon (95)","","","","Choueifat suburb, Beirut; Southern Lebanon","","Lebanon (95); Lebanon (95)","2",""
"cc5e08e8642d","2026-05-26","The Israeli military issued evacuation warnings to residents in southern Lebanon, specifically in Nabatiyeh and Tyre, as it expanded military operations against Hezbollah. This action was taken during the Islamic festival of Eid al-Adha, with Israel stating it would use 'extreme force' against Hezbollah positions, following clashes near the Litani River.","The Israeli military on Wednesday issued fresh evacuation warnings to residents across southern Lebanon as it expanded military operations against Hezbollah, escalating tensions despite an existing ceasefire.","Israeli military THREATEN residents of southern Lebanon and Hezbollah","CONFLICT","THREATEN","-0.6","Israeli military","Israeli military","Israel (83)","Residents of southern Lebanon; Hezbollah","Residents of southern Lebanon; Hezbollah","Lebanon (95); Lebanon (95)","","","","Nabatiyah; Tyre; Southern Lebanon; Litani River","","Lebanon (95); Lebanon (95); Lebanon (95); Lebanon (95)","1",""
"8ca84e30d49d","2026-05-26","Israel launched a new bombardment of Lebanon as part of its ongoing military operations. This action coincided with comments from Israeli Security Minister Itamar Ben-Gvir, who expressed concerns that ongoing peace negotiations between the United States and Iran could undermine Israel's security interests.","As Israel launched a new bombardment of Lebanon on Tuesday, its far-right security minister, Itamar Ben-Gvir, suggested that it was trying to derail ongoing peace negotiations between US President Donald Trump and Iran.","Israel ASSAULT Lebanon","CONFLICT","ASSAULT","-0.9","Israel","Israel","Israel (83)","Lebanon","Lebanon","Lebanon (95)","United States; Iran","United States; Iran","USA (185); Iran (80)","Lebanon","","Lebanon (95)","1",""
"c428aba77316","2026-05-26","Israeli forces conducted airstrikes in the southern Lebanese area of al-Hosh, near Tyre, targeting positions associated with Iran-backed Hezbollah. This action is part of Israel's intensified military operations in Lebanon amid ongoing tensions related to the conflict in Iran.","Lebanese civil defence workers search through the rubble of a building following an Israeli strike at dawn in the southern Lebanese area of al-Hosh, near the coastal city of Tyre on May 26, 2026.","Israeli forces ASSAULT Iran-backed Hezbollah","CONFLICT","ASSAULT","-0.9","Israeli forces","Israeli military","Israel (83)","Iran-backed Hezbollah","Iranian-backed Hezbollah","Lebanon (95)","","","","al-Houch, near Tyre","","Lebanon (95)","1",""
"c248fd1610c8","2026-05-26","Israeli air and ground forces conducted extensive military operations across southern Lebanon, resulting in the deaths of at least 31 individuals and injuries to 40 others. The strikes targeted various towns and villages, with local authorities describing the incidents as 'massacres' due to the impact on civilian areas. This escalation is part of a broader conflict involving Israel, Iran, and regional groups, raising concerns of a wider regional confrontation.","Israeli air and ground operations expanded sharply overnight, with Lebanese authorities reporting dozens of strikes targeting towns and villages in the south and east of the country while Lebanon’s Health Ministry described several incidents as 'massacres' after civilian areas were hit during the bombardment.","Israeli air and ground forces ASSAULT Civilians in southern Lebanon","CONFLICT","ASSAULT","-0.9","Israeli air and ground forces","Israeli Air Force","Israel (83)","Civilians in southern Lebanon","Lebanese civilians","Lebanon (95)","Iran; regional groups","Iran; regional groups","Iran (80)","southern Lebanon","","Lebanon (95)","1",""
"61a7febceb4b","2026-05-26","Israeli airstrikes targeted the village of Rmadiyeh in the Tyre district of southern Lebanon, resulting in dozens of casualties. This military action occurred amidst heightened tensions following US strikes in the region, which Iran accused of breaching a ceasefire.","Israeli bombardment in Lebanon left dozens dead, threatening an increasingly fragile truce there.","Israeli military ASSAULT Residents of Rmadiyeh","CONFLICT","ASSAULT","-0.9","Israeli military","Israeli military","Israel (83)","Residents of Rmadiyeh","Residents of Rmadiyeh","Lebanon (95)","United States; Iran","United States; Iran","USA (185); Iran (80)","Rimadiyeh, Tyre district, southern Lebanon","","Lebanon (95)","1",""
"bcc57999218f","2026-05-26","The Israeli military conducted a series of airstrikes across southern and eastern Lebanon, resulting in the deaths of approximately 31 individuals, including children. This operation targeted over 100 Hezbollah fighters and infrastructure sites, marking one of the most intense bombardments since a US-brokered ceasefire began in mid-April. The strikes followed Israeli Prime Minister Benjamin Netanyahu's directive to intensify military actions against Hezbollah.","Lebanon’s health ministry said close to 31 people, including children, were killed during the latest attacks. The Israeli military said it struck more than 100 Hezbollah fighters and infrastructure sites in what became one of the heaviest bombardments since a US-brokered ceasefire began in mid-April.","Israeli military ASSAULT Hezbollah fighters and civilians in southern and eastern Lebanon","CONFLICT","ASSAULT","-0.9","Israeli military","Israeli military","Israel (83)","Hezbollah fighters; Civilians in southern and eastern Lebanon","Hezbollah; Lebanese civilians","Lebanon (95); Lebanon (95)","","","","southern Lebanon; eastern Lebanon","","Lebanon (95); Lebanon (95)","16",""
"96ce85f007a0","2026-05-26","Israeli air raids across southern and eastern Lebanon resulted in at least 31 fatalities and 40 injuries. The strikes targeted several towns and villages, including Burj El Shemali, Kouthariyeh El Siyad, Haboush, Maarakah, and Sel’aa, amid escalating tensions with Hezbollah. The Israeli government, led by Prime Minister Benjamin Netanyahu, has vowed to intensify military action against Hezbollah.","Dozens of people were killed in an intensive wave of Israeli strikes across southern and eastern Lebanon on Tuesday, after Israeli Prime Minister Benjamin Netanyahu vowed to step up military action against Hezbollah.","Israel ASSAULT Hezbollah","CONFLICT","ASSAULT","-0.9","Israel","Israel","Israel (83)","Hezbollah","Hezbollah","Lebanon (95)","","","","Southern Lebanon; Eastern Lebanon; Burj El Shemali; Kfar Habis; Kfar Habis; Haboush; Maarakah; Sleim El Siyyad","","Lebanon (95); Lebanon (95); Lebanon (95); Lebanon (95); Lebanon (95); Lebanon (95); Lebanon (95); Lebanon (95)","2",""
"67226b715959","2026-05-25","The Israeli military declared a new combat zone in southern Lebanon and advised residents to evacuate north of the Zahrani River, warning of potential military action against Hezbollah. This declaration follows over 120 strikes on Lebanese territory, indicating an escalation in military operations despite a previously announced ceasefire.","The military’s statement, posted on X, appeared to signal further escalation after more than 120 strikes on Tuesday hit Lebanon’s south and east, despite a ceasefire announced ​on April 16.","Israeli military THREATEN Lebanese residents in southern Lebanon","CONFLICT","THREATEN","-0.6","Israeli military","Israeli military","Israel (83)","Lebanese residents in southern Lebanon","Residents of southern Lebanon","Lebanon (95)","Hezbollah","Hezbollah","Lebanon (95)","southern Lebanon; north of the Zahrani River","","Lebanon (95); Lebanon (95)","2",""
"88a5ee80d5df","2026-05-25","Israeli Prime Minister Benjamin Netanyahu expressed to confidants that Israel seeks to retain the right to conduct military strikes in the region, particularly against perceived threats from Hezbollah in Lebanon. This statement comes amid ongoing negotiations between the US and Iran regarding a deal to halt the war that began with joint US-Israeli bombardment.","Netanyahu is demanding the right to continue operations against perceived threats on all fronts, including Lebanon, a caveat that could derail a deal if Iran insists on a complete halt to Israeli military operations in southern Lebanon.","Israel REQUEST Hezbollah","CONFLICT","REQUEST","-0.2","Israel","Israel","Israel (83)","Hezbollah","Hezbollah","Lebanon (95)","United States; Iran","United States; Iran","USA (185); Iran (80)","Lebanon","","Lebanon (95)","1",""
"518b3006aef8","2026-05-24","The Israel Defense Forces (IDF) conducted a situational assessment led by Chief of Staff Lt. Gen. Eyal Zamir in Israel’s Northern Command, where they approved continued operational plans against Hezbollah. The IDF stated it is prepared to return to 'intensive fighting' to weaken Iran’s influence and military capabilities in the region.","The Israel Defense Forces (IDF) said on Sunday that it is closely monitoring regional developments and is prepared to immediately return to 'intensive fighting' in order to further weaken Iran’s regional influence and military capabilities.","Israel Defense Forces CONSULT Hezbollah","COOPERATION","CONSULT","0.2","Israel Defense Forces","Israeli military","Israel (83)","Hezbollah","Hezbollah","Lebanon (95)","Iran","Iran","Iran (80)","Israel's Northern Command","","Israel (83)","1",""
"93d19712629b","2026-05-24","The Israeli Defense Forces (IDF) attempted to target Hezbollah Secretary-General Naim Qassem in at least two operations in recent weeks, as part of an intensified campaign against Hezbollah. This escalation follows Prime Minister Benjamin Netanyahu's directive to increase attacks on the organization.","Israel has attempted to target Hezbollah Secretary-General Naim Qassem at least twice in recent weeks, Saudi outlet Al Hadath reported on Monday, citing an anonymous Israeli source.","Israeli Defense Forces ASSAULT Hezbollah and Naim Qassem","CONFLICT","ASSAULT","-0.9","Israeli Defense Forces","Israeli military","Israel (83)","Hezbollah; Naim Qassem","Hezbollah; Naim Qassem","Lebanon (95); Lebanon (95)","Benjamin Netanyahu","Benjamin Netanyahu","Israel (83)","Lebanon","","Lebanon (95)","1",""
"e2d862c1aa2f","2026-05-23","Israeli airstrikes targeted multiple locations in southern Lebanon, including a significant strike on Hiram Hospital in Tyre, causing extensive damage. The strikes were part of Israel's military operations against Hezbollah-linked sites, which Israel claims violated a previous ceasefire agreement. Evacuation warnings were issued to residents of 10 villages in the area to minimize civilian casualties.","Israeli airstrikes damaged a hospital in southern Lebanon and targeted multiple locations across the country on Saturday, as Israel continued military operations against what it said were Hezbollah-linked sites despite an April ceasefire agreement.","Israel ASSAULT Hezbollah-linked sites and residents of 10 villages in southern Lebanon","CONFLICT","ASSAULT","-0.9","Israel","Israel","Israel (83)","Hezbollah-linked sites; Residents of 10 villages in southern Lebanon","Hezbollah-linked sites; Residents of seven towns in southern Lebanon","Lebanon (95); Lebanon (95)","","","","Southern Lebanon; Hiram Hospital, Tyre; 10 villages in southern Lebanon","","Lebanon (95); Lebanon (95); Lebanon (95)","1",""
"07f954201bbc","2026-05-22","An Israeli military strike targeted an army barracks in Nabatieh, Lebanon, resulting in moderate injuries to a soldier. This attack occurred despite an existing ceasefire between Israel and the armed group Hezbollah.","The Lebanese military reported that an Israeli strike targeted an army barracks in Nabatieh, wounding a soldier.","Israeli military ASSAULT Lebanese armed group Hezbollah and a Lebanese soldier","CONFLICT","ASSAULT","-0.9","Israeli military","Israeli military","Israel (83)","Lebanese armed group Hezbollah; Lebanese soldier","Lebanese armed group Hezbollah; Lebanese army","Lebanon (95); Lebanon (95)","","","","Nabatieh","","Lebanon (95)","1",""
"a7d6a01b6672","2026-05-22","Israeli forces conducted a military strike in Deir Qanun al-Nahr village near Tyre, Lebanon, resulting in the deaths of 10 individuals, including six rescuers and a child. This attack was characterized as a 'double-tap' strike, where a second strike occurred shortly after the first, targeting those responding to the initial incident.","the Lebanese ministry said 'six people were martyred', including two rescuers from the Risala Scouts association and a Syrian girl, in an attack on Deir Qanun al-Nahr village near the city of Tyre.","Israeli forces ASSAULT civilians and rescuers in Deir Qanun al-Nahr village near Tyre, Lebanon.","CONFLICT","ASSAULT","-0.9","Israeli forces","Israeli military","Israel (83)","Civilians in Deir Qanun al-Nahr village; Rescuers in Deir Qanun al-Nahr village","Civilians in Deir Qanun al-Nahr village; Rescuers in Deir Qanun al-Nahr village","Lebanon (95); Lebanon (95)","","","","Deir Qanun al-Nahr village; Tyre","","Lebanon (95); Lebanon (95)","1",""
"1b42e33b802b","2026-05-22","An Israeli airstrike targeted the village of Deir Qanun Al-Nahr in southern Lebanon, resulting in the deaths of six individuals, including two rescuers from the Risala Scouts association and a Syrian child. This incident occurred amid ongoing tensions and a fragile ceasefire between Israel and Hezbollah.","An Israeli strike on southern Lebanon killed six people on Friday, including two rescuers and a child, Lebanon’s health ministry said, marking the latest deadly incident amid a fragile ceasefire between Israel and the armed group Hezbollah.","Israeli airstrike ASSAULT Residents of Deir Qanun Al-Nahr, rescue workers from the Risala Scouts association, and a Syrian child","CONFLICT","ASSAULT","-0.9","Israeli airstrike","Israeli airstrikes","Israel (83)","Residents of Deir Qanun Al-Nahr; Rescue workers from the Risala Scouts association; Syrian child","Residents of Deir Qanun Al-Nahr; Rescue workers from the Risala Scouts association; Syrian child","Lebanon (95); Lebanon (95); Syria (169)","Hezbollah","Hezbollah","Lebanon (95)","Deir Qanun Al-Nahr; southern Lebanon","","Lebanon (95); Lebanon (95)","1",""
"68c8229b42bb","2026-05-22","Israeli airstrikes in southern Lebanon resulted in the deaths of at least 10 individuals, including six rescue workers and a child. The strikes occurred in the village of Deir Qanun al-Nahr and the town of Hanaway, targeting members of the Risala Scouts Association and the Islamic Health Committee, both linked to Hezbollah. The Israeli military stated that the strikes were a response to perceived security threats near the border.","Lebanon’s health ministry has reported that Israeli airstrikes killed at least 10 people, including six rescue workers and a child, in separate incidents in southern Lebanon.","Israeli military ASSAULT Rescue workers, Risala Scouts Association, and Islamic Health Committee","CONFLICT","ASSAULT","-0.9","Israeli military","Israeli military","Israel (83)","Rescue workers; Risala Scouts Association; Islamic Health Committee","Rescue workers; Risala Scouts Association; Islamic Health Committee","Lebanon (95); Lebanon (95); Lebanon (95)","Hezbollah","Hezbollah","Lebanon (95)","Deir Qanun al-Nahr; Hanaway; southern Lebanon","","Lebanon (95); Lebanon (95); Lebanon (95)","1",""
"27eb80ac31fd","2026-05-21","Israeli warplanes conducted airstrikes in southern Lebanon, specifically targeting a position of the Islamic Health Authority in the town of Hanawiya, Tyre District. The strikes resulted in the deaths of four members of the Authority and injuries to two paramedics. Additionally, an airstrike caused extensive damage to Tebnine Governmental Hospital, injuring nine individuals, including seven hospital staff members.","The Lebanese National News Agency reported on Friday that an airstrike by enemy warplanes overnight targeted a position of the Islamic Health Authority in the town of Hanawiya, Tyre District, resulting in the deaths of four members and injuries to two paramedics from the Authority.","Israeli warplanes ASSAULT Islamic Health Authority and Tebnine Governmental Hospital staff","CONFLICT","ASSAULT","-0.9","Israeli warplanes","Israeli warplanes","Israel (83)","Islamic Health Authority; Tebnine Governmental Hospital staff","Islamic Health Authority; Tebnine Governmental Hospital staff","Lebanon (95); Lebanon (95)","","","","southern Lebanon; Hanawiya, Tyre District; Tebnine Governmental Hospital","","Lebanon (95); Lebanon (95); Lebanon (95)","1",""
"216646d1c9f0","2026-05-20","Israeli air strikes in southern Lebanon resulted in the deaths of at least 19 individuals, including women and children, as reported by Lebanon's health ministry. The strikes included a significant attack on a house in Deir Qanoun, which killed 10 people, and additional strikes in the Nabatieh and Tyre districts that claimed another nine lives and injured 29 others. This escalation occurred despite a recently extended ceasefire agreement between Israel and Hezbollah.","At least 19 people, including women and children, were killed in fresh Israeli air strikes in southern Lebanon, according to Lebanon’s health ministry, as tensions continue despite an extended ceasefire agreement between Israel and Hezbollah.","Israeli military ASSAULT Lebanese civilians","CONFLICT","ASSAULT","-0.9","Israeli military","Israeli military","Israel (83)","Lebanese civilians","Lebanese civilians","Lebanon (95)","Hezbollah","Hezbollah","Lebanon (95)","southern Lebanon; Deir Qanoun; Nabatieh District; Tyre District","","Lebanon (95); Lebanon (95); Lebanon (95); Lebanon (95)","4",""
"476493061ce2","2026-05-19","Israeli air strikes targeted southern Lebanon, resulting in the deaths of at least 19 individuals, as reported by the Lebanese health ministry. Among the casualties were ten people, including three children and three women, who were killed in a single attack on a house in the town of Deir Qanoun. This incident occurred despite a recent agreement to extend a ceasefire between Lebanon and Israel.","Israeli air strikes have killed at least 19 people in southern Lebanon, the country’s health ministry has said, the BBC reports. Ten of them, including three children and three women, were killed in a single attack that hit a house in the town of Deir Qanoun, the ministry said.","Israeli military ASSAULT Civilians in southern Lebanon","CONFLICT","ASSAULT","-0.9","Israeli military","Israeli military","Israel (83)","Civilians in southern Lebanon","Lebanese civilians","Lebanon (95)","","","","southern Lebanon; Deir Qanoun","","Lebanon (95); Lebanon (95)","10",""
"8b011fee4fde","2026-05-19","The Israeli military issued a warning to residents of 12 towns and villages in southern Lebanon to evacuate immediately due to expected attacks against Hezbollah, citing violations of the ceasefire. The Israel Defence Forces (IDF) stated that they do not intend to harm civilians and urged them to move at least 1,000 metres away for their safety.","""Hezbollah's continued violations of the ceasefire compel the Israel Defence Forces (IDF) to operate against it. The IDF does not intend to harm you. For your safety, we urge you to distance yourself from the area and immediately move at least 1,000 metres away,"" the military's Arabic-language spokesman Mr. Avichay Adraee posted on X.","Israeli military THREATEN residents of 12 towns and villages in southern Lebanon","CONFLICT","THREATEN","-0.6","Israeli military","Israeli military","Israel (83)","Residents of 12 towns and villages in southern Lebanon","Residents of seven towns in southern Lebanon","Lebanon (95)","Hezbollah; Israel Defense Forces (IDF)","Hezbollah; Israel Defense Forces (IDF)","Lebanon (95); Israel (83)","Southern Lebanon; 12 towns and villages in southern Lebanon","","Lebanon (95); Lebanon (95)","2",""
"558d04d1cc7d","2026-05-18","Israel conducted airstrikes in southern Lebanon on May 18, 2026, as reported by Lebanese security sources and the state news agency. This action occurred amidst ongoing hostilities with Hezbollah, which announced new attacks on Israeli forces, despite a recently extended U.S.-backed truce.","Israel carried out airstrikes in southern Lebanon on Monday, Lebanese security sources and the state news agency said, while Hezbollah announced new attacks on Israeli forces, continuing the war in Lebanon despite the extension of a U.S.-backed truce.","Israel ASSAULT Hezbollah","CONFLICT","ASSAULT","-0.9","Israel","Israel","Israel (83)","Hezbollah","Hezbollah","Lebanon (95)","United States","United States","USA (185)","southern Lebanon","","Lebanon (95)","1",""
"dffe42314149","2026-05-16","Israel launched airstrikes against Hizbollah in southern Lebanon, targeting at least five villages. This action followed a recent agreement to extend a truce after negotiations in Washington, amidst ongoing tensions and prior strikes that resulted in casualties.","Israel launched new airstrikes against Hizbollah in southern Lebanon on Saturday, a day after the two countries agreed to extend a truce following talks in Washington.","Israel ASSAULT Hizbullah","CONFLICT","ASSAULT","-0.9","Israel","Israel","Israel (83)","Hizbullah","Hizbullah","Lebanon (95)","","","","southern Lebanon; Hizbullah","","Lebanon (95); Lebanon (95)","1",""
"dfdab8c3f9e6","2026-05-15","An Israeli airstrike in the southern town of Hanuf, Lebanon, resulted in the deaths of at least six individuals, including three paramedics, and injured at least 37 others. This attack occurred shortly after Israel and Lebanon agreed to a 45-day extension of a ceasefire, highlighting ongoing tensions despite the agreement.","An Israeli strike killed at least six people in Lebanon, officials have said, moments after the two countries agreed on a 45-day ceasefire extension.","Israeli military ASSAULT Lebanese paramedics and civilians in Hanoun","CONFLICT","ASSAULT","-0.9","Israeli military","Israeli military","Israel (83)","Lebanese paramedics; Civilians in Hanoun","Lebanese paramedics; Civilians in Hanoun","Lebanon (95); Lebanon (95)","","","","Hanoun","","Lebanon (95)","1",""
"a7c1148fea92","2026-05-15","The Israeli military conducted airstrikes targeting Hezbollah-linked sites near the coastal city of Tyre in southern Lebanon. This operation followed evacuation warnings issued to residents in five nearby villages, amid accusations from Israel that Hezbollah violated ceasefire agreements.","Israel confirmed that its military carried out strikes targeting Hezbollah linked sites near the coastal city of Tyre in southern Lebanon and the attacks followed evacuation warnings issued to residents in five nearby villages.","Israeli military ASSAULT Hezbollah-linked sites near Tyre and residents of nearby villages","CONFLICT","ASSAULT","-0.9","Israeli military","Israeli military","Israel (83)","Hezbollah-linked sites near Tyre; Residents of five nearby villages near Tyre","Hezbollah-linked sites; Residents of five nearby villages near Tyre","Lebanon (95); Lebanon (95)","","","","Near Tyre, southern Lebanon; Five nearby villages near Tyre","","Lebanon (95); Lebanon (95)","1",""
"1e35e63562d4","2026-05-15","An Israeli air strike targeted a civil defense center in the town of Harouf, southern Lebanon, resulting in the deaths of six individuals, including three paramedics, and leaving a fourth paramedic critically injured. This incident occurred amidst ongoing tensions despite a recently agreed 45-day ceasefire between Israel and Lebanon.","An Israeli air strike on a town in southern Lebanon has killed six people, including three paramedics, according to Lebanon's health ministry.","Israeli military ASSAULT Lebanese civilians and Lebanese paramedics","CONFLICT","ASSAULT","-0.9","Israeli military","Israeli military","Israel (83)","Lebanese civilians; Lebanese paramedics","Lebanese civilians; Lebanese paramedics","Lebanon (95); Lebanon (95)","","","","Hararit","","Lebanon (95)","2",""
"38ee0bbe012b","2026-05-13","Israeli air strikes intensified across Lebanon, resulting in at least 12 fatalities in seven separate attacks targeting vehicles in southern Lebanon and areas south of Beirut. The strikes aimed at Hezbollah fighters and infrastructure occurred despite a US-mediated ceasefire announced in April, which has been under strain due to ongoing cross-border exchanges of fire.","Israeli air strikes intensified across Lebanon on Wednesday, with Lebanese health authorities reporting at least 12 people killed in seven separate attacks targeting vehicles in southern Lebanon and areas south of Beirut.","Israeli military ASSAULT Hezbollah fighters and Lebanese civilians","CONFLICT","ASSAULT","-0.9","Israeli military","Israeli military","Israel (83)","Hezbollah fighters; Lebanese civilians","Hezbollah; Lebanese civilians","Lebanon (95); Lebanon (95)","United States","United States","USA (185)","Lebanon; Southern Lebanon; Areas south of Beirut","","Lebanon (95); Lebanon (95); Lebanon (95)","16",""
"5ff934c3df9a","2026-05-13","Israel intensified military strikes on Lebanon, resulting in the deaths of nine individuals, including two children, as reported by Beirut’s health ministry. The attacks targeted vehicles between Beirut and Sidon, despite an existing ceasefire between Israel and Hezbollah. The Israeli military confirmed that the strikes were aimed at Hezbollah targets in southern Lebanon.","Israel intensified strikes on Lebanon Wednesday, with Beirut’s health ministry reporting nine people, including two children, killed in attacks targeting cars between the capital and the coastal city of Sidon despite a ceasefire between Israel and Hezbollah.","Israel ASSAULT Hezbollah and civilians in Lebanon","CONFLICT","ASSAULT","-0.9","Israel","Israel","Israel (83)","Hezbollah; Civilians in Lebanon","Hezbollah; Lebanese civilians","Lebanon (95); Lebanon (95)","","","","Lebanon; Beirut; Sidon; southern Lebanon","","Lebanon (95); Lebanon (95); Lebanon (95); Lebanon (95)","4",""
"0b048c2e9b38","2026-05-13","Israeli warplanes and drones conducted intensified military raids across various regions in Lebanon, including the South and the Chouf coast, resulting in civilian casualties and significant property damage. The Lebanese Ministry of Health reported eight fatalities, including two children, due to these strikes that targeted towns such as Barja, Jiyeh, and Saadiyat, as well as civilian vehicles in Sidon and along major roads.","The Lebanese arena witnessed a dangerous military escalation today, Wednesday, as Israeli warplanes and drones intensified their raids on various areas, including the South and the Chouf coast in Mount Lebanon.","Israeli warplanes ASSAULT Lebanese civilians","CONFLICT","ASSAULT","-0.9","Israeli warplanes","Israeli warplanes","Israel (83)","Lebanese civilians","Lebanese civilians","Lebanon (95)","","","","Lebanon; South Lebanon; Chouf; Barja; Jiyeh; Saida City; Sidon","","Lebanon (95); Lebanon (95); Lebanon (95); Lebanon (95); Lebanon (95); Lebanon (95); Lebanon (95)","1",""
"be35236568bb","2026-05-13","Lebanese Prime Minister Nawaf Salam publicly stated that Israeli forces control 68 locations and villages in southern Lebanon, particularly around Bint Jbeil, following recent escalations with Hezbollah. This statement highlights the establishment of an expanded Israeli 'security zone' that extends several kilometers into Lebanese territory amid rising regional tensions and ongoing cross-border confrontations.","Lebanese Prime Minister Nawaf Salam stated publicly that Israeli forces currently control 68 locations and villages in southern Lebanon following the latest escalation with Hezbollah, warning that parts of the south — particularly areas surrounding Bint Jbeil — now resemble the scale of destruction witnessed in the Gaza Strip.","Israeli forces ACCUSE Lebanese territory","CONFLICT","ACCUSE","-0.3","Israeli forces","Israeli military","Israel (83)","Lebanese territory","Lebanese sovereignty","Lebanon (95)","Lebanese Prime Minister Nawaf Salam; Hezbollah","Prime Minister Nawaf Salam; Hezbollah","Lebanon (95); Lebanon (95)","southern Lebanon; Bint Jbeil","","Lebanon (95); Lebanon (95)","1",""
"8f21016d9859","2026-05-12","Israeli air strikes in Nabatieh, Lebanon, resulted in the deaths of two paramedics from the Lebanese Civil Defense emergency service while they were responding to an earlier attack. This incident is part of ongoing hostilities between Israel and Hezbollah, with a total of at least 10 fatalities reported in southern Lebanon due to the strikes.","On Tuesday afternoon, Lebanon's health ministry said two paramedics from the state-run Lebanese Civil Defense emergency service were killed and a third was injured in an Israeli strike on Nabatieh, as they carried out a mission in response to an earlier attack that killed one person.","Israel ASSAULT Lebanese Civil Defense paramedics","CONFLICT","ASSAULT","-0.9","Israel","Israel","Israel (83)","Lebanese Civil Defense paramedics","Lebanese paramedics","Lebanon (95)","Hezbollah","Hezbollah","Lebanon (95)","Nabatieh; Southern Lebanon","","Lebanon (95); Lebanon (95)","1",""
"88bdd55e6559","2026-05-11","An Israeli drone strike targeted a house in the Zibdin area of Nabatieh district, southern Lebanon, resulting in the deaths of two Bangladeshi nationals, Shafiqul Islam and Nahidul Islam. The strike occurred around noon local time, amidst ongoing tensions and military operations in the region.","Two Bangladeshi nationals killed in an Israeli drone strike on a house in southern Lebanon’s Nabatieh district on Monday.","Israeli military ASSAULT Bangladeshi civilians","CONFLICT","ASSAULT","-0.9","Israeli military","Israeli military","Israel (83)","Bangladeshi civilians","Bangladeshi civilians","Lebanon (95)","","","","Zibni area, Nabatieh district; Southern Lebanon","","Lebanon (95); Lebanon (95)","1",""
"430035fa0040","2026-05-10","The Israeli military conducted approximately 40 air strikes targeting various villages in southern Lebanon, including the village of Yohmor and Zawtar El Gharbiyeh. This military action occurred during the final hours of Sunday, amidst rising tensions despite an existing ceasefire agreement.","According to local media, the Israeli military launched around 40 air strikes across villages in southern Lebanon during the final hours of Sunday.","Israeli military ASSAULT various villages in southern Lebanon, including Yahoud and Zawtar El Gharbiyah.","CONFLICT","ASSAULT","-0.9","Israeli military","Israeli military","Israel (83)","Various villages in southern Lebanon; Yahmour; Zawtar El Gharbiyah","Residents of seven towns in southern Lebanon; Yahmour; Zawtar El Gharbiyah","Lebanon (95); Lebanon (95); Lebanon (95)","","","","southern Lebanon; Yahmour; Zawtar El Gharbiyah","","Lebanon (95); Lebanon (95); Lebanon (95)","1",""
"92ad8c7487db","2026-05-10","Israel conducted airstrikes on over 20 locations in southern Lebanon, resulting in the deaths of two paramedics affiliated with the Hezbollah-linked Islamic Health Committee. This military action occurred despite a ceasefire that has been in effect since April 17, aimed at halting hostilities with Hezbollah.","Israel kept up strikes on south Lebanon on Sunday despite a ceasefire, Lebanese state media reported, with authorities saying two paramedics from the Hezbollah-affiliated Islamic Health Committee were killed.","Israel ASSAULT Islamic Health Committee paramedics","CONFLICT","ASSAULT","-0.9","Israel","Israel","Israel (83)","Islamic Health Committee paramedics","Islamic Health Committee","Lebanon (95)","Hezbollah","Hezbollah","Lebanon (95)","Southern Lebanon","","Lebanon (95)","1",""
"c9233ff344cb","2026-05-10","Israeli troops conducted a raid in the area of the Litani river in south Lebanon, engaging in exchanges of fire with Hezbollah. This operation aimed to clear terrorist infrastructure and establish operational control in the region, with soldiers operating south of the Israeli-declared 'yellow line'.","The Israeli military said on Tuesday its troops had conducted a days-long raid in the area of the Litani river in south Lebanon, where exchanges of fire with Hezbollah persist despite a ceasefire.","Israeli troops ASSAULT Hezbollah","CONFLICT","ASSAULT","-0.9","Israeli troops","Israeli troops","Israel (83)","Hezbollah","Hezbollah","Lebanon (95)","","","","Litani River, South Lebanon; South of the Israeli-declared 'yellow line'","","Lebanon (95); Lebanon (95)","1",""
"c277c9b76d32","2026-05-09","Israeli jets conducted airstrikes targeting more than 10 towns in southern Lebanon, resulting in at least 24 fatalities. This military action occurred despite an ongoing ceasefire between Iran and the United States, which has been in effect since last month.","Israel on Saturday killed at least 24 people in a wave of attacks despite a ceasefire that took effect last month.","Israeli jets ASSAULT Lebanese civilians","CONFLICT","ASSAULT","-0.9","Israeli jets","Israeli fighter jets","Israel (83)","Lebanese civilians","Lebanese civilians","Lebanon (95)","Iran; United States","Iran; United States","Iran (80); USA (185)","Southern Lebanon","","Lebanon (95)","1",""
"a9ca6dfd7ccd","2026-05-09","Israeli airstrikes targeted multiple locations in southern Lebanon, including the town of Saksakiyeh, resulting in the deaths of eight individuals and injuring 15 others, including three children. This occurred despite a three-week-old ceasefire between Israel and Hezbollah.","Authorities reported eight people killed in Israeli airstrikes in southern Lebanon on Saturday, with more raids targeting a highway south of Beirut outside Hezbollah's traditional strongholds and far from the centre of ongoing fighting.","Israeli airstrikes ASSAULT civilians in southern Lebanon","CONFLICT","ASSAULT","-0.9","Israeli airstrikes","Israeli airstrikes","Israel (83)","Civilians in southern Lebanon","Lebanese civilians","Lebanon (95)","Hezbollah","Hezbollah","Lebanon (95)","Southern Lebanon; Saksakiayaq","","Lebanon (95); Lebanon (95)","1",""
"f1486c739269","2026-05-09","Israeli airstrikes targeted a residential house in Kfar Dounine, southern Lebanon, resulting in at least six fatalities and seven injuries. The strikes occurred despite an existing ceasefire agreement and highlight the ongoing military operations against the Iran-backed Hezbollah group.","At least six people were killed and seven others injured after Israeli airstrikes targeted southern Lebanon late Monday, according to Lebanese state media.","Israeli airstrikes ASSAULT residents of a house in Kfar Dounine","CONFLICT","ASSAULT","-0.9","Israeli airstrikes","Israeli airstrikes","Israel (83)","Residents of a house in Kfar Dounine","Residents of a house in Kfar Dounine","Lebanon (95)","Hezbollah; Iran","Hezbollah; Iran","Lebanon (95); Iran (80)","Kfar Dounine","","Lebanon (95)","1",""
"500654907989","2026-05-09","The Israeli military issued evacuation orders for nine villages in South Lebanon as it conducted airstrikes, resulting in casualties including one man killed and three others on the Burj Rahhal-Abbasiyeh road. The strikes were part of ongoing military operations against Hezbollah infrastructure, despite a declared truce.","The Israeli military issued evacuation orders for nine South Lebanon villages on Saturday as it continued its deadly strikes despite a truce, as the US said it will facilitate talks between the two countries next week.","Israeli military ASSAULT Nine villages in South Lebanon","CONFLICT","ASSAULT","-0.9","Israeli military","Israeli military","Israel (83)","Nine villages in South Lebanon","Residents of seven towns in southern Lebanon","Lebanon (95)","Hezbollah","Hezbollah","Lebanon (95)","South Lebanon; Burj Rahhal-Abbasiyeh road","","Lebanon (95); Lebanon (95)","1",""
"471426881333","2026-05-08","The Israeli Air Force conducted an airstrike on the town of Tyre in the Tyre district of southern Lebanon, resulting in the deaths of four individuals, including two women, and injuring eight others, including one woman. This attack is reported as a violation of the temporary ceasefire agreement that had been in effect since mid-April.","The Israeli enemy's airstrike on the town of Tyre in the Tyre district resulted, in an initial count, in four martyrs, including two women, and eight wounded, including a woman.","Israeli Air Force ASSAULT Civilians in Tyre","CONFLICT","ASSAULT","-0.9","Israeli Air Force","Israeli Air Force","Israel (83)","Civilians in Tyre","Civilians in Tyre","Lebanon (95)","","","","Tyr","","Lebanon (95)","1",""
"7ad7023d28f8","2026-05-07","An Israeli airstrike targeted an ambulance team in the town of Majdal Selm, southern Lebanon, killing a paramedic from the Islamic Health Society and injuring another. This action was condemned by Lebanon's health ministry as a violation of international humanitarian law.","An Israeli airstrike targeted an ambulance team in the town of Majdal Selm, killing a paramedic from the Islamic Health Society and injuring another, said Lebanon's Public Health Emergency Operations Center.","Israeli airstrike ASSAULT Islamic Health Society ambulance team","CONFLICT","ASSAULT","-0.9","Israeli airstrike","Israeli airstrikes","Israel (83)","Islamic Health Society ambulance team; Paramedic from Islamic Health Society","Islamic Health Society ambulance team; Paramedic from Islamic Health Society","Lebanon (95); Lebanon (95)","","","","Majdal Selm","","Lebanon (95)","1",""
"7f0e9b789eb0","2026-05-07","The Israeli military conducted an airstrike in the Ghobeiry area of Beirut, Lebanon, resulting in the death of Ahmed Blout, a senior commander of Hezbollah’s Radwan Force. This operation was confirmed by Israeli Prime Minister Benjamin Netanyahu, who stated that the action was taken in response to an imminent security threat, emphasizing that 'no terrorist has immunity.'","Last night we eliminated the commander of Hezbollah’s Radwan Force in the heart of Beirut,” adding, 'I say clearly to our enemies: no terrorist has immunity. Anyone who threatens the State of Israel will pay the price.'","Israeli military ASSAULT Ahmed Blout","CONFLICT","ASSAULT","-0.9","Israeli military","Israeli military","Israel (83)","Ahmed Blout","Ahmed Blout","Lebanon (95)","Hezbollah; Benjamin Netanyahu","Hezbollah; Benjamin Netanyahu","Lebanon (95); Israel (83)","Habbouchiya, Beirut","","Lebanon (95)","1",""
"d948d7fe2935","2026-05-07","An Israeli drone raid struck a vehicle in the Hasbaya District of southern Lebanon, resulting in the death of a civil defense member. This incident occurred amid ongoing tensions in the region.","In another raid, an Israeli drone struck a vehicle on the road in the Hasbaya District, killing a civil defense member.","Israeli drone raid ASSAULT civilian vehicle occupant","CONFLICT","ASSAULT","-0.9","Israeli drone raid","Israeli drone raid","Israel (83)","Civilian vehicle occupant","Civilian vehicle occupant","Lebanon (95)","","","","Hasbaya District, southern Lebanon","","Lebanon (95)","1",""
"5e9221131ad7","2026-05-07","Israeli airstrikes in Lebanon resulted in the deaths of at least 12 individuals, including two children and a paramedic, on May 7, 2026. The strikes occurred in various locations, including the Nabatieh and Marajayoun districts, despite an existing ceasefire. The Lebanese health ministry condemned the attacks, particularly highlighting the death of a paramedic affiliated with the Hezbollah-supported Islamic Health Committee.","Lebanon’s health ministry reported at least 12 people killed, including two children and a paramedic, in a series of Israeli airstrikes on Thursday in spite of a ceasefire.","Israeli military ASSAULT Lebanese civilians and the Hezbollah-supported Islamic Health Committee","CONFLICT","ASSAULT","-0.9","Israeli military","Israeli military","Israel (83)","Lebanese civilians; Hezbollah-supported Islamic Health Committee","Lebanese civilians; Hezbollah-supported Islamic Health Committee","Lebanon (95); Lebanon (95)","","","","Nabatieh District; Marjayoun District","","Lebanon (95); Lebanon (95)","21",""
"a2b956256990","2026-05-07","Israel conducted an air strike in the southern suburbs of Beirut, known as Dahieh, targeting a commander of Hezbollah's elite Radwan Force. This action was approved by Israeli Prime Minister Benjamin Netanyahu and occurred while members of the unit were reportedly meeting. The strike represents a significant escalation in the ongoing conflict despite a ceasefire agreement announced on April 16.","In a statement, Israeli Prime Minister Benjamin Netanyahu said he had personally approved the strike which targeted a commander of the group’s elite Radwan Force.","Israel ASSAULT Hezbollah's elite Radwan Force commander","CONFLICT","ASSAULT","-0.9","Israel","Israel","Israel (83)","Hezbollah's elite Radwan Force commander","Hezbollah's Radwan Force","Lebanon (95)","Benjamin Netanyahu","Benjamin Netanyahu","Israel (83)","Dahieh, southern suburbs of Beirut","","Lebanon (95)","3",""
"13f7aaac0908","2026-05-06","The Israeli Air Force conducted airstrikes on more than 15 sites associated with the Iranian-backed Hezbollah organization in Lebanon. The targets included rocket launchers, weapons storage and production facilities, and terrorist headquarters, aimed at countering threats against Israeli Defense Forces (IDF) soldiers and Israeli territory.","On Wednesday, the Israeli Air Force struck more than 15 Hezbollah sites in Lebanon, including rocket launchers aimed at Israeli territory, the statement continued.","Israeli Air Force ASSAULT Hezbollah","CONFLICT","ASSAULT","-0.9","Israeli Air Force","Israeli Air Force","Israel (83)","Hezbollah","Hezbollah","Lebanon (95)","Israeli Defense Forces","Israeli military","Israel (83)","Lebanon","","Lebanon (95)","1",""
"b9ebc24bb4b4","2026-05-06","Israel conducted an airstrike in a southern suburb of Beirut, Lebanon, resulting in the death of a Hezbollah commander. This strike marks Israel's first military action in the city since a ceasefire was established in Lebanon the previous month.","Israel, meanwhile, said it killed a Hezbollah commander in a southern suburb of Beirut, its first strike on the city since a ceasefire began in Lebanon last month.","Israel ASSAULT Hezbollah commander","CONFLICT","ASSAULT","-0.9","Israel","Israel","Israel (83)","Hezbollah commander","Hezbollah commander","Lebanon (95)","","","","Southern suburb of Beirut; Beirut","","Lebanon (95); Lebanon (95)","1",""
"3bf442dae30d","2026-05-06","Israeli Prime Minister Benjamin Netanyahu and Defence Minister Israel Katz announced an attack on Hezbollah positions in southern Lebanon. This strike has increased tensions regarding the ceasefire that had previously halted Israeli attacks on Beirut, as Israeli forces continue operations in the region.","Prime Minister Benjamin Netanyahu and Defence Minister ‌Israel Katz announced the attack in a joint statement on Wednesday.","Benjamin Netanyahu and Israel Katz ASSAULT Hezbollah","CONFLICT","ASSAULT","-0.9","Benjamin Netanyahu; Israel Katz","Benjamin Netanyahu; Israel Katz","Israel (83); Israel (83)","Hezbollah","Hezbollah","Lebanon (95)","","","","southern Lebanon; Hezbollah positions in southern Lebanon","","Lebanon (95); Lebanon (95)","1",""
"fb4854a58b71","2026-05-06","An Israeli airstrike targeted a meeting of Hezbollah's Radwan force in Ghobeiri, a southern suburb of Beirut, resulting in the death of Malek Ballout, the operations commander, along with at least 11 other casualties. The strike marks the first attack on the area in nearly a month.","A senior commander from Hezbollah's elite force was killed in an Israeli strike on Beirut's southern suburbs on Wednesday, the first on the area in nearly a month, a source close to the group said.","Israeli Air Force ASSAULT Hezbollah's Radwan Force and Malek Ballout","CONFLICT","ASSAULT","-0.9","Israeli Air Force","Israeli Air Force","Israel (83)","Hezbollah's Radwan Force; Malok Ballout","Hezbollah's Radwan Force; Malok Ballout","Lebanon (95); Lebanon (95)","","","","Ghobeiry; Beirut","","Lebanon (95); Lebanon (95)","1",""
"895028eb5082","2026-05-06","The Israeli Air Force conducted an airstrike in the Dahieh suburb of Beirut, Lebanon, targeting Hezbollah commander Malek Balut and resulting in his death along with several other fighters. This operation was aimed at eliminating Balut, who was believed to be hiding in an apartment, and marked the first strike since a ceasefire took effect three weeks prior.","The Israeli Air Force has carried out a strike in a suburb of Beirut for the first time since a ceasefire took effect three weeks ago, targeting a commander of Hezbollah’s Radwan unit, officials said.","Israeli Air Force ASSAULT Hezbollah fighters and Malek Balut","CONFLICT","ASSAULT","-0.9","Israeli Air Force","Israeli Air Force","Israel (83)","Hezbollah fighters; Malek Balut","Hezbollah; Malek Balut","Lebanon (95); Lebanon (95)","","","","Dahieh suburb, Beirut","","Lebanon (95)","1",""
"a033c444d41a","2026-05-06","Israeli airstrikes targeted a residential building in the eastern Bekaa Valley, Lebanon, resulting in the deaths of at least four individuals, including two women and an elderly man. This attack intensified fears among civilians and reportedly struck the home of a town mayor, leading to multiple fatalities within the same family.","Fresh violence erupted in Lebanon on Wednesday as Israeli airstrikes in the eastern Bekaa Valley killed at least four people.","Israeli airstrikes ASSAULT residents of a residential building and the home of the town mayor in eastern Bekaaouni, Lebanon.","CONFLICT","ASSAULT","-0.9","Israeli airstrikes","Israeli airstrikes","Israel (83)","Residents of a residential building in eastern Bekaaouni; Home of the town mayor in eastern Bekaaouni","Residents of a residential building in eastern Bekaaouni; Home of the town mayor in eastern Bekaaouni","Lebanon (95); Lebanon (95)","","","","Bekaaoundi","","Lebanon (95)","1",""
"bc1dca4e707b","2026-05-06","Israeli military forces conducted an airstrike in Ghobeiri, a Hezbollah stronghold in the southern suburbs of Beirut, Lebanon, resulting in the death of Malek Ballout, a senior commander of Hezbollah's elite Radwan force. The strike was aimed at neutralizing Ballout due to his involvement in attacks against Israeli settlements and IDF soldiers.","Israeli Prime Minister Benjamin Netanyahu said that his military targeted 'the commander of Hezbollah's Radwan force.' In a post on X, he added, 'I instructed, together with Defense Minister Israel Katz, to strike now in Beirut the commander of the Radwan Force in the terrorist organization Hezbollah in order to neutralize him.'","Israeli military forces ASSAULT Malek Ballout","CONFLICT","ASSAULT","-0.9","Israeli military forces","Israeli military","Israel (83)","Malek Ballout","Malek Ballout","Lebanon (95)","Hezbollah; Radwan force; Israeli Defense Forces","Hezbollah; Radwan force; Israeli military","Lebanon (95); Lebanon (95); Israel (83)","Ghazibe; Southern suburbs of Beirut","","Lebanon (95); Lebanon (95)","10",""
"d3ce6fde5d09","2026-05-05","Israeli military forces conducted expanded strikes deeper into Lebanon, targeting Hezbollah-linked positions. This escalation comes amid intensified cross-border attacks from Hezbollah and renewed political negotiations involving the United States, Israel, Lebanon, Qatar, and Pakistan, as the region remains unstable.","Over the last 48 hours, Israeli strikes expanded deeper into Lebanon, Hezbollah intensified cross-border attacks and renewed political negotiations emerged involving the United States, Israel, Lebanon, Qatar and Pakistan.","Israeli military forces ASSAULT Hezbollah-linked positions in Lebanon","CONFLICT","ASSAULT","-0.9","Israeli military forces","Israeli military","Israel (83)","Hezbollah-linked positions","Hezbollah-linked positions","Lebanon (95)","United States; Israel; Lebanon; Qatar; Pakistan","United States; Israel; Lebanon; Qatar; Pakistan","USA (185); Israel (83); Lebanon (95); Qatar (139); Pakistan (130)","Lebanon","","Lebanon (95)","1",""
"6d88d7d4b573","2026-05-04","The Israeli military deployed a new drone interception system called the Iron Drone Raider, manufactured by Aerobotix, to intercept Hezbollah drones targeting Israeli forces and settlements near the border. This system utilizes AI-driven technology to detect and capture hostile drones using nets, amid ongoing ceasefire violations.","The Israeli military has reportedly begun using a new drone system equipped with nets in an effort to intercept Hezbollah drones launched at Israeli forces and at settlements close to the border, as strikes continue to intensify in the country, despite a ceasefire.","Israeli military COOPERATE Hezbollah by deploying the Iron Drone Raider drone interception system","COOPERATION","COOPERATE","0.8","Israeli military","Israeli military","Israel (83)","Hezbollah","Hezbollah","Lebanon (95)","","","","Near the border","","Unknown","1",""
"2906b0ecc446","2026-05-03","Humanitarian officials reported ongoing violence and destruction in Lebanon despite a ceasefire that began on April 17, 2026. Civilians in southern Lebanon and parts of the Bekaa Valley continue to face life-threatening conditions, with many displaced individuals unable to return to their homes due to restrictions imposed by the Israeli army.","""Civilians in the south of Lebanon and parts of the Bekaa [Valley] are really living with the same fear for their lives as before the ceasefire and more are being forced to flee...many of the displaced are not even allowed to return by the Israeli army in areas it controls in the south,"" said Karolina Lindholm Billing, UN refugee agency ( UNHCR ) Representative in Lebanon.","Israeli army COERCE Civilians in southern Lebanon and displaced individuals in Bekaahta","CONFLICT","COERCE","-0.6","Israeli army","Israeli military","Israel (83)","Civilians in southern Lebanon; Displaced individuals in Bekaahta","Lebanese civilians; Displaced individuals in Bekaahta","Lebanon (95); Lebanon (95)","","","","Lebanon; southern Lebanon; Bekaa Valley","","Lebanon (95); Lebanon (95); Lebanon (95)","1",""
"a6e54a132509","2026-05-02","The Israeli military conducted widespread strikes targeting Hezbollah military sites in southern Lebanon, resulting in the dismantling of approximately 70 military structures and 50 infrastructure sites. Following these operations, Israel ordered residents in parts of southern Lebanon to evacuate their homes and move at least 1,000 meters away from suspected Hezbollah positions due to the risk posed by the ongoing military actions.","Israel’s military on Sunday ordered residents in parts of southern Lebanon to evacuate their homes and move at least 1,000 meters away from suspected Hezbollah positions, after carrying out widespread strikes a day earlier that it said targeted dozens of Hezbollah military sites despite a fragile ceasefire still formally in place.","Israeli military ASSAULT Hezbollah military and residents of southern Lebanon","CONFLICT","ASSAULT","-0.9","Israeli military","Israeli military","Israel (83)","Hezbollah military; Residents of southern Lebanon","Hezbollah; Residents of southern Lebanon","Lebanon (95); Lebanon (95)","","","","southern Lebanon","","Lebanon (95)","15",""
"32bcbad61deb","2026-05-01","Israel conducted multiple airstrikes in the Nabatieh area of southern Lebanon, targeting vehicles near Kfar Dajjal and roads connecting Kfar Dajjal and Adchit. The strikes were aimed at Hezbollah positions beyond a self-declared buffer zone, amidst ongoing tensions and a fragile ceasefire in the region.","Lebanese officials report multiple Israeli airstrikes in the Nabatieh area, including drone attacks targeting vehicles near Kfar Dajjal and roads connecting Kfar Dajjal and Adchit.","Israel ASSAULT Hezbollah","CONFLICT","ASSAULT","-0.9","Israel","Israel","Israel (83)","Hezbollah","Hezbollah","Lebanon (95)","","","","Nabatieh area, southern Lebanon; Kfar Dajjal; Adchit","","Lebanon (95); Lebanon (95); Lebanon (95)","1",""
"d92b63e5bafe","2026-05-01","Israeli airstrikes targeted the southern town of Habboush in Lebanon, resulting in the deaths of six individuals, including a woman and a child, and wounding eight others. This military action occurred despite an existing ceasefire and followed an Israeli evacuation warning to civilians.","Lebanon’s Health Ministry reported that six people, including a woman and a child, were killed on Friday in Israeli airstrikes on the southern town of Habboush.","Israeli Air Force ASSAULT Civilians in Habboush","CONFLICT","ASSAULT","-0.9","Israeli Air Force","Israeli Air Force","Israel (83)","Civilians in Habboush","Civilians in Habbouchiye","Lebanon (95)","","","","Habboush","","Lebanon (95)","1",""
"1dd7ee9b4e56","2026-05-01","Israeli warplanes conducted a series of airstrikes in southern Lebanon, specifically targeting the town of Habboush and Zrariyeh, resulting in the deaths of 12 individuals, including women and a child, and injuring 25 others. This action occurred despite a ceasefire and an evacuation order issued by the Israeli army.","Lebanon’s health ministry said 12 people were killed on Friday in Israeli strikes in the south, including in a town where Israel’s army had issued an evacuation order despite a ceasefire.","Israeli warplanes ASSAULT Civilians in Habboush and Zrariyeh","CONFLICT","ASSAULT","-0.9","Israeli warplanes","Israeli warplanes","Israel (83)","Civilians in Habboush and Zrariyeh","Civilians in Habbouchiye","Lebanon (95)","","","","Habboush; Zrariyeh; Southern Lebanon","","Lebanon (95); Lebanon (95); Lebanon (95)","1",""
"9c41bb798f52","2026-05-01","Israeli airstrikes targeted multiple locations in southern Lebanon, including Ain Baal and Louaizeh, resulting in at least six fatalities and numerous injuries. The strikes occurred amid claims of a ceasefire, with Hezbollah stating it conducted defensive actions against Israeli soldiers.","In one strike on the town of Ain Baal in the Tyre district, one person was killed and seven others were injured, including three women... Another attack hit a residential home in Louaizeh in the Iqlim al-Tuffah area, resulting in three fatalities.","Israeli airstrikes ASSAULT Hezbollah and Lebanese soldiers","CONFLICT","ASSAULT","-0.9","Israeli airstrikes","Israeli airstrikes","Israel (83)","Hezbollah; Lebanese soldiers","Hezbollah; Lebanese army","Lebanon (95); Lebanon (95)","","","","southern Lebanon; Ain Baal; Louaissaem","","Lebanon (95); Lebanon (95); Lebanon (95)","1",""
"fc9c81469811","2026-04-29","The Israel Defense Forces (IDF) engaged in a firefight with Hezbollah in southern Lebanon, with both sides accusing each other of violating a ceasefire. The Lebanese Armed Forces reported that an Israeli strike in Khirbet Selm resulted in the deaths of a Lebanese soldier and his brother, who were traveling on a motorcycle. Additionally, Hezbollah launched two rockets at the Upper Galilee, one of which was intercepted by the IDF.","The Israel Defense Forces traded fire with Hezbollah on Wednesday as each side accused the other of violating a shaky ceasefire, which Lebanese President Joseph Aoun said his government was working hard to 'consolidate.'","Israel Defense Forces and Hezbollah ASSAULT Lebanese Armed Forces","CONFLICT","ASSAULT","-0.9","Israel Defense Forces; Hezbollah","Israeli military; Hezbollah","Israel (83); Lebanon (95)","Lebanese Armed Forces","Lebanese army","Lebanon (95)","","","","southern Lebanon; Khirbet Selh; Upper Galilee","","Lebanon (95); Lebanon (95); Lebanon (95)","1",""
"e5a75cc6dee8","2026-04-29","An Israeli military strike in Bint Jbeil, southern Lebanon, resulted in the deaths of a Lebanese soldier and his brother. They were traveling on a motorcycle from the soldier's post to his home at the time of the strike. The incident has been condemned by Lebanese officials, with Prime Minister Nawaf Salam labeling it a 'war crime'.","A Lebanese soldier and his brother were killed in an Israeli strike in Bint Jbeil in southern Lebanon, the Lebanese army said on Wednesday.","Israeli military ASSAULT Lebanese soldier and his brother","CONFLICT","ASSAULT","-0.9","Israeli military","Israeli military","Israel (83)","Lebanese soldier; Lebanese soldier's brother","Lebanese army; Lebanese soldier's brother","Lebanon (95); Lebanon (95)","","","","Bint Jbeil; Southern Lebanon","","Lebanon (95); Lebanon (95)","1",""
"0d8cfefa13a2","2026-04-29","Israeli airstrikes targeted a residential building in Jibchit, southern Lebanon, resulting in the deaths of five members of the Bahja family, including Mohammad Jawad Bahja and his wife Lotfiya, as well as Amani Jaber and her two children. The strikes are part of ongoing ceasefire violations that threaten regional stability.","Israeli airstrikes have killed five members of the same family in southern Lebanon, as repeated ceasefire violations by Israel threaten to unravel a fragile ceasefire and intensify instability across the region.","Israeli airstrikes ASSAULT Bahija family","CONFLICT","ASSAULT","-0.9","Israeli airstrikes","Israeli airstrikes","Israel (83)","Bahija family","Bahija family","Lebanon (95)","","","","Jibchit","","Lebanon (95)","1",""
"7a5738bae870","2026-04-28","Israeli forces conducted airstrikes in southern Lebanon, targeting the villages of Chakra, Tebnine, and Kafra, as well as executing a drone strike on a motorcycle in the village of Mansouri. The strikes occurred on April 28, 2026, and there was no immediate information regarding casualties.","Lebanon's state-run National News Agency said Israeli airstrikes hit the villages of Chakra, Tebnine and Kafra in southern Lebanon on Tuesday.","Israeli forces ASSAULT residents of Chakra, Tebnine, Kafra, and Mansouri","CONFLICT","ASSAULT","-0.9","Israeli forces","Israeli military","Israel (83)","Residents of Chakra; Residents of Tebnine; Residents of Kafra; Residents of Mansouri","Residents of Chakra; Residents of Tebnine; Residents of Kafra; Residents of Mansouri","Lebanon (95); Lebanon (95); Lebanon (95); Lebanon (95)","","","","Southern Lebanon; Chakra; Tebnine; Kafra; Mansouri","","Lebanon (95); Lebanon (95); Lebanon (95); Lebanon (95); Lebanon (95)","1",""
"d94d868417d9","2026-04-28","Israeli airstrikes targeted the village of Majdal Zoun in southern Lebanon, resulting in the deaths of at least seven individuals, including three Lebanese Civil Defense rescuers. The airstrikes occurred while the rescuers were conducting a mission, leading to condemnation from Lebanese President Joseph Aoun for the violation of international laws.","At least seven people were killed in Israeli airstrikes on southern Lebanon on Tuesday, including three Lebanese Civil Defense rescuers, according to Lebanon's Health Ministry, reported Xinhua.","Israeli airstrikes ASSAULT residents of Majdal Zoun and Lebanese Civil Defense rescue workers","CONFLICT","ASSAULT","-0.9","Israeli airstrikes","Israeli airstrikes","Israel (83)","Residents of Majdal Zoun; Lebanese Civil Defense rescue workers","Residents of Majdal Zoun; Civil defense rescuers in southern Lebanon","Lebanon (95); Lebanon (95)","Joseph Aoun","Joseph Aoun","Lebanon (95)","Majdal Zoun; southern Lebanon","","Lebanon (95); Lebanon (95)","1",""
"8385e2c6fb5a","2026-04-26","On April 26, 2026, Israeli military strikes in southern Lebanon resulted in the deaths of 14 individuals, including two children and two women, and left 37 others wounded. The Israeli military warned residents to evacuate seven towns beyond the buffer zone, citing violations of the ceasefire by the Lebanese armed group Hezbollah, and stated that military operations would continue against Hezbollah targets.","Israeli strikes killed 14 people and wounded 37 on April 26, Lebanon’s health ministry said, as the Israeli military warned residents to leave seven towns beyond the 'buffer zone' it occupied before a ceasefire that has failed to fully halt hostilities.","Israeli military ASSAULT Lebanese civilians in southern Lebanon and Hezbollah","CONFLICT","ASSAULT","-0.9","Israeli military","Israeli military","Israel (83)","Lebanese civilians in southern Lebanon; Hezbollah","Lebanese civilians; Hezbollah","Lebanon (95); Lebanon (95)","","","","southern Lebanon; seven towns beyond the buffer zone","","Lebanon (95); Lebanon (95)","18",""
"d1941d9717b9","2026-04-26","The Israeli military issued evacuation orders for civilians in southern Lebanon, specifically in at least seven towns, due to intensified military actions planned against Hezbollah. This decision follows accusations against Hezbollah for violating a fragile ceasefire, prompting Israeli Prime Minister Benjamin Netanyahu to order a forceful response.","Israel’s military on Sunday issued fresh evacuation orders for civilians in southern Lebanon, warning of intensified action against Hezbollah as a fragile ceasefire continues to erode.","Israeli military AID civilians in southern Lebanon","COOPERATION","AID","0.8","Israeli military","Israeli military","Israel (83)","Civilians in southern Lebanon","Lebanese civilians","Lebanon (95)","Hezbollah; Benjamin Netanyahu","Hezbollah; Benjamin Netanyahu","Lebanon (95); Israel (83)","southern Lebanon; seven towns in southern Lebanon","","Lebanon (95); Lebanon (95)","1",""
"7b00d30f112b","2026-04-26","The Israeli Defense Forces (IDF) ordered residents in seven villages south of the Litani River in Lebanon to evacuate their homes due to breaches of a recently renewed truce, citing violations by the terrorist organization Hezbollah. This action represents a significant escalation in tensions along the Israel-Lebanon border.","In light of the terrorist organisation Hezbollah's violation of the ceasefire agreement, the IDF is compelled to take decisive action against it.","Israeli Defense Forces (IDF) ACCUSE residents of seven Lebanese villages south of the Litani River","CONFLICT","ACCUSE","-0.3","Israeli Defense Forces (IDF)","Israel Defense Forces (IDF)","Israel (83)","Residents of seven villages south of the Litani River","Residents of seven villages south of the Litani River","Lebanon (95)","Hezbollah","Hezbollah","Lebanon (95)","Seven villages south of the Litani River","","Lebanon (95)","1",""
"ac19a7287b5b","2026-04-26","Israel launched a missile salvo targeting Lebanon, resulting in the deaths of 14 individuals and injuries to 37 others. The Israeli army issued evacuation warnings for residents in seven towns beyond a previously occupied buffer zone, amid escalating tensions and a fragile ceasefire.","Israel launched a missile salvo targeting Lebanon on Sunday (Apr 26), killing 14 people and wounding 37 others.","Israel ASSAULT Lebanese civilians","CONFLICT","ASSAULT","-0.9","Israel","Israel","Israel (83)","Lebanese civilians","Lebanese civilians","Lebanon (95)","","","","Lebanon","","Lebanon (95)","1",""
"e3f51293f0de","2026-04-26","The Israeli military issued new evacuation orders for residents in seven towns in southern Lebanon, warning them to leave due to ongoing military operations against Hezbollah. This action follows the death of an Israeli soldier and is part of Israel's response to what it claims are violations of the ceasefire by Hezbollah.","Israel issued new evacuation orders for southern Lebanon after one of its soldiers was killed, warning residents to leave seven towns beyond the 'buffer zone' it occupied before a ceasefire that has failed to fully halt hostilities.","Israeli military ACCUSE residents of seven towns in southern Lebanon","CONFLICT","ACCUSE","-0.3","Israeli military","Israeli military","Israel (83)","Residents of seven towns in southern Lebanon","Residents of seven towns in southern Lebanon","Lebanon (95)","Hezbollah","Hezbollah","Lebanon (95)","Southern Lebanon; Seven towns in southern Lebanon","","Lebanon (95); Lebanon (95)","4",""
"b2793f880b57","2026-04-26","Israeli warplanes conducted a series of airstrikes across multiple towns in southern Lebanon, including Safad al-Batikh, Kounine, Zawtar al-Gharbiyya, Zawtar al-Sharqiyya, Kfar Tibnit, Mifdoun, and Tulin, amid escalating cross-border hostilities. The strikes prompted evacuation warnings for residents in border communities, and local civil defense teams reported multiple injuries as rescue operations continued.","Israeli warplanes launched a series of airstrikes across multiple towns in southern Lebanon on Sunday, 26 April, striking Safad al-Batikh, Kounine, Zawtar al-Gharbiyya and Zawtar al-Sharqiyya, Kfar Tibnit, Mifdoun, Tulin, and surrounding areas near Bint Jbeil in the Nabatieh and Bint Jbeil districts, as cross-border hostilities escalated and evacuation warnings were issued to residents in border communities.","Israeli warplanes ASSAULT residents of southern Lebanon and local civil defense teams","CONFLICT","ASSAULT","-0.9","Israeli warplanes","Israeli warplanes","Israel (83)","Residents of southern Lebanon; Local civil defense teams in southern Lebanon","Residents of southern Lebanon; Civil defense center in southern Lebanon","Lebanon (95); Lebanon (95)","","","","Safad al-Batikh; KourINE; Zawtar al-Gharbiyya; Zawtar al-Sharqiyya; Kfar Tibnit; Mifdoun; Tuyon","","Lebanon (95); Lebanon (95); Lebanon (95); Lebanon (95); Lebanon (95); Lebanon (95); Lebanon (95)","1",""
"9965e628de16","2026-04-25","Israel conducted military strikes against Hezbollah in southern Lebanon, resulting in the deaths of six individuals. The strikes targeted a truck and a motorbike in the town of Yohmor al-Shaqeef, killing four people, and an airstrike in Safad al-Battikh, which resulted in two fatalities and 17 injuries. This action was part of Israel's intensified military approach amid a fragile ceasefire with Lebanon.","Lebanon's health ministry said Israeli strikes on Saturday in the country's south killed six people, despite a ceasefire that was extended this week in the war between Israel and militant group Hezbollah.","Israel ASSAULT Hezbollah","CONFLICT","ASSAULT","-0.9","Israel","Israel","Israel (83)","Hezbollah","Hezbollah","Lebanon (95)","","","","southern Lebanon; Yahmour al-Shaikh; Safad al-Battalh","","Lebanon (95); Lebanon (95); Lebanon (95)","2",""
"363a77e91ba7","2026-04-25","Israeli military forces conducted airstrikes in the town of Yohmor al-Shaqeef, located in the Nabatieh district of southern Lebanon, resulting in the deaths of four individuals. This action occurred despite a recently extended ceasefire in the ongoing conflict between Israel and the militant group Hezbollah.","Lebanon’s health ministry said Israeli strikes on Saturday in the country’s south killed four people, despite a ceasefire that was extended this week in the war between Israel and the militant group Hezbollah.","Israeli military forces ASSAULT civilians in Yohmor al-Shaqeef","CONFLICT","ASSAULT","-0.9","Israeli military forces","Israeli military","Israel (83)","Civilians in Yohmor al-Shaqeef","Civilians in Yohmor al-Shaqeef","Lebanon (95)","Hezbollah","Hezbollah","Lebanon (95)","Yohmor al-Shaqeef, Nabatieh district, southern Lebanon","","Lebanon (95)","5",""
"90b8533a8713","2026-04-23","The Israel Defense Forces (IDF) detained a suspected member of Hezbollah’s Radwan Force during an operation in southern Lebanon. The individual was believed to be preparing for an imminent attack on Israeli soldiers and surrendered without further incident. He has been transferred for interrogation as part of ongoing intelligence efforts.","The Israel Defense Forces says its troops have detained a suspected member of Hezbollah’s Radwan Force during an operation in southern Lebanon.","Israel Defense Forces COERCE a Radwan Force member","CONFLICT","COERCE","-0.6","Israel Defense Forces","Israeli military","Israel (83)","Radwan Force member","Radwan force","Lebanon (95)","Hezbollah","Hezbollah","Lebanon (95)","southern Lebanon","","Lebanon (95)","1",""
"012acdf53d96","2026-04-23","Ibrahim Olabi, a representative of Syria, accused Israel of using Syrian territory to launch military strikes on Lebanon during a speech before the Council. He claimed that Israel's actions are part of a broader strategy to destabilize Syria and that it has been conducting military operations from within Syria's borders.","Olabi also alleged that Israeli forces operate across borders from areas inside Syria, saying Israel 'uses Syrian territory that it has infiltrated as a launching point for military attacks targeting brotherly Lebanon.'","Israel ACCUSE Syria and Lebanon","CONFLICT","ACCUSE","-0.3","Israel","Israel","Israel (83)","Syria; Lebanon","Syria; Lebanon","Syria (169); Lebanon (95)","","","","Syrian territory; Lebanon","","Syria (169); Lebanon (95)","1",""
"ba48283d049e","2026-04-22","Israel's Foreign Minister Gideon Saar urged the government of Lebanon to cooperate with Israel against Hezbollah during a speech marking Israel's Independence Day. This call for collaboration comes ahead of renewed direct talks between Israel and Lebanon in Washington, aimed at addressing the threat posed by Hezbollah.","Tomorrow the direct talks between Israel and Lebanon will resume in Washington DC. I call on the government of Lebanon, let's work together against the terror state that Hezbollah built in your territory.","Israel and Israel's Foreign Minister Gideon Saar REQUEST Lebanon","CONFLICT","REQUEST","-0.2","Israel; Gideon Saar","Israel; Gideon Saar","Israel (83); Israel (83)","Lebanon","Lebanon","Lebanon (95)","Hezbollah","Hezbollah","Lebanon (95)","Washington","","USA (185)","1",""
"95c3e34b8fed","2026-04-22","The Israeli army demolished homes in southern Lebanon, which it has occupied since a ceasefire agreement with Hezbollah was reached the previous week. The Israeli military claims these homes were utilized as outposts by the Iran-backed militant group.","The Israeli army has been destroying homes in areas of southern Lebanon it has occupied since agreeing last week to a ceasefire with Hezbollah.","Israeli army ASSAULT homes in southern Lebanon","CONFLICT","ASSAULT","-0.9","Israeli army","Israeli military","Israel (83)","homes in southern Lebanon","homes in southern Lebanon","Lebanon (95)","Hezbollah; Iran","Hezbollah; Iran","Lebanon (95); Iran (80)","southern Lebanon","","Lebanon (95)","1",""
"f0c36a2d75ef","2026-04-22","Israel and Lebanon are set to hold their second ambassador-level talks at the US State Department in Washington, D.C. The talks will involve Israeli Ambassador Yechiel Leiter and Lebanese Ambassador Nada Hamadeh Moawad, aiming to address ongoing tensions following a recent ceasefire amid heightened conflict.","Israel and Lebanon are expected to hold their second ambassador-level talks at the US State Department in Washington, US media reported.","Israel and Lebanon CONSULT Israeli Ambassador Yechit Leiter and Lebanese Ambassador Nada Hamadeh Moawad at the US State Department in Washington, D.C.","COOPERATION","CONSULT","0.2","Israel; Lebanon","Israel; Lebanon","Israel (83); Lebanon (95)","Yechiel Leiter; Nada Hamadeh Moawad","Yechiel Leibler; Nada Hamadeh","Israel (83); Lebanon (95)","","","","US State Department, Washington, D.C.","","USA (185)","1",""
"3a4c2e05c12b","2026-04-22","A deadly airstrike in southern Lebanon resulted in the death of journalist Amal Khalil, who was reporting from a frontline area amid escalating tensions between Hezbollah and Israel. The incident has raised significant concerns regarding the safety of media workers in conflict zones and has prompted international reactions and calls for better protection for journalists.","A deadly airstrike in southern Lebanon has claimed the life of journalist Amal Khalil, intensifying concerns over the safety of media workers in conflict zones.","Hezbollah and Israel ACCUSE Amal Khalil and media workers in conflict zones","CONFLICT","ACCUSE","-0.2","Hezbollah; Israel","Hezbollah; Israel","Lebanon (95); Israel (83)","Amal Khalil; Media workers in conflict zones","Amal Khalil; Media workers in conflict zones","Lebanon (95)","","","","southern Lebanon","","Lebanon (95)","1",""
"1561ba6c51a9","2026-04-22","An Israeli military strike in southern Lebanon resulted in the deaths of two individuals, escalating tensions ahead of U.S.-mediated ceasefire talks between Lebanon and Israel. In retaliation, Hezbollah launched a drone attack against Israeli forces, violating the ceasefire agreement. The talks aim to extend the ceasefire and address key issues such as territorial disputes and the return of prisoners.","An Israeli strike in southern Lebanon on Wednesday resulted in two fatalities, according to Lebanon's state news agency.","Israeli military ASSAULT Lebanese civilians","CONFLICT","ASSAULT","-0.9","Israeli military","Israeli military","Israel (83)","Lebanese civilians","Lebanese civilians","Lebanon (95)","Hezbollah; United States","Hezbollah; United States","Lebanon (95); USA (185)","southern Lebanon","","Lebanon (95)","22",""
"c443f1b4b2e1","2026-04-21","The Israel Defense Forces (IDF) engaged and killed two individuals described as militants in the Saluki area of southern Lebanon after they allegedly violated ceasefire arrangements by crossing a designated Forward Defense Line. The IDF conducted a targeted airstrike as a defensive measure to neutralize what was perceived as an immediate threat to Israeli forces.","The Israel Defense Forces says its troops engaged and killed two individuals it described as militants after what it called a violation of ceasefire arrangements in southern Lebanon.","Israel Defense Forces ASSAULT militants in the Salachi area of southern Lebanon","CONFLICT","ASSAULT","-0.9","Israel Defense Forces","Israeli military","Israel (83)","Militants in the Salachi area","Militants in the Salachi area","Lebanon (95)","","","","Salachi area, southern Lebanon; Forward Defense Line, southern Lebanon","","Lebanon (95); Lebanon (95)","1",""
"2717d8a72e65","2026-04-20","Israeli forces conducted airstrikes in al-Tiri village, southern Lebanon, resulting in the death of journalist Amal Khalil and another civilian, while injuring one person. The strikes targeted a civilian vehicle linked to a convoy of journalists, followed by a second strike near their shelter, causing delays for rescue teams attempting to access the area.","The Lebanese Ministry of Health said Israeli forces carried out successive air operations in al-Tiri, initially striking a civilian vehicle linked to a convoy accompanying journalists Amal Khalil and Zainab Faraj, before conducting a second strike near the location where the two reporters had taken cover on Wednesday.","Israeli forces ASSAULTED Amal Khalil and civilians in a convoy of journalists in southern Lebanon.","CONFLICT","ASSAULT","-0.9","Israeli forces","Israeli military","Israel (83)","Amal Khalil; Civilians in the convoy of journalists","Amal Khalil; Civilians in the convoy of journalists","Lebanon (95); Lebanon (95)","","","","al-Tiri village; southern Lebanon","","Lebanon (95); Lebanon (95)","7",""
"2277547288f2","2026-04-19","The Israel Defense Forces (IDF) reported multiple ceasefire violations involving armed militants in the Bint Jbeil region and the Litani area of southern Lebanon. The IDF stated that three distinct encounters occurred where armed individuals approached Israeli troops, prompting the military to respond with targeted strikes to neutralize the perceived imminent threat.","According to a statement released on social media, the incidents are said to have taken place in the Bint Jbeil region and the Litani area, both of which have previously seen repeated cross-border security flare-ups.","Israel Defense Forces ASSAULT armed militants in the Bint Jbeil region and the Litani area of southern Lebanon","CONFLICT","ASSAULT","-0.9","Israel Defense Forces","Israeli military","Israel (83)","Armed militants in the Bint Jbeil region; Armed militants in the Litani area of southern Lebanon","Armed militants in the Bint Jbeil region; Armed militants in the Litani area of southern Lebanon","Lebanon (95); Lebanon (95)","","","","Bint Jbeil region; Litani area of southern Lebanon","","Lebanon (95); Lebanon (95)","1",""
"dd5f63b903be","2026-04-19","The Israel Defense Forces (IDF) conducted air and ground strikes against an armed group in southern Lebanon, near the Litani River, which they identified as an immediate threat to a newly established 'Yellow Line' buffer zone. The military stated that these actions were not restricted by the current ceasefire terms.","The military said air and ground units carried out strikes against the individuals, adding that artillery fire was used in support of operations in the area.","Israel Defense Forces ASSAULT armed group in southern Lebanon","CONFLICT","ASSAULT","-0.9","Israel Defense Forces","Israeli military","Israel (83)","armed group in southern Lebanon","Lebanese armed group Hezbollah","Lebanon (95)","","","","southern Lebanon; near the Litani River","","Lebanon (95); Lebanon (95)","1",""
"49025923dff3","2026-04-18","The Israel Defense Forces reported that a soldier, identified as a staff sergeant, was killed and three others were wounded during a search operation in southern Lebanon, approximately 3.5 kilometers inside Lebanese territory. The incident occurred due to an explosion triggered by a booby-trapped building, and the injured soldiers were evacuated to Rambam Hospital in Haifa.","Israel Defense Forces reported that a soldier was killed and three others wounded in southern Lebanon on Saturday, following an explosion during operations conducted after a ceasefire with Hezbollah took effect.","Israel Defense Forces ASSAULT Lebanese soldiers","CONFLICT","ASSAULT","-0.9","Israel Defense Forces","Israeli military","Israel (83)","Lebanese soldiers","Lebanese army","Lebanon (95)","","","","southern Lebanon; Rambam Hospital, Haifa","","Lebanon (95); Israel (83)","1",""
"4d0d0b54e3f7","2026-04-17","Israeli artillery targeted the towns of Khiam and Dibbine in southern Lebanon shortly after a ceasefire with Hezbollah came into effect. This action raised concerns over the stability of the truce, with reports of machinegun fire and reconnaissance aircraft activity observed in the region.","Fresh shelling was reported in southern Lebanon shortly after the ceasefire between Israel and Hezbollah came into effect, raising concerns over the fragile truce, Al Jazeera reported.","Israeli artillery ASSAULT Khiam and Dibba in southern Lebanon","CONFLICT","ASSAULT","-0.9","Israeli artillery","Israeli artillery","Israel (83)","Khiam; Dibba","Khiam; Dibba","Lebanon (95); Lebanon (95)","Hezbollah","Hezbollah","Lebanon (95)","Khiam; Dibbine","","Lebanon (95); Lebanon (95)","1",""
"07775d21f1fd","2026-04-17","Israeli Prime Minister Benjamin Netanyahu announced that Israel will maintain a 10-km security zone in southern Lebanon despite a ceasefire agreement with Hezbollah. This decision is aimed at addressing ongoing security concerns along the northern border, particularly to prevent cross-border attacks.","Israeli Prime Minister Benjamin Netanyahu has said Israel will maintain a 10-km security zone in southern Lebanon even after a ceasefire with Hezbollah comes into force, underscoring continued security concerns along the northern border.","Israel AGREE Hezbollah","COOPERATION","AGREE","0.5","Israel","Israel","Israel (83)","Hezbollah","Hezbollah","Lebanon (95)","","","","southern Lebanon","","Lebanon (95)","1",""
"8e2169b47858","2026-04-17","Israeli Prime Minister Benjamin Netanyahu announced a temporary ceasefire in Lebanon at the request of US President Donald Trump, amid ongoing tensions with Hezbollah. This decision follows Israel's claims of having destroyed approximately 90% of Hezbollah's missile and rocket stockpiles, although Netanyahu stated that the campaign against Hezbollah is not yet complete.","In a dramatic announcement on Friday, Israeli Prime Minister Benjamin Netanyahu declared that Israel has agreed to a temporary ceasefire in Lebanon at the behest of US President Donald Trump.","Benjamin Netanyahu AGREE Hezbollah","COOPERATION","AGREE","0.5","Benjamin Netanyahu","Benjamin Netanyahu","Israel (83)","Hezbollah","Hezbollah","Lebanon (95)","Donald Trump","Donald Trump","USA (185)","Lebanon","","Lebanon (95)","1",""
"d50a27565462","2026-04-17","The Israeli military continued artillery shelling targeting the towns of Khiam and Dibbine in southern Lebanon, while also conducting machinegun fire during operations in the area. Additionally, reconnaissance aircraft were observed over the Rashaya region and the western slopes of Jabal al-Sheikh. The Israeli military issued a warning to residents in southern Lebanon, advising them not to move south of the Litani River due to ongoing military operations.","Israeli artillery continued targeting the towns of Khiam and Dibbine, with reports of machinegun fire during sweeping operations in the area. Amid the developments, the Israeli military issued a warning to residents in southern Lebanon, urging them not to move south of the Litani River as forces remain deployed.","Israeli military THREATEN residents of southern Lebanon","CONFLICT","THREATEN","-0.6","Israeli military","Israeli military","Israel (83)","Residents of southern Lebanon","Residents of southern Lebanon","Lebanon (95)","","","","Khiam; Dibbine; Rashaya region; Jabal al-Sheikh; Southern Lebanon; Litani River","","Lebanon (95); Lebanon (95); Lebanon (95); Lebanon (95); Lebanon (95); Lebanon (95)","2",""
"798927e71141","2026-04-16","Israel issued an urgent evacuation warning for civilians in southern Lebanon, citing the need to act forcefully due to the presence of Hezbollah in the area.","Earlier today, Israel issued an 'urgent' evacuation warning for civilians in southern Lebanon, stating it must act 'forcefully' due to Hezbollah’s presence in the area.","Israel REQUEST civilians in southern Lebanon","CONFLICT","REQUEST","-0.2","Israel","Israel","Israel (83)","Civilians in southern Lebanon","Lebanese civilians","Lebanon (95)","Hezbollah","Hezbollah","Lebanon (95)","southern Lebanon","","Lebanon (95)","1",""
"4448f16ed62b","2026-04-16","The Israeli military has been accused of violating a ceasefire agreement that took effect in Lebanon, which included intermittent shelling of several southern Lebanese villages. The Lebanese army has urged citizens to refrain from returning to these areas due to the ongoing violations.","Israel has committed violations of a ceasefire in Lebanon that took effect last night, including intermittent shelling of several southern Lebanese villages, the Lebanese army has claimed.","Israeli military ACCUSE Lebanese citizens","CONFLICT","ACCUSE","-0.3","Israeli military","Israeli military","Israel (83)","Lebanese citizens","Lebanese","Lebanon (95)","","","","Lebanon; Southern Lebanese villages","","Lebanon (95); Lebanon (95)","1",""
"a7f5a1961be4","2026-04-16","The Israel Defense Forces (IDF) uncovered a large weapons cache allegedly linked to Hezbollah inside a school in the Bint Jbeil area. The cache included over 130 weapons, such as Kalashnikov rifles and pistols, along with Hezbollah flags and insignia, indicating militant activity in civilian locations.","The Israel Defense Forces says its troops uncovered a large weapons cache allegedly linked to Hezbollah inside a school in the Bint Jbeil area.","Israel Defense Forces ACCUSE Hezbollah","CONFLICT","ACCUSE","-0.3","Israel Defense Forces","Israeli military","Israel (83)","Hezbollah","Hezbollah","Lebanon (95)","School in Bint Jbeil","School in Bint Jbeil","Lebanon (95)","Bint Jbeil area","","Lebanon (95)","1",""
"e6de1d982cd9","2026-04-15","The Lebanese Army reported acts of aggression by Israel that violated a ceasefire agreement, which took effect at midnight on April 15, 2026. The Lebanese Army warned citizens in southern Lebanon not to return to their villages due to these violations.","Lebanon's army reported 'acts of aggression' by Israel that it said violated the 10-day 'ceasefire', which took effect at midnight Friday local time.","Israel ACCUSE Lebanese Army and civilians in southern Lebanon","CONFLICT","ACCUSE","-0.3","Israel","Israel","Israel (83)","Lebanese Army; Civilians in southern Lebanon","Lebanese army; Lebanese civilians","Lebanon (95); Lebanon (95)","","","","Southern Lebanon","","Lebanon (95)","1",""
"513eb605172e","2026-04-15","The Israeli military conducted airstrikes targeting paramedic teams in the town of Mayfadoun, located in the Nabatiyeh district of southern Lebanon, resulting in the deaths of three paramedics and injuries to six others, with one paramedic reported missing. This action occurred amid ongoing ceasefire efforts in Lebanon.","The Israeli enemy targeted paramedic teams in the town of Mayfadoun, Nabatiyeh district, three consecutive times... This resulted in the martyrdom of three paramedics and the injury of six others, while one paramedic remains missing.","Israeli military ASSAULT Lebanese paramedics","CONFLICT","ASSAULT","-0.9","Israeli military","Israeli military","Israel (83)","Lebanese paramedics","Lebanese paramedics","Lebanon (95)","","","","Mayfadoun","","Lebanon (95)","1",""
"52bfcf1ed472","2026-04-14","An Israeli airstrike resulted in the death of Ghadir Baalbaki, 19, in Tyre, Lebanon. The incident led to a funeral held for her on April 15, 2026, where relatives mourned her loss.","Relatives of Ghadir Baalbaki, 19, who was killed on Tuesday in an Israeli airstrike, mourn during her funeral in the southern port city of Tyre, Lebanon, Wednesday, April 15, 2026.","Israeli military ASSAULT Ghadir Baerbaki","CONFLICT","ASSAULT","-0.9","Israeli military","Israeli military","Israel (83)","Ghadir Baerbaki","Ghadir Baerbaki","Lebanon (95)","","","","Tyre","","Lebanon (95)","1",""
"afd5509954b9","2026-04-13","Israeli officials, including Energy Minister Eli Cohen and Defence Minister Israel Katz, issued warnings regarding potential strikes on Lebanese civilian infrastructure amid ongoing military operations in southern Lebanon. The remarks were made during Prime Minister Benjamin Netanyahu's visit to areas under Israeli control, emphasizing the continuation of military actions until security conditions are met.","Israeli Energy Minister Eli Cohen said it 'may be time to target Lebanon’s infrastructure,' while Defence Minister Israel Katz stated that displaced residents from southern Lebanon would not be allowed to return to their homes unless Israel’s northern security conditions are met.","Israeli officials ACCUSE Lebanese civilians","CONFLICT","ACCUSE","-0.2","Israeli officials; Eli Cohen; Israel Katz","Israeli officials; Eli Cohen; Israel Katz","Israel (83); Israel (83); Israel (83)","Lebanese civilians","Lebanese civilians","Lebanon (95)","Benjamin Netanyahu","Benjamin Netanyahu","Israel (83)","southern Lebanon; areas under Israeli control","","Lebanon (95); Israel (83)","1",""
"f13d9fc617af","2026-04-13","The Israel Defense Forces (IDF) escalated its military operations against Hezbollah in the Bint Jbeil area of southern Lebanon. Troops from the IDF's 98th Division, including units from the Paratroopers, Commando, and Givati Brigades, encircled Hezbollah positions and conducted targeted ground raids, claiming to have killed over 100 operatives and dismantled multiple infrastructure sites linked to Hezbollah.","IDF troops are expanding targeted ground operations against Hezbollah military infrastructure to strengthen the forward defense posture in the Bint Jbeil area in southern Lebanon. Our troops struck and eliminated 100+ Hezbollah terrorists, dismantled dozens of terrorist...","Israel Defense Forces ASSAULT Hezbollah","CONFLICT","ASSAULT","-0.9","Israel Defense Forces","Israeli military","Israel (83)","Hezbollah","Hezbollah","Lebanon (95)","","","","Bint Jbeil; southern Lebanon","","Lebanon (95); Lebanon (95)","5",""
"6d886c2cda91","2026-04-12","An Israeli airstrike occurred in the southern Lebanese town of Maaroub, resulting in the deaths of six individuals. The strike targeted a residential home that housed seven people, and it was executed without prior warning. This action is part of Israel's military operations aimed at targeting operatives and infrastructure associated with the Hezbollah militant group.","An Israeli airstrike on Sunday morning killed six people in the southern Lebanese town of Maaroub, according to Lebanon’s state-run National News Agency.","Israel ASSAULT Hezbollah militant group and residents of a home in Ma'roub","CONFLICT","ASSAULT","-0.9","Israel","Israel","Israel (83)","Hezbollah militant group; Residents of the targeted home in Ma'roub","Hezbollah; Residents of the targeted home in Ma'roub","Lebanon (95); Lebanon (95)","","","","Ma'roub","","Lebanon (95)","1",""
"183c74067e83","2026-04-12","Israel launched heavy air strikes on southern Lebanon, targeting homes in Maaroub and Qana, resulting in at least 11 fatalities and several injuries. This military action occurred as US and Iranian delegations concluded talks in Islamabad without reaching a ceasefire agreement, despite Iran's push for a halt to hostilities in Lebanon.","Israel launched heavy overnight air strikes on southern Lebanon, as US and Iranian delegations left talks in Islamabad without a deal after Tehran had pushed for a ceasefire in Lebanon as part of a comprehensive agreement.","Israel ASSAULT Lebanese civilians in southern Lebanon","CONFLICT","ASSAULT","-0.9","Israel","Israel","Israel (83)","Lebanese civilians in southern Lebanon","Lebanese civilians","Lebanon (95)","United States; Iran","United States; Iran","USA (185); Iran (80)","southern Lebanon; Ma'rab; Qana","","Lebanon (95); Lebanon (95); Lebanon (95)","1",""
"dd4e32a38c60","2026-04-12","The Israeli Air Force conducted air strikes across southern and eastern Lebanon, targeting the town of Sahmar in the Bekaa Valley, as well as drone attacks on the cities of Hanawiya, Al-Shahabiya, and Sayr al-Gharbiya. This military action is part of escalating hostilities between Israel and Hezbollah, which have included artillery shelling of the border town of Bint Jbeil.","Israel has carried out fresh air strikes across southern and eastern Lebanon, including an attack on the town of Sahmar in the Bekaa Valley, according to reports cited by Al Jazeera.","Israeli Air Force ASSAULT Hezbollah","CONFLICT","ASSAULT","-0.9","Israeli Air Force","Israeli Air Force","Israel (83)","Hezbollah","Hezbollah","Lebanon (95)","","","","Southern Lebanon; Eastern Lebanon; Sahmaniyah, Bekaa Valley; Hanawiya; Al-Shahabiya; Bint Jbeil","","Lebanon (95); Lebanon (95); Lebanon (95); Lebanon (95); Lebanon (95); Lebanon (95)","1",""
"cb311fe6d920","2026-04-10","The United Nations World Food Programme reported that Lebanon is facing a food security crisis due to the Israeli military offensive against Hezbollah, which is disrupting supply chains and inflating food prices. The crisis is characterized by collapsing markets in southern Lebanon and stressed markets in Beirut, affecting vulnerable communities and leading to increased displacement.","Lebanon is grappling with a food security crisis as the Israeli military action against the militant group Hezbollah hampers the supply of goods and escalates prices, the UN World Food Programme reported on Friday.","Israel ACCUSE Lebanon, Hezbollah, and vulnerable communities in Lebanon","CONFLICT","ACCUSE","-0.3","Israel","Israel","Israel (83)","Lebanon; Hezbollah; Vulnerable communities in Lebanon","Lebanon; Hezbollah; Vulnerable communities in Lebanon","Lebanon (95); Lebanon (95); Lebanon (95)","United Nations World Food Programme","World Food Program","United Nations","Lebanon; southern Lebanon; Beirut","","Lebanon (95); Lebanon (95); Lebanon (95)","1",""
"1f9407c31c86","2026-04-09","Israeli Prime Minister Benjamin Netanyahu announced that Israel will begin direct negotiations with Lebanon to address the disarmament of Hezbollah and establish peaceful relations. This decision follows repeated requests from Lebanon and a call from Lebanese Prime Minister Nawaf Salam to demilitarise Beirut.","Israeli Prime Minister Benjamin Netanyahu on Thursday said that Tel Aviv will begin direct negotiations with Lebanon 'as soon as possible' amid the war in West Asia.","Israel CONSULT Lebanon","COOPERATION","CONSULT","0.2","Israel","Israel","Israel (83)","Lebanon","Lebanon","Lebanon (95)","Hezbollah; Nawaf Salam","Hezbollah; Nawaf Salam","Lebanon (95); Lebanon (95)","Israel; Lebanon; Beirut","","Israel (83); Lebanon (95); Lebanon (95)","1",""
"7a8aa6b02f8f","2026-04-09","Israel conducted an airstrike in Beirut, Lebanon, targeting and killing Ali Yusuf Harshi, a close associate of Hezbollah leader Naim Qassem. Israel described the action as necessary for its security amidst ongoing tensions in the region.","Israel stated on Thursday that it had targeted and killed Ali Yusuf Harshi, the nephew and personal secretary of Hezbollah leader Naim Qassem. The attack was carried out at night in Beirut, which Israel described as a necessary step for its security.","Israel ASSAULT Ali Yusuf Harhash","CONFLICT","ASSAULT","-0.9","Israel","Israel","Israel (83)","Ali Yusuf Harhash","Ali Yusuf Harhash","Lebanon (95)","Hezbollah; Naim Qassem","Hezbollah; Naim Qassem","Lebanon (95); Lebanon (95)","Beirut","","Lebanon (95)","1",""
"06c431b2ce48","2026-04-09","Israeli Prime Minister Benjamin Netanyahu authorized direct negotiations with Lebanon in Dubai, aiming to commence discussions focused on disarming Hezbollah and fostering peaceful relations between the two nations. This decision follows a fragile ceasefire in the ongoing conflict with Iran, which has been complicated by Israel's airstrikes on Beirut.","Israeli Prime Minister Benjamin Netanyahu announced on Thursday that he has given the green light for direct discussions with Lebanon, aiming to commence these talks promptly.","Benjamin Netanyahu CONSULT Lebanon","COOPERATION","CONSULT","0.2","Benjamin Netanyahu","Benjamin Netanyahu","Israel (83)","Lebanon","Lebanon","Lebanon (95)","Hezbollah; Iran","Hezbollah; Iran","Lebanon (95); Iran (80)","Dubai","","UAE (182)","20",""
"9de35d8299a4","2026-04-09","Israel conducted military strikes on Lebanon, prompting strong reactions from global leaders and organizations. US President Donald Trump stated that Lebanon was not part of the ceasefire arrangement with Iran, while Pakistan's Ambassador to the US, Rizwan Saeed Sheikh, claimed that Lebanon was explicitly included in the ceasefire. The Islamic Revolutionary Guard Corps (IRGC) warned of potential retaliation if Israel continued its attacks.","Global leaders and organisations have reacted strongly to Israel’s latest strikes on Lebanon, even as a ceasefire between the United States and Iran comes into effect, raising concerns over a wider regional escalation.","Israel ASSAULT Lebanon","CONFLICT","ASSAULT","-0.9","Israel","Israel","Israel (83)","Lebanon","Lebanon","Lebanon (95)","Iran; United States; Islamic Revolutionary Guard Corps (IRGC)","Iran; United States; Islamic Revolutionary Guard Corps (IRGC)","Iran (80); USA (185); Iran (80)","Lebanon","","Lebanon (95)","17",""
"081d8fcb99a8","2026-04-08","The Israeli military conducted extensive airstrikes across Lebanon, particularly targeting densely populated areas in Beirut and its southern suburbs, as well as parts of the Beqaa Valley and southern Lebanon. The attacks resulted in over 1,300 casualties, including deaths and injuries among civilians, and significant destruction of residential buildings and civilian infrastructure, raising concerns of potential war crimes and crimes against humanity.","Preliminary field data on Israel's intensive airstrikes on Beirut and other areas on Wednesday, 8 April, indicate that more than 1,300 people were killed or injured, with dozens still trapped or missing under the rubble.","Israeli military ASSAULT Lebanese civilians","CONFLICT","ASSAULT","-0.9","Israeli military","Israeli military","Israel (83)","Lebanese civilians","Lebanese civilians","Lebanon (95)","","","","Lebanon; Beirut; Beqaa Valley; Southern Lebanon","","Lebanon (95); Lebanon (95); Lebanon (95); Lebanon (95)","41",""
"c4d9756321f8","2026-04-08","Israel authorized direct talks with Lebanon, focusing on disarming Hezbollah and establishing peaceful relations, despite the absence of diplomatic ties between the two nations. This announcement followed a day of intense Israeli military strikes that resulted in significant civilian casualties in Lebanon.","Israeli Prime Minister Benjamin Netanyahu said talks would focus on disarming Hezbollah and 'establishing peaceful relations' between the countries.","Israel AGREE Lebanon","COOPERATION","AGREE","0.5","Israel","Israel","Israel (83)","Lebanon","Lebanon","Lebanon (95)","Hezbollah","Hezbollah","Lebanon (95)","Israel; Lebanon","","Israel (83); Lebanon (95)","2",""
"9d3f9d8a3eef","2026-04-08","An Israeli airstrike targeted an ambulance in the town of Al-Qlailah, located in the Tyre district of southern Lebanon, resulting in the deaths of at least four individuals. This strike occurred shortly after the announcement of a temporary two-week ceasefire between the United States and Iran, which does not extend to Lebanon.","According to reports, an Israeli airstrike targeted an ambulance in the town of Al-Qlailah in the Tyre district of southern Lebanon, killing at least four people.","Israeli airstrike ASSAULT Civilians in an ambulance in Al-Qlailah","CONFLICT","ASSAULT","-0.9","Israeli airstrike","Israeli airstrikes","Israel (83)","Civilians in an ambulance in Al-Qlailah","Civilians in an ambulance in Al-Qlailah","Lebanon (95)","United States; Iran","United States; Iran","USA (185); Iran (80)","Al-Qlailah; Tyre district","","Lebanon (95); Lebanon (95)","1",""
"256d104015d0","2026-04-08","Israeli airstrikes targeted Lebanon, resulting in the deaths of at least 254 people amid ongoing hostilities with Hezbollah. This escalation occurred despite a declared ceasefire, highlighting unresolved disputes between the United States and Iran, particularly regarding Iran's nuclear program.","The fragile ceasefire between Israel and Hezbollah has failed to stem the violence, with Israeli airstrikes targeting Lebanon killing at least 254 people.","Israeli airstrikes ASSAULT Lebanon and Hezbollah","CONFLICT","ASSAULT","-0.9","Israeli airstrikes","Israeli airstrikes","Israel (83)","Lebanon; Hezbollah","Lebanon; Hezbollah","Lebanon (95); Lebanon (95)","United States; Iran","United States; Iran","USA (185); Iran (80)","Lebanon","","Lebanon (95)","1",""
"3b2980be3579","2026-04-08","Iran launched a series of attacks across the Middle East, overwhelming air defenses in Kuwait, deploying three dozen drones and 17 ballistic missiles over the United Arab Emirates, and striking the most important oil pipeline in Saudi Arabia. Concurrently, Israeli forces conducted airstrikes targeting Iranian allies in Lebanon, resulting in significant casualties in Beirut.","Morning broke in the Middle East on Wednesday with a wave of attacks by Iran. Air defenses in Kuwait were overwhelmed. Three dozen drones and 17 ballistic missiles were shot down over the United Arab Emirates. The most important oil pipeline in Saudi Arabia suffered a hit.","Iran and Israel ASSAULT civilians in Kuwait, the United Arab Emirates, Saudi Arabia, and Lebanon","CONFLICT","ASSAULT","-0.9","Iran; Israel","Iran; Israel","Iran (80); Israel (83)","Kuwaiti civilians; United Arab Emirates civilians; Saudi Arabian civilians; Lebanese civilians","Kuwaiti civilians; Civilians in the UAE; Civilians in Saudi Arabia; Lebanese civilians","Kuwait (91); UAE (182); Saudi Arabia (151); Lebanon (95)","","","","Kuwait; United Arab Emirates; Saudi Arabia; Lebanon","","Kuwait (91); UAE (182); Saudi Arabia (151); Lebanon (95)","1",""
"ca21cc5b1695","2026-04-08","The Zionist entity conducted airstrikes against Hezbollah in Lebanon, resulting in at least 203 fatalities and 1,000 injuries, as reported by the Lebanese health ministry. This action occurred amidst ongoing combat between Hezbollah and Zionist forces in the town of Bint Jbeil, with the Zionist entity's Prime Minister Benjamin Netanyahu affirming the continuation of military operations against Hezbollah.","At least 203 people were killed and 1,000 wounded in airstrikes on Wednesday, the Lebanese health ministry said, while Hezbollah said it was engaged in close quarters combat against Zionist forces on the ground on Thursday in the south Lebanon town of Bint Jbeil.","Zionist entity ASSAULT Hezbollah","CONFLICT","ASSAULT","-0.9","Zionist entity","Zionist entity","Israel (83)","Hezbollah","Hezbollah","Lebanon (95)","Lebanese health ministry; Benjamin Netanyahu","Lebanese health ministry; Benjamin Netanyahu","Lebanon (95); Israel (83)","Lebanon; Bint Jbeil","","Lebanon (95); Lebanon (95)","1",""
"67709c0c56ab","2026-04-08","On April 8, 2026, Israeli warplanes conducted a series of airstrikes across Lebanon, resulting in dozens of fatalities and hundreds of injuries. The strikes particularly affected the capital, Beirut, marking the most intense bombardment since the onset of the conflict with Hezbollah. This military action was described by Israel's Defence Minister as a surprise attack targeting Hezbollah members, occurring despite a ceasefire agreement.","In a very serious escalation, Israeli warplanes launched a wave of simultaneous airstrikes on several Lebanese areas, resulting in, in an initial count, dozens of martyrs and hundreds of wounded.","Israeli warplanes ASSAULT Hezbollah members","CONFLICT","ASSAULT","-0.9","Israeli warplanes","Israeli warplanes","Israel (83)","Hezbollah members","Hezbollah","Lebanon (95)","","","","Lebanon; Beirut","","Lebanon (95); Lebanon (95)","3",""
"074375e4a7d9","2026-04-08","Israeli Prime Minister Benjamin Netanyahu stated that Israel's fight against Hezbollah in Lebanon will continue despite a two-week ceasefire agreement involving the US, Iran, and Israel. This statement came after opposition leader Yair Lapid criticized the ceasefire, claiming that Israel was not adequately involved in discussions affecting national security.","Prime Minister Benjamin Netanyahu said Wednesday it won’t stop his country’s fight against Hezbollah in Lebanon, which continued through the morning.","Benjamin Netanyahu THREATEN Hezbollah","CONFLICT","THREATEN","-0.6","Benjamin Netanyahu","Benjamin Netanyahu","Israel (83)","Hezbollah","Hezbollah","Lebanon (95)","United States; Iran","United States; Iran","USA (185); Iran (80)","Lebanon","","Lebanon (95)","2",""
"97ace86b02ff","2026-04-08","An Israeli airstrike targeted an ambulance in the town of Qlaileh, near Tyre, Lebanon. This incident is part of a series of attacks where Israeli forces have reportedly targeted medics and rescue teams across Lebanon, following statements from Israeli Prime Minister Benjamin Netanyahu regarding the exclusion of Lebanon from a recent US-Iran regional ceasefire.","Several Lebanese news outlets have reported that an Israeli airstrike struck an ambulance in the town of Qlaileh, near the coastal city of Tyre.","Israeli airforce ASSAULTED medics and rescue teams in Lebanon","CONFLICT","ASSAULT","-0.9","Israeli airforce","Israeli Air Force","Israel (83)","Medics and rescue teams in Lebanon","Medics and rescue teams in Lebanon","Lebanon (95)","Benjamin Netanyahu","Benjamin Netanyahu","Israel (83)","Qlailea; Tyre","","Lebanon (95); Lebanon (95)","1",""
"339f269d55fe","2026-04-08","Israeli forces shelled the town of Baraachit in southern Lebanon. This military action follows the clarification from Israeli Prime Minister Benjamin Netanyahu that the recent US-Iran regional ceasefire does not include Lebanon.","Separately, Al Jadeed TV reported that Israeli forces shelled the town of Baraachit in southern Lebanon.","Israeli forces ASSAULT Town of Baraachit","CONFLICT","ASSAULT","-0.9","Israeli forces","Israeli military","Israel (83)","Town of Baraachit","Town of Baraachit","Lebanon (95)","Benjamin Netanyahu; United States","Benjamin Netanyahu; United States","Israel (83); USA (185)","Baraachit; southern Lebanon","","Lebanon (95); Lebanon (95)","1",""
"44dc7a7ea046","2026-04-08","Israel's Prime Minister announced that the U.S.-Iran ceasefire does not apply to Lebanon, emphasizing Israel's support for U.S. efforts to mitigate threats posed by Iran. The statement also highlighted that Israel backs President Trump's decision to suspend military strikes against Iran for two weeks, contingent upon Iran ceasing attacks against the U.S. and its allies.","""The two-week ceasefire doesn't include Lebanon,"" the prime minister's office added. The statement pointed out that Israel also supports U.S. efforts to ensure that Iran no longer poses a nuclear, missile, or terrorist threat to America, Israel, Iran's Arab neighbors, and the world.","Israel ACCUSE Lebanon","CONFLICT","ACCUSE","-0.2","Israel","Israel","Israel (83)","Lebanon","Lebanon","Lebanon (95)","United States; Iran; President Trump; U.S. allies","United States; Iran; Donald Trump; U.S. allies","USA (185); Iran (80); USA (185); USA (185)","Israel","","Israel (83)","1",""
"47dbecf21979","2026-04-08","Israeli warplanes conducted airstrikes in southern Beirut, Lebanon, targeting the Shiyyah area in the Dahyeh suburb. This operation involved around 50 fighter jets and aimed at multiple targets as part of a larger military campaign named 'Operation Eternal Darkness'.","Israeli attacks continued in the Lebanese capital early Thursday, with a massive explosion heard after an Israeli airstrike targeted a southern suburb of Beirut.","Israeli warplanes ASSAULT Lebanese military targets","CONFLICT","ASSAULT","-0.9","Israeli warplanes","Israeli warplanes","Israel (83)","Lebanese military targets","Lebanese military targets","Lebanon (95)","","","","southern Beirut; Shiyyah area, Dahiehiy suburb","","Lebanon (95); Lebanon (95)","1",""
"24b4e0a35ee9","2026-04-07","The Israeli army enforced illegal displacement policies in southern Lebanon by threatening local officials in at least eight predominantly Christian and Druze villages. They ordered these officials to force displaced families, primarily Shiite, to leave their homes, warning that any village that continued to host them would face bombing and destruction.","In March, Euro-Med Human Rights Monitor documented Israeli army officers contacting mayors, village leaders, and local officials in at least eight predominantly Christian and Druze villages in southern Lebanon. They explicitly ordered them to force displaced families, most of them Shiite, to leave their shelters immediately, warning that any village or town continuing to host them would be bombed and destroyed.","Israeli army THREATEN local officials in southern Lebanon","CONFLICT","THREATEN","-0.6","Israeli army","Israeli military","Israel (83)","Local officials in southern Lebanon","Lebanese authorities","Lebanon (95)","Displaced families; Shiite displaced families","Displaced families; Shiite displaced families","Lebanon (95); Lebanon (95)","Southern Lebanon; Lebanon","","Lebanon (95); Lebanon (95)","1",""
"663642ad0781","2026-04-05","On April 5, 2026, Israeli airstrikes targeted the village of Kfarhata and the Jnah neighborhood in Beirut, Lebanon, resulting in the deaths of at least 11 individuals, including a 4-year-old child. The strikes occurred amid ongoing conflict and followed an evacuation order issued by the Israeli military for residents of Kfarhata. Additionally, a Lebanese soldier was reported killed in a separate Israeli strike in southern Lebanon.","An Israeli airstrike on Kfarhata, a village in south Lebanon, killed seven people on Sunday, including a 4-year-old child, Lebanon's health ministry said in a statement. Another Israeli attack on the Jnah neighbourhood in Beirut killed four people and injured 39 others, the ministry added.","Israeli military ASSAULT residents of Kfarhata, residents of Jnah neighborhood in Beirut, and a Lebanese soldier","CONFLICT","ASSAULT","-0.9","Israeli military","Israeli military","Israel (83)","Residents of Kfarhata; Residents of Jnah neighborhood, Beirut; Lebanese soldier","Residents of Kfarhata; Residents of Jnah neighborhood, Beirut; Lebanese army","Lebanon (95); Lebanon (95); Lebanon (95)","","","","Kfarhata; Jnah neighborhood, Beirut; Southern Lebanon","","Lebanon (95); Lebanon (95); Lebanon (95)","4",""
"8a9b42c68a8b","2026-04-04","Another Israeli airstrike occurred in the Jnah neighborhood of Beirut, resulting in four fatalities and injuring 39 others, according to Lebanon's health ministry. This attack contributed to a day marked by significant violence in the country.","Another Israeli attack on the Jnah neighbourhood in Beirut killed four people and injured 39 others, the ministry added.","Israel ASSAULT Lebanese civilians","CONFLICT","ASSAULT","-0.9","Israel","Israel","Israel (83)","Lebanese civilians","Lebanese civilians","Lebanon (95)","","","","Jnah neighborhood, Beirut","","Lebanon (95)","1",""
"2a1b09732798","2026-04-04","The Israeli military conducted airstrikes in southern Lebanon, resulting in 32 injuries, including three paramedics. The strikes specifically targeted the Al-Hosh area of Tyre and caused damage to the Lebanese Italian Hospital, which remains operational.","The Lebanese Health Ministry reported early Saturday that 32 people, including three paramedics, were injured and a hospital was damaged following Israeli airstrikes targeting southern Lebanon.","Israeli military ASSAULT Lebanese civilians and Lebanese paramedics","CONFLICT","ASSAULT","-0.9","Israeli military","Israeli military","Israel (83)","Lebanese civilians; Lebanese paramedics","Lebanese civilians; Lebanese paramedics","Lebanon (95); Lebanon (95)","","","","southern Lebanon; Al-Houw area of Tyre; Lebanese Italian Hospital","","Lebanon (95); Lebanon (95); Lebanon (95)","1",""
"03eb70c08219","2026-04-04","Israel's military conducted renewed airstrikes on the southern Lebanese city of Tyre, resulting in significant damage to buildings and a major hospital. This escalation occurred amid rising international tensions regarding the safety of United Nations peacekeepers in the region.","Israel’s military renewed its strikes on the southern Lebanese city of Tyre on Saturday, severely damaging buildings and a major hospital, as international tensions escalated over the safety of United Nations peacekeepers caught in the crossfire.","Israel Defense Forces ASSAULT Lebanese civilians and a Lebanese hospital in Tyre","CONFLICT","ASSAULT","-0.9","Israel Defense Forces","Israeli military","Israel (83)","Lebanese civilians in Tyre; Lebanese hospital in Tyre","Lebanese Civilians in Marwahiniyah; Lebanese hospital in Tyre","Lebanon (95); Lebanon (95)","United Nations peacekeepers","UN peacekeepers","United Nations","Tyre","","Lebanon (95)","1",""
"408a383da4cc","2026-04-01","Israeli Prime Minister Benjamin Netanyahu delivered a Passover eve address in which he outlined Israel's military campaign against Iran and its proxies, claiming to have dealt 'ten blows' to various adversaries including Hamas, Hezbollah, and Iranian nuclear capabilities. The address framed the conflict as a continuation of the biblical Exodus narrative, emphasizing Israel's resilience and strategic achievements.","On the eve of Passover, 'Israel is stronger than ever,' Netanyahu said at the beginning of his address.","Benjamin Netanyahu ACCUSE Iran, Hamas, Hezbollah, and other adversaries","CONFLICT","ACCUSE","-0.3","Benjamin Netanyahu","Benjamin Netanyahu","Israel (83)","Iran; Hamas; Hezbollah; Various adversaries","Iran; Hamas; Hezbollah; Adversaries","Iran (80); Palestine (195); Lebanon (95)","","","","Passover","","Israel (83)","1",""
"e3affaed7c03","2026-03-31","Israel's Defence Minister Israel Katz announced that the Israeli military would occupy a swathe of southern Lebanon following the ongoing conflict with Hezbollah. This declaration comes amidst renewed airstrikes on Beirut's southern suburbs and ground incursions by Israeli troops in border areas, aimed at targeting Hezbollah's infrastructure.","Israel's Defence Minister Israel Katz on Tuesday said the military would occupy a swathe of southern Lebanon even after the end of the war against Hezbollah, as warplanes carried out fresh strikes on Beirut's southern suburbs.","Israel Defense Minister Israel Katz and the Israeli military MOBILIZE Hezbollah","CONFLICT","MOBILIZE","-0.6","Israel Defense Minister Israel Katz; Israeli military","Israel Defense Minister Israel Katz; Israeli military","Israel (83); Israel (83)","Hezbollah","Hezbollah","Lebanon (95)","","","","southern Lebanon; Beirut's southern suburbs; border areas between Israel and Lebanon","","Lebanon (95); Lebanon (95)","3",""
"fcc8487a4e18","2026-03-31","Israeli forces conducted an airstrike on the Mediterranean coast near Beirut, Lebanon, resulting in the deaths of at least seven individuals, according to the Lebanon Ministry of Health. The airstrike occurred in the Janh area, close to Beirut's airport.","Israel has airstrike Beirut’s Mediterranean coast which has killed at least seven people as per Lebanon Ministry of Health.","Israeli forces ASSAULT Civilians in Janah near Beirut","CONFLICT","ASSAULT","-0.9","Israeli forces","Israeli military","Israel (83)","Civilians in Janah near Beirut","Lebanese civilians","Lebanon (95)","","","","Mediterranean coast near Beirut; Jnah area near Beirut's airport","","Lebanon (95); Lebanon (95)","1",""
"82564bbc4cbb","2026-03-31","Israel's Defence Minister Israel Katz announced the establishment of a buffer zone inside southern Lebanon, asserting that Israel will maintain security control over the area extending to the Litani River, approximately 30km from the Israeli border. This decision follows the ongoing conflict with Hezbollah, and Katz indicated that all houses in Lebanese villages near the border would be demolished.","Israel's defence minister has said a buffer zone will be set up inside southern Lebanon and that Israel will keep security control over a swathe of the territory even after the end of the current war against the armed group Hezbollah.","Israel COERCE Lebanese civilians in southern Lebanon","CONFLICT","COERCE","-0.6","Israel","Israel","Israel (83)","Lebanese civilians in southern Lebanon","Lebanese civilians","Lebanon (95)","Hezbollah","Hezbollah","Lebanon (95)","Southern Lebanon; Litani River; Lebanese villages near the border","","Lebanon (95); Lebanon (95); Lebanon (95)","1",""
"294dd0a91ead","2026-03-31","Israeli occupation forces launched a series of aerial and naval attacks targeting the Jnah area of Beirut, Lebanon, on the night of March 31 and the morning of April 1, 2026. The attacks aimed at a prominent Hezbollah leader and resulted in 5 fatalities and 21 injuries, amidst ongoing military escalation in the region.","Israeli occupation forces launched a series of violent aerial and naval attacks targeting the Lebanese capital Beirut and its suburbs on Tuesday night and Wednesday morning.","Israeli occupation forces ASSAULT Hezbollah leader and Lebanese civilians","CONFLICT","ASSAULT","-0.9","Israeli occupation forces","Israeli occupation forces","Israel (83)","Hezbollah leader; Lebanese civilians","Hezbollah commander; Lebanese civilians","Lebanon (95); Lebanon (95)","","","","Jnah area, Beirut; Beirut","","Lebanon (95); Lebanon (95)","1",""
"689a7c33cd64","2026-03-30","Israeli Prime Minister Benjamin Netanyahu announced that Israel has intensified its military campaign against Iran and its regional allies, claiming to have delivered 'ten blows' to the Iranian regime and its affiliates, including Hamas, Hezbollah, and the Assad regime in Syria. This announcement was made in coordination with the United States and is part of a broader strategy to weaken the Iranian 'axis of terror.'","Netanyahu said Israel, in coordination with the United States, is continuing to conduct a campaign to systematically weakening the Iranian 'axis of terror.'","Israel ASSAULT Iran, Hamas, Hezbollah, and the Assad regime","CONFLICT","ASSAULT","-0.9","Israel","Israel","Israel (83)","Iran; Hamas; Hezbollah; Assad regime","Iran; Hamas; Hezbollah; Assad regime","Iran (80); Palestine (195); Lebanon (95); Syria (169)","United States","United States","USA (185)","Iran; Syria","","Iran (80); Syria (169)","2",""
"1a5cb0a67b8f","2026-03-30","The United Nations reported preliminary findings from an investigation into the deaths of three Indonesian peacekeepers in Lebanon, indicating that one was killed by an Israeli tank projectile and two others by an improvised explosive device likely placed by Hezbollah. The incidents occurred in southern Lebanon on March 29 and 30, and the U.N. has called for national authorities to investigate and prosecute the perpetrators.","Preliminary findings in a U.N. probe into the deaths of three Indonesian peacekeepers in Lebanon last month show one was killed by an Israeli tank projectile and two others by an improvised explosive device most likely placed by Hezbollah, the U.N. said on Tuesday.","Israel and Hezbollah ACCUSE Lebanese authorities","CONFLICT","ACCUSE","-0.3","Israel; Hezbollah","Israel; Hezbollah","Israel (83); Lebanon (95)","Lebanese authorities","Lebanese authorities","Lebanon (95)","United Nations; Indonesian peacekeepers","United Nations; Indonesian peacekeepers","Indonesia (79)","Southern Lebanon","","Lebanon (95)","1",""
"890af60ac928","2026-03-29","Israeli Prime Minister Benjamin Netanyahu instructed the military to widen the 'security buffer zone' in southern Lebanon as Israeli forces expanded their ground offensive. This action is part of Israel's ongoing military operations against Hezbollah and aims to fundamentally change the situation in the north.","""We are determined to change the situation in the north fundamentally,"" Netanyahu said in a video statement from the Northern Command base near the Lebanese border.","Benjamin Netanyahu and the Israeli military COERCE Hezbollah","CONFLICT","COERCE","-0.6","Benjamin Netanyahu; Israeli military","Benjamin Netanyahu; Israeli military","Israel (83); Israel (83)","Hezbollah","Hezbollah","Lebanon (95)","","","","southern Lebanon; northern Lebanon","","Lebanon (95); Lebanon (95)","1",""
"8bd111bd88db","2026-03-29","Israeli soldiers engaged in combat in southern Lebanon, resulting in the death of Sergeant Moshe Yitzhak Hacohen Katz and injuries to three other soldiers. The incident occurred amid ongoing Israeli airstrikes and a ground offensive against Hezbollah, which began following a cross-border attack on March 2.","Israeli Soldier Killed, Three Others Wounded in Lebanon Combat Sergeant Moshe Yitzhak Hacohen Katz of the Paratroopers Brigade was identified by the military as the fallen soldier in an official statement, as the army mourned yet another loss on an increasingly deadly front.","Israeli soldiers ASSAULT Hezbollah","CONFLICT","ASSAULT","-0.9","Israeli soldiers","Israeli soldiers","Israel (83)","Hezbollah","Hezbollah","Lebanon (95)","","","","southern Lebanon","","Lebanon (95)","1",""
"9f5103a01141","2026-03-29","Israeli Prime Minister Benjamin Netanyahu announced an expansion of Israel's military operations in Lebanon, stating that Israeli forces would widen their invasion to target the Iranian-backed Hezbollah militant group. This decision comes amid ongoing regional tensions and conflict.","Netanyahu said Israel would expand what he called the 'existing security strip' in southern Lebanon as Israeli forces target the Iranian-backed Hezbollah militant group.","Benjamin Netanyahu THREATEN Hezbollah","CONFLICT","THREATEN","-0.6","Benjamin Netanyahu","Benjamin Netanyahu","Israel (83)","Hezbollah","Hezbollah","Lebanon (95)","Iran; Iranian-backed Hezbollah","Iran; Iranian-backed Hezbollah","Iran (80); Lebanon (95)","Lebanon","","Lebanon (95)","1",""
"100c8b0b61b6","2026-03-29","Israeli Prime Minister Benjamin Netanyahu announced that Israel will expand its military operations in Lebanon, specifically targeting the Iranian-backed Hezbollah militant group. This decision is part of a broader strategy to widen the existing security strip in southern Lebanon amidst ongoing regional tensions.","Elsewhere, Israeli Prime Minister Benjamin Netanyahu announced that Israel will widen its invasion of Lebanon. Netanyahu said Israel would expand what he called the 'existing security strip' in southern Lebanon as Israeli forces target the Iranian-backed Hezbollah militant group.","Israel MOBILIZE Hezbollah","CONFLICT","MOBILIZE","-0.6","Israel","Israel","Israel (83)","Hezbollah","Hezbollah","Lebanon (95)","Iran","Iran","Iran (80)","Lebanon; southern Lebanon","","Lebanon (95); Lebanon (95)","6",""
"1f8ab1cd26ca","2026-03-28","Lebanon's Health Ministry reported that since March 2, 2026, a total of 1,189 people have been killed in Israeli attacks, including 47 deaths in the past 24 hours. The report also indicated that 3,427 individuals have been injured, with the casualties including 124 children and 86 women.","Lebanon’s Health Ministry said on Saturday that 1,189 people had been killed in Israeli attacks since March 2, including 47 in the previous 24 hours.","Israel ASSAULT Lebanon","CONFLICT","ASSAULT","-0.9","Israel","Israel","Israel (83)","Lebanon","Lebanon","Lebanon (95)","","","","Lebanon","","Lebanon (95)","2",""
"1c0a1356aed6","2026-03-28","On March 28, 2026, Israeli airstrikes targeted the towns of Deir al-Zahrani and Kfartebnit in southern Lebanon, resulting in the deaths of ten individuals and injuries to twelve others. The strikes were part of a broader military operation following a cross-border attack by Hezbollah on March 2.","Ten people were killed and 12 injured Saturday in two Israeli strikes on towns in southern Lebanon, according to the Lebanese Health Ministry.","Israeli military ASSAULT Civilians in Deir al-Zourani and Kfarta ibn Tini","CONFLICT","ASSAULT","-0.9","Israeli military","Israeli military","Israel (83)","Civilians in Deir al-Zourani and Kfarta ibn Tini","Civilians in Deir al-Zourani and Kfarta ibn Tini","Lebanon (95)","Hezbollah","Hezbollah","Lebanon (95)","Deir al-Zahrani; Kfarta ibn Tini","","Lebanon (95); Lebanon (95)","1",""
"1c2b16263fe0","2026-03-28","An Israeli drone targeted an ambulance in Kfar Tebnit, Nabatieh province, southern Lebanon, resulting in the death of one health worker and injuries to four others. The Lebanese Health Ministry condemned the attack as a violation of international humanitarian law and described it as a war crime.","One health worker was killed and four others injured after an Israeli drone targeted an ambulance in southern Lebanon, authorities said on Saturday.","Israeli drone ASSAULT Lebanese health workers","CONFLICT","ASSAULT","-0.9","Israeli drone","Israeli army drone","Israel (83)","Lebanese health workers","Lebanese health workers","Lebanon (95)","","","","Kfar Tebnit, Nabatieh province","","Lebanon (95)","1",""
"af0f8f926133","2026-03-27","An Israeli airstrike targeted Kfar Rumman in southern Lebanon, resulting in the deaths of two individuals and injuries to eight others. This attack is part of a broader military campaign by Israel against Lebanon following a cross-border attack by Hezbollah on March 2.","Two people were killed, and eight others injured in an Israeli airstrike on Kfar Rumman in southern Lebanon, the country's official National News Agency (NNA) reported Friday, citing a statement from the Health Ministry.","Israeli Air Force ASSAULT Civilians in Kfar Rumeh","CONFLICT","ASSAULT","-0.9","Israeli Air Force","Israeli Air Force","Israel (83)","Civilians in Kfar Rumeh","Civilians in Kfar Rumeh","Lebanon (95)","Hezbollah","Hezbollah","Lebanon (95)","Kfar Rumeh; Southern Lebanon","","Lebanon (95); Lebanon (95)","1",""
"2113c0cb29a5","2026-03-27","Israeli airstrikes targeted southern Lebanon, resulting in the deaths of four individuals and injuries to eight others. The strikes occurred in Kfar Rumman town and the Hawita al-Ghadir area, as reported by Lebanon's Health Ministry.","Four people were killed, and eight others injured in Israeli airstrikes on southern Lebanon areas, the country's official National News Agency (NNA) reported Friday, citing statements from the Health Ministry.","Israeli airstrikes ASSAULT Civilians in southern Lebanon","CONFLICT","ASSAULT","-0.9","Israeli airstrikes","Israeli airstrikes","Israel (83)","Civilians in southern Lebanon","Lebanese civilians","Lebanon (95)","","","","Southern Lebanon; Kfar Rumehah; Hawila al-Ghadir","","Lebanon (95); Lebanon (95); Lebanon (95)","1",""
"d94f3ca07532","2026-03-27","The Israeli military renewed its attacks on southern suburbs of Beirut, Lebanon, targeting infrastructure used by Hezbollah. This action followed Hezbollah's announcement of a series of attacks, including the launch of a surface-to-air missile at an Israeli warplane and clashes with Israeli forces in the villages of Bayada and Shamaa.","Israel’s military renewed its attacks on Beirut’s southern suburbs yesterday, saying it was targeting infrastructure used by Hezbollah, as the Iran-backed group said the foes had clashed directly in the country’s south.","Israeli military COOPERATE Hezbollah","COOPERATION","COOPERATE","0.8","Israeli military","Israeli military","Israel (83)","Hezbollah","Hezbollah","Lebanon (95)","","","","southern suburbs of Beirut; Beirut; Bayada; Shamaa","","Lebanon (95); Lebanon (95); Lebanon (95); Lebanon (95)","1",""
"51e16ab89bf2","2026-03-26","Israeli forces conducted a series of military operations, including airstrikes in the Iranian city of Isfahan, resulting in the death of Alireza Tangsiri, a senior commander in Iran’s Revolutionary Guard navy. Additionally, Israeli forces targeted locations in southern Lebanon, such as Tyre and Kfar Roummane, while issuing evacuation warnings to residents in the area. One Israeli soldier was reported killed during these operations.","Israeli officials say their forces carried out a wave of attacks in the central Iranian city of Isfahan and confirmed the killing of Alireza Tangsiri, a senior commander in Iran’s Revolutionary Guard navy, describing him as a key figure behind attempts to disrupt shipping in the Strait of Hormuz.","Israeli forces ASSAULT Iranian military and Lebanese civilians","CONFLICT","ASSAULT","-0.9","Israeli forces","Israeli military","Israel (83)","Iranian military; Lebanese civilians","Iranian military; Lebanese civilians","Iran (80); Lebanon (95)","","","","Isfahan; Tyre; Kfar Roumiya","","Iran (80); Lebanon (95); Lebanon (95)","1",""
"846737d63789","2026-03-26","Israeli forces engaged in military operations to push deeper into southern Lebanon, attempting to expand their ground presence up to eight kilometers inside Lebanese territory amid intensified attacks from Hezbollah. The conflict has seen increased military operations from Hezbollah, including 94 operations targeting Israeli troop movements and military positions along the border.","Israeli forces are attempting to push deeper into southern Lebanon, as Hezbollah intensifies attacks across multiple fronts, leaving the conflict in a grinding stalemate with no diplomatic resolution in sight.","Israeli forces ASSAULT Hezbollah","CONFLICT","ASSAULT","-0.9","Israeli forces","Israeli military","Israel (83)","Hezbollah","Hezbollah","Lebanon (95)","","","","southern Lebanon; Lebanese territory; Lebanon-Israel border","","Lebanon (95); Lebanon (95); Lebanon (95)","6",""
"cdeb1e154c90","2026-03-25","The Israel Defense Forces (IDF) Arabic Language Spokesman Avichay Adraee revealed captured internal documents from Hamas that detail a strategic collaboration between Hamas and Hezbollah, directed by Iran, to establish Lebanon as an active front against Israel. The documents indicate that high-level coordination meetings were held, including one where Hezbollah granted Hamas permission to militarily establish itself in various locations in Lebanon.","IDF Arabic Language Spokesman Avichay Adraee on Wednesday revealed captured internal Hamas documents that were found during the war in Gaza. The documents shed light on the strategic collaboration between Hamas and Hezbollah, with Iranian direction and guidance, to turn Lebanon into an active front against Israel.","Israel Defense Forces ACCUSE Hamas and Hezbollah","CONFLICT","ACCUSE","-0.3","Israel Defense Forces","Israeli military","Israel (83)","Hamas; Hezbollah","Hamas; Hezbollah","Palestine (195); Lebanon (95)","Iran","Iran","Iran (80)","Lebanon","","Lebanon (95)","1",""
"00cd196bbcb2","2026-03-25","Israel launched intensive air strikes on Lebanon and deployed ground troops into southern Lebanon in response to Hezbollah's rocket and drone attacks. This military action is part of Israel's broader offensive against Iran-backed Hezbollah amid ongoing conflict with Iran.","In response, the Israelis have carried out intensive air strikes on Lebanon and sent ground troops into the south of the country in a widening offensive.","Israel ASSAULT Lebanon and Hezbollah","CONFLICT","ASSAULT","-0.9","Israel","Israel","Israel (83)","Lebanon; Hezbollah","Lebanon; Hezbollah","Lebanon (95); Lebanon (95)","Iran","Iran","Iran (80)","Lebanon; southern Lebanon","","Lebanon (95); Lebanon (95)","1",""
"fd8a94a9444c","2026-03-24","The Israeli military announced its intention to take control of southern Lebanon up to the Litani River, establishing a security zone as part of its campaign against Hezbollah. This move represents a significant escalation in military operations, with Israeli Defence Minister Israel Katz stating that displaced Lebanese residents would not be allowed to return south of the river until security is assured for northern Israel.","Israeli defence minister Israel Katz said the military 'will control... the security zone up to the Litani', around 30 kilometres (20 miles) from the border, and added that displaced Lebanese residents would not be allowed to return south of the river 'until security is guaranteed for the residents of the north' of Israel.","Israeli military THREATEN Lebanese displaced residents","CONFLICT","THREATEN","-0.6","Israeli military","Israeli military","Israel (83)","Lebanese displaced residents","Lebanese displaced residents","Lebanon (95)","Hezbollah; Israel Katz","Hezbollah; Israel Katz","Lebanon (95); Israel (83)","southern Lebanon; Litani River; northern Israel","","Lebanon (95); Lebanon (95); Israel (83)","2",""
"8d61655df0eb","2026-03-24","Israel's Defence Minister Israel Katz announced that Israeli ground troops have established new fortifications and destroyed five bridges over the Litani River in southern Lebanon as part of a strategy to create a buffer zone against Hezbollah militants. This action is intended to control the area and enhance security in response to perceived threats from the Iran-backed militia.","Marking an escalation of Israel’s plans, Defence Minister Israel Katz said on March 24 that Israel had destroyed five bridges over the river and that the military would 'control the remaining bridges and the security zone up to the Litani.'","Israel Defense Minister Israel Katz ASSAULT Hezbollah militants","CONFLICT","ASSAULT","-0.9","Israel Defense Minister Israel Katz","Israel Defense Minister Israel Katz","Israel (83)","Hezbollah militants","Hezbollah","Lebanon (95)","Iran","Iran","Iran (80)","Litani River; southern Lebanon","","Lebanon (95); Lebanon (95)","4",""
"6350dafede76","2026-03-23","Israeli Finance Minister Bezalel Smotrich stated that Israel should extend its border with Lebanon to the Litani River during an Israeli military assault on southern Lebanon. This military action, which includes bombing bridges and destroying homes, is part of Israel's campaign against Hezbollah militants, following Hezbollah's missile attacks on Israel on March 2.","The new Israeli border must be the Litani... the military campaign in Lebanon needs to end with a different reality entirely, both with the Hezbollah decision but also with the change of Israel’s borders.","Israel REQUEST Lebanon","CONFLICT","REQUEST","-0.2","Israel","Israel","Israel (83)","Lebanon","Lebanon","Lebanon (95)","Hezbollah","Hezbollah","Lebanon (95)","Southern Lebanon; Litani River","","Lebanon (95); Lebanon (95)","3",""
"03d4fad1adfb","2026-03-23","The Israel Defense Forces (IDF) conducted a ground operation in southern Lebanon, where troops from the Givati Brigade detained several armed individuals allegedly affiliated with Hezbollah. This operation followed the suspects' reported surrender and was aimed at preventing the launch of an anti-tank missile and establishing a position for rocket fire toward northern Israel.","The Israel Defense Forces announced on Monday, that its troops detained several armed individuals allegedly affiliated with the Hezbollah during a ground operation in southern Lebanon following their reported surrender.","Israel Defense Forces ASSAULT Givati Brigade and Hezbollah","CONFLICT","ASSAULT","-0.9","Israel Defense Forces","Israeli military","Israel (83)","Givati Brigade; Hezbollah","Givati Brigade; Hezbollah","Lebanon (95); Lebanon (95)","","","","southern Lebanon","","Lebanon (95)","5",""
"150fa42658ef","2026-03-23","Israeli Prime Minister Benjamin Netanyahu announced that Israel will continue its military operations against targets in Iran and Lebanon. This statement follows discussions with U.S. President Donald Trump, who believes there is a strategic opportunity to leverage recent military gains into a broader agreement to safeguard Israel's long-term interests.","President Trump believes there is an opportunity to leverage the tremendous achievements we have attained with the U.S. military to realize the war objectives in an agreement—an agreement that will safeguard our vital interests.","Benjamin Netanyahu MOBILIZE Iran and Lebanon","CONFLICT","MOBILIZE","-0.6","Benjamin Netanyahu","Benjamin Netanyahu","Israel (83)","Iran; Lebanon","Iran; Lebanon","Iran (80); Lebanon (95)","Donald Trump","Donald Trump","USA (185)","Iran; Lebanon","","Iran (80); Lebanon (95)","1",""
"aa5bbee90f10","2026-03-23","Israeli Finance Minister Bezalel Smotrich stated that Israel should extend its border with Lebanon up to the Litani River, as Israeli troops conducted air strikes and ground assaults targeting Hezbollah militants in southern Lebanon. This military action is part of Israel's ongoing conflict with Hezbollah, which escalated after missile attacks from Hezbollah into Israel on March 2.","Israel should extend its border with Lebanon up to the Litani River deep inside the country's south, Israel's finance minister said on Monday as Israeli troops bombed bridges and destroyed homes in the area in an escalating military assault.","Israel ASSAULT Hezbollah","CONFLICT","ASSAULT","-0.9","Israel","Israel","Israel (83)","Hezbollah","Hezbollah","Lebanon (95)","","","","Israel; southern Lebanon; Litani River","","Israel (83); Lebanon (95); Lebanon (95)","1",""
"f75af8d281a2","2026-03-22","The Israeli military announced the approval of plans for the expansion of ground and air attacks against the Lebanese armed group Hezbollah. This decision was made amid concerns of a potential large-scale ground invasion of Lebanon, following increased hostilities after Hezbollah fired rockets into Israel earlier in the month. The operation aims to protect northern Israeli communities from further attacks.","On Sunday, the Israeli military said the chief of the general staff, Lt Gen Eyal Zamir, had approved plans 'to advance the targeted ground operations and strikes' against Hezbollah, and that this would be a 'prolonged operation'.","Israeli military AGREE Hezbollah","COOPERATION","AGREE","0.5","Israeli military","Israeli military","Israel (83)","Hezbollah","Hezbollah","Lebanon (95)","Northern Israeli communities","Israeli communities","Israel (83)","Lebanon; Israel","","Lebanon (95); Israel (83)","1",""
"ba0b1de52ad1","2026-03-22","The Israeli military has been ordered by Defense Minister Israel Katz to destroy all bridges over Lebanon's Litani River and to accelerate the demolition of Lebanese homes near the Israeli border. This action aims to prevent Hezbollah militants and weapons from moving south and to neutralize threats to Israeli communities.","Israel's military has been ordered to destroy all bridges over Lebanon's Litani River and to step up the demolition of Lebanese homes near the Israeli border, the country's defence minister said on Sunday.","Israeli military ASSAULT Lebanon","CONFLICT","ASSAULT","-0.9","Israeli military","Israeli military","Israel (83)","Lebanon","Lebanon","Lebanon (95)","Defense Minister Israel Katz; Hezbollah; Israeli communities","Israel Defense Minister Israel Katz; Hezbollah; Israeli communities","Israel (83); Lebanon (95); Israel (83)","Lebanon; Litani River; Lebanese homes near the Israeli border","","Lebanon (95); Lebanon (95); Lebanon (95)","1",""
"ab7e1726b5f2","2026-03-21","The Israeli Air Force conducted airstrikes on a strategic research and development facility at Malek Ashtar University in Tehran, Iran, which is used by Iran’s military for developing components for nuclear weapons and ballistic missiles. This operation, part of 'Operation Roaring Lion', aimed to degrade Iran's nuclear capabilities and involved simultaneous strikes on over 200 targets associated with the Iranian regime and its proxy Hezbollah.","The Israeli Air Force has struck a strategic research and development facility in Tehran used by Iran’s military to develop components for nuclear weapons and ballistic missiles, the military said on Saturday night.","Israeli Air Force ASSAULT Iranian military and Hezbollah","CONFLICT","ASSAULT","-0.9","Israeli Air Force","Israeli Air Force","Israel (83)","Iranian military; Hezbollah","Iranian military; Hezbollah","Iran (80); Lebanon (95)","","","","Malak Ashtar University, Tehran; Tehran","","Iran (80); Iran (80)","1",""
"4726201c3807","2026-03-19","A correspondent for Russian state-run media outlet RT, Steve Sweeney, and cameraman Ali Rida were injured in southern Lebanon due to an alleged Israeli missile strike while conducting a live broadcast near the Al-Qasmiya Bridge. The incident has raised global concerns regarding the safety of journalists in conflict zones.","A correspondent for Russian state-run media outlet RT was injured on Thursday in southern Lebanon following an alleged Israeli missile strike during a live broadcast.","Israel ASSAULTED Steve Sweeney and Ali Rida","CONFLICT","ASSAULT","-0.9","Israel","Israel","Israel (83)","Steve Sweeney; Ali Rida","Steve Sweeney; Ali Rida","Russia (143); Lebanon (95)","","","","southern Lebanon; Al-Qasmiya Bridge","","Lebanon (95); Lebanon (95)","1",""
"b00184091b2d","2026-03-18","The Israeli military conducted airstrikes on southern Lebanon, targeting the headquarters of the Lebanese Civil Defence, resulting in significant destruction. This action is part of the broader U.S.-Israeli conflict with Iran, which has led to nearly 1,000 Lebanese casualties and the displacement of nearly 1 million people.","The headquarters of the Lebanese Civil Defence lies in ruins after it was hit by an Israeli strike in southern Lebanon amid the U.S.-Israeli conflict with Iran, Wednesday.","Israeli military ASSAULT Lebanese Civil Defence headquarters","CONFLICT","ASSAULT","-0.9","Israeli military","Israeli military","Israel (83)","Lebanese Civil Defence headquarters","Lebanese Civil Defence headquarters","Lebanon (95)","United States; Iran","United States; Iran","USA (185); Iran (80)","southern Lebanon","","Lebanon (95)","2",""
"1756d137568d","2026-03-18","Israeli warplanes conducted airstrikes on bridges over the Litani River in Lebanon, targeting infrastructure to prevent Hezbollah from transferring fighters and weapons. This action is part of a broader military campaign that has resulted in over 1,000 deaths and significant destruction in Lebanon.","In a further escalation, Israeli warplanes also began striking bridges over the Litani River that link southern Lebanon to the rest of the country, destroying at least two of them, Lebanese state media said.","Israeli warplanes ASSAULT Hezbollah","CONFLICT","ASSAULT","-0.9","Israeli warplanes","Israeli warplanes","Israel (83)","Hezbollah","Hezbollah","Lebanon (95)","","","","Litani River; Lebanon","","Lebanon (95); Lebanon (95)","1",""
"326c22e72b2e","2026-03-18","The Israel Defense Forces (IDF) issued a warning to residents in southern Lebanon, specifically near the Litani River, of imminent airstrikes targeting bridges in the area. This action is in response to alleged Hezbollah activities, prompting the IDF to order evacuations for residents south of the Zahrani River.","The Israel army warned Wednesday it intends to strike bridges along the Litani River in southern Lebanon in the coming hours, in the latest Israeli escalation against Beirut.","Israel Defense Forces THREATEN residents of southern Lebanon near the Litani River","CONFLICT","THREATEN","-0.6","Israel Defense Forces","Israeli military","Israel (83)","Residents of southern Lebanon near the Litani River","Residents living south of the Zahrani River in Southern Lebanon","Lebanon (95)","Hezbollah","Hezbollah","Lebanon (95)","southern Lebanon; near the Litani River; south of the Zahrani River","","Lebanon (95); Lebanon (95); Lebanon (95)","1",""
"b1a43e99c7fc","2026-03-17","Israeli forces conducted an airstrike on a building in the Bachoura area of central Beirut, Lebanon, following a forced evacuation warning. This attack resulted in at least six fatalities and 24 injuries, marking an escalation in urban targeting amid ongoing tensions in the region.","A loud explosion was reported in central Beirut after Israeli forces struck a building in the Bachoura area, shortly after issuing a forced evacuation warning, according to media reports.","Israeli forces ASSAULTED a building in the Bachoura area, central Beirut, Lebanon.","CONFLICT","ASSAULT","-0.9","Israeli forces","Israeli military","Israel (83)","Building in the Bachoura area, central Beirut","Building in Beirut's southern suburbs","Lebanon (95)","","","","Bachoura area, central Beirut","","Lebanon (95)","1",""
"8dd54f3123e7","2026-03-16","The Israeli army ordered evacuations for residents living south of the Zahrani River in Southern Lebanon in anticipation of airstrikes. This action is part of an escalation in military operations against Hezbollah amid rising regional tensions.","Through the social media platform X, Israeli army spokesperson Avichay Adraee confirmed that the warning targets those living south of the Zahrani River.","Israeli army AID residents living south of the Zahrani River in Southern Lebanon","COOPERATION","AID","0.8","Israeli army","Israeli military","Israel (83)","Residents living south of the Zahrani River in Southern Lebanon","Residents living south of the Zahrani River in Southern Lebanon","Lebanon (95)","Hezbollah","Hezbollah","Lebanon (95)","Southern Lebanon; South of the Zahrani River","","Lebanon (95); Lebanon (95)","1",""
"b5bf54f7e1aa","2026-03-16","The Health Ministry of Lebanon reported that the death toll from Israeli attacks has risen to 886 since the start of Israel's expanded offensive on March 2, 2026. The casualties include 111 children and 67 women, with a total of 2,141 injured, including 38 healthcare workers killed and 69 injured, as Israel continues its airstrikes in Lebanon.","The death toll from Israeli attacks on Lebanon has risen to 886 since the start of Israel’s expanded offensive on March 2, the Health Ministry said Monday.","Israel ASSAULT Lebanon and Lebanese civilians and healthcare workers","CONFLICT","ASSAULT","-0.9","Israel","Israel","Israel (83)","Lebanon; Lebanese civilians; Lebanese healthcare workers","Lebanon; Lebanese civilians; Lebanese health workers","Lebanon (95); Lebanon (95); Lebanon (95)","","","","Lebanon","","Lebanon (95)","1",""
"ac9d779c2e67","2026-03-15","Israeli warplanes conducted multiple airstrikes across southern Lebanon, targeting various towns including Toul, Kfoir, Taybeh, and Nabatiyeh al-Fawqa, amid ongoing military aggression. This escalation resulted in at least 107 children killed and a total of 850 fatalities reported from March 2 to March 15, with over 2,100 individuals wounded.","The Ministry’s Health Emergency Operations Center reported that between March 2 and March 15, the total death toll from the latest round of Israeli aggression reached 850, with 2,105 people wounded.","Israeli warplanes ASSAULT Civilians in southern Lebanon","CONFLICT","ASSAULT","-0.9","Israeli warplanes","Israeli warplanes","Israel (83)","Civilians in southern Lebanon","Lebanese civilians","Lebanon (95)","","","","southern Lebanon; Toul; Kfarch; Taybeh; Nabatiya al-Fawqa","","Lebanon (95); Lebanon (95); Lebanon (95); Lebanon (95); Lebanon (95)","1",""
"6df7a99255f6","2026-03-13","The Israeli military conducted approximately 7,600 airstrikes in Iran and 1,100 in Lebanon as part of a joint operation with the United States against Tehran. The strikes aimed to target the Iranian regime's headquarters and assets, as well as its missile program, and included attacks on Hezbollah's missile and launcher targets in Lebanon.","The Israeli military said on Friday it had carried out around 7,600 strikes in Iran and 1,100 in Lebanon since launching its joint operation with the United States against Tehran.","Israeli military and United States ASSAULT Iranian regime and Hezbollah","CONFLICT","ASSAULT","-0.9","Israeli military; United States","Israeli military; United States","Israel (83); USA (185)","Iranian regime; Hezbollah","Iranian regime; Hezbollah","Iran (80); Lebanon (95)","","","","Iran; Lebanon","","Iran (80); Lebanon (95)","1",""
"91f7ef9479fe","2026-03-13","An Israeli airstrike targeted a medical center and clinic operated by the Islamic Health Authority in Bourj Qalawayh, Lebanon, resulting in the deaths of at least 12 paramedics and injuring one person. This attack was condemned by Lebanon’s Health Ministry as a violation of international humanitarian law.","At least 12 paramedics were killed and one person injured Friday when an Israeli airstrike struck a medical center and clinic operated by the Islamic Health Authority in Bourj Qalawayh, according to reports.","Israeli airstrike ASSAULT Islamic Health Authority medical center and Palestinian paramedics","CONFLICT","ASSAULT","-0.9","Israeli airstrike","Israeli airstrikes","Israel (83)","Islamic Health Authority medical center and clinic in Bourj Qalawneh; Palestinian paramedics","Islamic Health Authority medical center and clinic in Bourj Qalawneh; Palestinian paramedics","Lebanon (95); Palestine (195)","","","","Bourj Qalawneh","","Lebanon (95)","2",""
"3c8ee7c2fb79","2026-03-12","A Zionist strike on central Beirut’s seafront resulted in the deaths of eight people, according to Lebanon’s health ministry. This strike occurred amid escalating tensions, with the Zionist Defense Minister ordering troops to prepare for expanded operations in Lebanon if Hezbollah does not cease its attacks.","A Zionist strike on central Beirut’s seafront killed eight people on Thursday, Lebanon’s health ministry said, as Zionist entity threatened to expand operations and seize territory if Hezbollah does not stop its attacks.","Zionist Defense Minister THREATEN Hezbollah","CONFLICT","THREATEN","-0.6","Zionist Defense Minister","Israel Defense Minister","Israel (83)","Hezbollah","Hezbollah","Lebanon (95)","","","","Central Beirut Seafront","","Lebanon (95)","1",""
"445d68cf69c2","2026-03-11","An Israeli airstrike targeted an apartment in the Aisha Bakkar area of central Beirut, Lebanon, resulting in the deaths of four individuals and injuries to four others. The strike was aimed at an office associated with the Jamaa Islamiya group, which has connections to Hezbollah, amidst ongoing conflict following Hezbollah's attack on Israel.","An Israeli strike hit an apartment in central Beirut on Wednesday, state media reported, the second targeting of the heart of the Lebanese capital since the latest war with Iran-backed group Hezbollah broke out.","Israeli airstrike ASSAULTED apartment residents in Aisha Bakkis, central Beirut, and an office associated with the Jamaa Islamiya group in Beirut.","CONFLICT","ASSAULT","-0.9","Israeli airstrike","Israeli airstrikes","Israel (83)","Apartment residents in Aisha Bakkis, central Beirut; Jamaa Islamiya group office in Beirut","Apartment residents in Aisha Bakkis, central Beirut; Jamaa Islamiya group office in Beirut","Lebanon (95); Lebanon (95)","Hezbollah","Hezbollah","Lebanon (95)","Aisha Bakkar, central Beirut","","Lebanon (95)","1",""
"c566343fc6a8","2026-03-11","An Israeli airstrike targeted the town of Shaath in the Baalbek district of eastern Lebanon, resulting in the deaths of eight individuals, as reported by the Health Ministry. This attack is part of a series of escalating military confrontations between Israel and Hezbollah.","Eight people were killed in an Israeli airstrike targeting the town of Shaath in eastern Lebanon’s Baalbek district, the Health Ministry said Wednesday, in the latest escalation in a confrontation between Israel and Hezbollah.","Israeli airforce ASSAULT Civilians in Shaht","CONFLICT","ASSAULT","-0.9","Israeli airforce","Israeli Air Force","Israel (83)","Civilians in Shaht","Civilians in Shaht","Lebanon (95)","Hezbollah","Hezbollah","Lebanon (95)","Shaath, Baalbek district, eastern Lebanon","","Lebanon (95)","1",""
"24e5893f5dbd","2026-03-11","Israel's Defense Minister, Israel Katz, issued an ultimatum to the Lebanese government in Baku, Azerbaijan, warning that if the Lebanese authorities do not prevent attacks by Hezbollah, Israel will take control of the area. This statement follows heavy rocket fire from Hezbollah towards Israel, prompting the Israel Defense Forces to launch strikes against Hezbollah targets in Lebanon.","I warned the Lebanese president that if the Lebanese government cannot control its territory and prevent Hezbollah from threatening northern communities and firing at Israel, we will take that territory and do it ourselves.","Israel Defense Forces ASSAULT Lebanon","CONFLICT","ASSAULT","-0.9","Israel Defense Forces","Israeli military","Israel (83)","Lebanon","Lebanon","Lebanon (95)","Hezbollah","Hezbollah","Lebanon (95)","Baku; Lebanon","","Azerbaijan (11); Lebanon (95)","1",""
"5685ac949eb9","2026-03-09","The Israeli military conducted at least seven airstrikes targeting branches of Al-Qard Al-Hassan, a Hezbollah-affiliated financial institution, in various locations including Sfeir, Burj al-Barajneh, and Haret Hreik, as part of its operations against Hezbollah.","Also on Monday, at least seven Israeli airstrikes have been reported so far, including two in the morning. The strikes hit branches of Al-Qard Al-Hassan, a Hezbollah-affiliated financial institution, in Sfeir, Burj al-Barajneh, and Haret Hreik.","Israeli military ASSAULT Al-Qard al-Hassan","CONFLICT","ASSAULT","-0.9","Israeli military","Israeli military","Israel (83)","Al-Qard al-Hassan","Al-Qard al-Hassan","Lebanon (95)","Hezbollah","Hezbollah","Lebanon (95)","Sfeir; Burj al-Barajieh; Haret Hreik","","Lebanon (95); Lebanon (95); Lebanon (95)","1",""
"c2274da674f4","2026-03-09","The ongoing US-Israeli war on Iran has resulted in significant casualties, with Iran reporting at least 1,230 fatalities, including 175 schoolgirls and staff due to a missile strike on a primary school in Minab. Additionally, Lebanon has reported at least 486 deaths from Israeli strikes, and Iraq has reported 15 fatalities, including a commander from an Iran-backed group killed in an air strike on March 5.","Fatalities as reported by countries as ‌of March 9, more than a week after the war began. * IRAN - At least 1230 people have ‌been killed, including 175 schoolgirls and staff killed in a missile strike on a primary school in Minab in the country's south on the war's first day, according to the non-profit humanitarian group Iranian Red Crescent Society.","Israel ASSAULT Iran, Lebanon, and the Gaza Strip","CONFLICT","ASSAULT","-0.9","Israel","Israel","Israel (83)","Iran; Lebanon; Iraq","Iran; Lebanon; Iraq","Iran (80); Lebanon (95); Iraq (81)","Iran-backed group","Iran-backed group","Iran (80)","Minab; Lebanon; Iraq","","Iran (80); Lebanon (95); Iraq (81)","1",""
"c708e9f8b155","2026-03-09","Israeli warplanes conducted over 10 airstrikes in the southern suburbs of Beirut, Lebanon, targeting areas including Haret Hreik and Bir Abed, as well as branches of the al-Qard al-Hassan financial institution. The strikes resulted in one death and 12 injuries, following Israeli threats against the organization.","One person was killed, and 12 others were injured in Israeli airstrikes on Beirut's southern suburbs on Monday, according to Lebanese security sources.","Israeli warplanes ASSAULT al-Qard al-Hassan financial institution","CONFLICT","ASSAULT","-0.9","Israeli warplanes","Israeli warplanes","Israel (83)","al-Qard al-Hassan financial institution","al-Qard al-Hassan financial institution","Lebanon (95)","","","","Southern suburbs of Beirut; Haret Hreik; Bir Abed","","Lebanon (95); Lebanon (95); Lebanon (95)","1",""
"151089070c0b","2026-03-09","The Israeli military conducted airstrikes in the village of Yohmor, southern Lebanon, allegedly using shells containing white phosphorus, as reported by Human Rights Watch. The strikes occurred after the military warned residents to evacuate the area.","Human Rights Watch (HRW) on Monday alleged that the Israeli military 'unlawfully' struck a village in southern Lebanon using shells containing white phosphorus, a controversial incendiary munition.","Israeli military ASSAULT Residents of Yohmor","CONFLICT","ASSAULT","-0.9","Israeli military","Israeli military","Israel (83)","Residents of Yohmor","Residents of Yohmor","Lebanon (95)","Human Rights Watch","Human Rights Watch","Human Rights Watch","Yohmor; Southern Lebanon","","Lebanon (95); Lebanon (95)","1",""
"fde8654a4851","2026-03-08","The Israeli military renewed its assault on southern Lebanon, targeting commanders of the Lebanese branch of Iran’s Revolutionary Guards’ Quds Force. This action was part of the ongoing conflict related to the Iran-US/Israel war, following Israeli Prime Minister Benjamin Netanyahu's announcement of upcoming military actions.","Israel renewed its assault on southern Lebanon early Sunday, March 8, including targeting commanders of the Lebanese branch of Iran’s Revolutionary Guards’ Quds Force.","Israeli military ASSAULT Lebanese branch of Irana9s Revolutionary Guardsa9s Quds Force","CONFLICT","ASSAULT","-0.9","Israeli military","Israeli military","Israel (83)","Lebanese branch of Irans Revolutionary Guardss Quds Force","Lebanese branch of Irans Revolutionary Guardss Quds Force","Lebanon (95)","Benjamin Netanyahu","Benjamin Netanyahu","Israel (83)","southern Lebanon","","Lebanon (95)","1",""
"3268cd4fe456","2026-03-08","The Israel Defense Forces issued a warning to residents of four villages in southern Lebanon—Arnoun, Yohmor, Zawtar al-Sharqiya, and Zawtar al-Gharbiya—urging them to evacuate their homes immediately due to impending military strikes. This action was prompted by what the army described as 'Hezbollah activities' in the area, necessitating a forceful response.","Israel’s army on Sunday warned residents of four villages in southern Lebanon to evacuate their homes ahead of new strikes.","Israel Defense Forces THREATEN residents of four villages in southern Lebanon","CONFLICT","THREATEN","-0.6","Israel Defense Forces","Israeli military","Israel (83)","Residents of Arnoun; Residents of Yahf al-Sharqiya; Residents of Zawtar al-Sharqiya; Residents of Zawtar al-Gharbiya","Residents of Arnoun; Residents of Yahf al-Sharqiya; Residents of Zawtar al-Gharbiya; Residents of Zawtar al-Gharbiya","Lebanon (95); Lebanon (95); Lebanon (95); Lebanon (95)","Hezbollah","Hezbollah","Lebanon (95)","Arnoun; Yahf al-Sharqiya; Zawtar al-Sharqiya; Zawtar al-Gharbiya","","Lebanon (95); Lebanon (95); Lebanon (95); Lebanon (95)","1",""
"c964abe6c5ae","2026-03-08","Israeli forces conducted an airstrike on a hotel in central Beirut, Lebanon, marking the first attack on the city center since the latest conflict with Hezbollah began. This attack occurred amidst ongoing military operations following Hezbollah's assault on Israel in response to the killing of Iranian leader Ayatollah Ali Khamenei.","Israel struck a hotel in central Beirut on Sunday, marking the first attack on the city center since the latest war against Hezbollah began.","Israeli forces ASSAULT a hotel in central Beirut","CONFLICT","ASSAULT","-0.9","Israeli forces","Israeli military","Israel (83)","Hotel in central Beirut","Hotel in central Beirut","Lebanon (95)","Hezbollah; Iran; Ayatollah Ali Khamenei","Hezbollah; Iran; Ayatollah Ali Khamenei","Lebanon (95); Iran (80); Iran (80)","Central Beirut","","Lebanon (95)","2",""
"f077a79fc373","2026-03-07","On March 7, 2026, Israel conducted airstrikes targeting oil storage facilities in Tehran, Iran, and struck southern Lebanon and Beirut as part of the ongoing conflict in the Middle East. This marked a significant escalation, with Prime Minister Benjamin Netanyahu indicating that there would be 'many surprises' in the next phase of the conflict.","Israel on Sunday struck southern Lebanon, Beirut and oil storage facilities in Tehran as the war in the Middle East keeps escalating, and Prime Minister Benjamin Netanyahu promised 'many surprises' for the next phase of the conflict.","Israel ASSAULT Oil storage facilities in Tehran, southern Lebanon, and Beirut","CONFLICT","ASSAULT","-0.9","Israel","Israel","Israel (83)","Oil storage facilities in Tehran; Southern Lebanon; Beirut","Oil storage facility in Tehran; Lebanon; Beirut","Iran (80); Lebanon (95); Lebanon (95)","","","","Tehran; Southern Lebanon; Beirut","","Iran (80); Lebanon (95); Lebanon (95)","1",""
"8ea5c658c33d","2026-03-07","Israeli airstrikes targeted Beirut and southern Lebanon, resulting in at least 15 deaths and 15 injuries. In retaliation, Hezbollah launched attacks against Israeli military sites, escalating tensions in the region.","Lebanon on Sunday said that Israeli overnight airstrikes on its capital, Beirut and places in southern Lebanon killed at least 15 people and wounded another 15, the country's National News Agency reported, adding that US-designated terror group Hezbollah has announced retaliatory attacks against Israeli targets.","Israeli airstrikes ASSAULT Hezbollah","CONFLICT","ASSAULT","-0.9","Israeli airstrikes","Israeli airstrikes","Israel (83)","Hezbollah","Hezbollah","Lebanon (95)","","","","Beirut; Southern Lebanon","","Lebanon (95); Lebanon (95)","1",""
"904f0eee92a2","2026-03-07","An Israeli airstrike targeted the town of Sir al-Gharbiyyeh in the Nabatieh District of southern Lebanon, resulting in at least 10 fatalities and six injuries. This strike is part of a broader military campaign that has seen significant casualties across Lebanon, including a series of airstrikes in Beirut.","At least 10 people were killed and six injured in an Israeli airstrike in southern Lebanon, authorities said late Sunday.","Israeli military ASSAULT Civilians in Sir al-Ghanbeyyeh","CONFLICT","ASSAULT","-0.9","Israeli military","Israeli military","Israel (83)","Civilians in Sir al-Ghanbeyyeh","Civilians in Sir al-Ghanbeyyeh","Lebanon (95)","","","","Sir al-Gharbiyyeh, Nabatieh District, southern Lebanon; Beirut, Lebanon","","Lebanon (95); Lebanon (95)","1",""
"1f83a5b9cf7d","2026-03-07","The Israeli army issued an urgent evacuation order to residents of southern Lebanon located south of the Litani River, instructing them to move north due to escalating military actions against Hezbollah. This warning was part of Israel's expanding military campaign in Lebanon, which has seen significant casualties since the beginning of the week.","Urgent warning to residents of southern Lebanon located south of the Litani River: you must evacuate your homes immediately.","Israeli army REQUEST residents of southern Lebanon","CONFLICT","REQUEST","-0.2","Israeli army","Israeli military","Israel (83)","Residents of southern Lebanon","Residents of South Lebanon","Lebanon (95)","Hezbollah","Hezbollah","Lebanon (95)","Southern Lebanon; South of Litani River; Lebanon","","Lebanon (95); Lebanon (95); Lebanon (95)","1",""
"1446721614ee","2026-03-07","Israeli airstrikes in southern Lebanon resulted in the deaths of eight people and injuries to four others in the towns of Tafahta and Jabal al-Butm during the early hours of Sunday morning, following a series of attacks over the weekend.","Previous Israeli strikes in the early hours of Sunday morning killed eight people and injured four others in the towns of Tafahta and Jabal al-Butm in south Lebanon overnight on Saturday and Sunday.","Israeli military ASSAULT Civilians in Tafile and Jabal al-Butm","CONFLICT","ASSAULT","-0.9","Israeli military","Israeli military","Israel (83)","Civilians in Tafile and Jabal al-Butm","Civilians in Tafile and Jabal al-Butm","Lebanon (95)","","","","Tafile; Jabal al-Butm; southern Lebanon","","Lebanon (95); Lebanon (95); Lebanon (95)","1",""
"930f9a231742","2026-03-07","Israeli warplanes conducted airstrikes in Lebanon, targeting a three-storey building in the town of Seir el-Gharbiya, resulting in the deaths of at least 19 individuals, primarily women and children. This attack is part of a broader military campaign following recent escalations involving Hezbollah and Iran.","The Lebanese National News Agency reported that Israeli aircraft targeted a three-storey building in Seir al-Gharbiya on Sunday morning, totally destroying it and killing 19 people, most of them women and children.","Israeli warplanes ASSAULT civilians in Seir el-Gharriya","CONFLICT","ASSAULT","-0.9","Israeli warplanes","Israeli warplanes","Israel (83)","Civilians in Seir el-Gharbiya","Civilians in Seir el-Gharbiya","Lebanon (95)","Hezbollah; Iran","Hezbollah; Iran","Lebanon (95); Iran (80)","Seir el-Gharriya; Lebanon","","Lebanon (95); Lebanon (95)","1",""
"7396ba1f4c11","2026-03-07","Israeli airstrikes on Saturday evening killed eight individuals in southern Lebanon, with six fatalities reported in Khirbet Salem and two in Kafr Rumman, contributing to a significant escalation in violence in the region.","On Saturday evening a further eight people were killed in Israeli strikes on south Lebanon - six in Khirbet Salem and two in Kafr Rumman.","Israeli airstrikes ASSAULT Civilians in southern Lebanon","CONFLICT","ASSAULT","-0.9","Israeli airstrikes","Israeli airstrikes","Israel (83)","Civilians in southern Lebanon","Lebanese civilians","Lebanon (95)","","","","Southern Lebanon; Khirbet Salem; Kafr Ramlam","","Lebanon (95); Lebanon (95); Lebanon (95)","1",""
"7c8c0f09f4cd","2026-03-06","Israeli airstrikes targeted the eastern Lebanese village of Nabi Chit and surrounding towns in the Baalbek district, resulting in 41 deaths and 40 injuries, according to Lebanon's authorities. The strikes were part of an operation to secure the withdrawal of an Israeli infantry unit that had engaged in clashes with Hezbollah members and local residents.","The death toll from Israeli airstrikes and clashes in the eastern Lebanese village of Nabi Chit rose to 41, with 40 others injured, Lebanon's authorities said Saturday.","Israeli airstrikes ASSAULT Lebanese civilians in Nabi Chit and Baalbek district","CONFLICT","ASSAULT","-0.9","Israeli airstrikes","Israeli airstrikes","Israel (83)","Lebanese civilians in Nabi Chit and Baalbek district","Lebanese civilians in Nabi Chit and Baalbek district","Lebanon (95)","Hezbollah; Local residents of Nabi Chit and Baalbek district","Hezbollah; Local residents of Nabi Chit and Baalbek district","Lebanon (95); Lebanon (95)","Nabi Chit; Baalbek district","","Lebanon (95); Lebanon (95)","1",""
"80bc534fc3ce","2026-03-06","The Israeli military conducted a commando operation in east Lebanon, specifically in the town of Nabi Sheet and surrounding areas, resulting in the deaths of 41 individuals and injuries to 40 others, according to the Lebanese health ministry.","The series of raids launched by the Israeli enemy on the town of Nabi Sheet and surrounding towns in the Baalbek district resulted in a total of 41 citizens killed and 40 others wounded.","Israeli military ASSAULT Civilians in Nabi Sheet and surrounding areas","CONFLICT","ASSAULT","-0.9","Israeli military","Israeli military","Israel (83)","Civilians in Nabi Sheet and surrounding areas","Civilians in Nabi Sheet and surrounding areas","Lebanon (95)","","","","Nabi Sheet; East Lebanon","","Lebanon (95); Lebanon (95)","1",""
"f284cd52f849","2026-03-06","Israeli warplanes conducted airstrikes in southern Lebanon, specifically targeting a three-story house in the town of Dweir, resulting in the deaths of five individuals, including retired Lebanese Army officer Youssef Reda Rammal and his family. The strikes also injured nine others, including former Dweir mayor Ibrahim Reda Rammal, and caused significant destruction in the area.","Five people were killed and nine others injured in Israeli airstrikes on southern Lebanon on Friday, according to the National News Agency.","Israeli warplanes ASSAULT Youssef Reda Rammal and his family, and civilians in Dweir.","CONFLICT","ASSAULT","-0.9","Israeli warplanes","Israeli warplanes","Israel (83)","Youssef Reda Rammal and his family; Ibrahim Reda Rammal; Civilians in Dweir","Youssef Reda Rammal and his family; Ibrahim Reda Rammal; Civilians in Dweir","Lebanon (95); Lebanon (95); Lebanon (95)","","","","southern Lebanon; Dweir","","Lebanon (95); Lebanon (95)","1",""
"6af88732c813","2026-03-05","Israel launched pre-dawn airstrikes on Lebanon as part of its military operations in the ongoing US-Israel-Iran War. This escalation follows the recent US submarine sinking of an Iranian warship in the Indian Ocean and is part of a broader conflict that has seen significant casualties and military actions across the region.","Israel launched pre-dawn strikes on Lebanon Thursday and said it was intercepting fresh missiles from Iran, as a war launched by the United States and Israel widened across the Middle East.","Israel ASSAULT Lebanon","CONFLICT","ASSAULT","-0.9","Israel","Israel","Israel (83)","Lebanon","Lebanon","Lebanon (95)","United States; Iran","United States; Iran","USA (185); Iran (80)","Lebanon","","Lebanon (95)","2",""
"fba1f491ff25","2026-03-04","Israeli warplanes conducted a series of airstrikes across southern Lebanon, targeting multiple areas including the villages of Deir Siriane and Harouf, and the town of Arnoun, as well as the cities of Tyre and Nabatieh. This escalation in military action has resulted in at least 20 deaths and 283 injuries over the past 24 hours, contributing to a total of 72 deaths and 437 injuries since Monday.","Israeli warplanes carried out a series of airstrikes across southern Lebanon on Wednesday afternoon, according to Lebanon's official National News Agency (NNA).","Israeli warplanes ASSAULT Lebanese civilians","CONFLICT","ASSAULT","-0.9","Israeli warplanes","Israeli warplanes","Israel (83)","Lebanese civilians","Lebanese civilians","Lebanon (95)","","","","southern Lebanon; Deir Sirbane; Haririah; Arsoun; Tyre; Nabatieh","","Lebanon (95); Lebanon (95); Lebanon (95); Lebanon (95); Lebanon (95); Lebanon (95)","7",""
"04817ec7213b","2026-03-04","Israeli airstrikes targeted vehicles on the road leading to Beirut’s Rafic Hariri International Airport, resulting in three fatalities and six injuries. The strikes were aimed at Hezbollah members, with one vehicle hit by a drone and another shortly after. Additionally, Israeli warplanes conducted an airstrike on Choueifat, south of Beirut, claiming to have destroyed Hezbollah infrastructure.","Three people were killed, and six others injured Wednesday in two Israeli airstrikes targeting vehicles on the road leading to Beirut’s Rafic Hariri International Airport, according to Lebanon’s Health Ministry.","Israeli airstrikes and warplanes ASSAULT Hezbollah members and infrastructure","CONFLICT","ASSAULT","-0.9","Israeli airstrikes; Israeli warplanes","Israeli airstrikes; Israeli warplanes","Israel (83); Israel (83)","Hezbollah members; Hezbollah infrastructure","Hezbollah; Hezbollah infrastructure","Lebanon (95); Lebanon (95)","","","","Road leading to Beirut's Rafic Hariri International Airport; Choueifat","","Lebanon (95); Lebanon (95)","1",""
"9c2dd0c9db61","2026-03-04","Israel issued a warning for residents in south Lebanon to evacuate north of the Litani River due to intensifying conflict with Hezbollah. This warning follows simultaneous attacks by the U.S. and Israel on Iran, which prompted Hezbollah's retaliation with drones and rockets. Israeli forces have advanced into southern Lebanon, taking strategic positions in several towns.","Israel issued a warning on Wednesday, urging residents in south Lebanon to evacuate north of the Litani River amid intensifying conflict with Hezbollah.","Israel ACCUSE residents of south Lebanon","CONFLICT","ACCUSE","-0.3","Israel","Israel","Israel (83)","Residents of south Lebanon","Residents of South Lebanon","Lebanon (95)","Hezbollah; United States; Iran","Hezbollah; United States; Iran","Lebanon (95); USA (185); Iran (80)","South Lebanon; North of Litani River; Southern Lebanon","","Lebanon (95); Lebanon (95); Lebanon (95)","1",""
"a32f5f3e03f2","2026-03-03","The United Nations Interim Force in Lebanon (UNIFIL) reported that Israeli soldiers crossed into southern Lebanon near Markaba, Al Adeisse, Kfar Kela, and Ramyah, which UNIFIL described as a violation of UN Security Council Resolution 1701. This incident is part of ongoing tensions, with UNIFIL noting that the Israeli army has maintained positions inside Lebanese territory and recorded multiple violations over the past two days.","The United Nations Interim Force in Lebanon (UNIFIL) said Tuesday it observed Israeli soldiers crossing into border areas of southern Lebanon, calling the move a 'violation' of UN Security Council Resolution 1701.","Israeli soldiers ASSAULT Lebanese territory","CONFLICT","ASSAULT","-0.9","Israeli soldiers","Israeli soldiers","Israel (83)","Lebanese territory","Lebanese state","Lebanon (95)","United Nations Interim Force in Lebanon (UNIFIL); United Nations Security Council","United Nations Interim Force in Lebanon (UNIFIL); United Nations Security Council","United Nations; United Nations","southern Lebanon; Markaka; Al Adeira; Kfar Kela; Ramiahya","","Lebanon (95); Lebanon (95); Lebanon (95); Lebanon (95); Lebanon (95)","1",""
"99557bfbae47","2026-03-03","Israel conducted an airstrike on a headquarters belonging to Al-Jamaa Al-Islamiya, an ally of Hezbollah and Hamas, in the southern Lebanese city of Sidon. The strike targeted the group's office amid escalating regional tensions in the Middle East.","Israel carried out an airstrike on a headquarters belonging to Al-Jamaa Al-Islamiya, an ally of Hezbollah and Hamas, in the southern Lebanese city of Sidon, according to Lebanese state media.","Israel ASSAULT Al-Jamaa Al-Islamiya","CONFLICT","ASSAULT","-0.9","Israel","Israel","Israel (83)","Al-Jamaa Al-Islamiya","Al-Jamaa Al-Islamiya","Lebanon (95)","Hezbollah; Hamas","Hezbollah; Hamas","Lebanon (95); Palestine (195)","Sidon","","Lebanon (95)","1",""
"9bd4bbf44067","2026-03-02","The Israeli Defense Forces mobilized 100,000 reservists as part of preparations for a broader military offensive extending beyond Iran and Lebanon, under the ongoing 'Operation Roaring Lion'. This mobilization follows the launch of an offensive battle against Hezbollah, which included airstrikes on Beirut and southern Lebanon, resulting in significant casualties.","Israel has begun mobilizing 100,000 reservists in preparation for a broader offensive extending beyond Iran and Lebanon, according to Israeli media reports on Monday.","Israeli Defense Forces MOBILIZE Hezbollah","CONFLICT","MOBILIZE","-0.6","Israeli Defense Forces","Israeli military","Israel (83)","Hezbollah","Hezbollah","Lebanon (95)","","","","Israel; Lebanon; Beirut; Southern Lebanon; Iran","","Israel (83); Lebanon (95); Lebanon (95); Lebanon (95); Iran (80)","5",""
"9892fe569b91","2026-03-02","The Israeli Defense Minister Israel Katz announced that Hezbollah Secretary General Naim Qassem is now a 'marked target for elimination' following Hezbollah's missile and drone attacks on Israeli military sites. This declaration coincided with the launch of an Israeli military offensive against Hezbollah in Lebanon, which included airstrikes targeting Beirut’s southern suburbs and southern Lebanon, resulting in 31 fatalities and 149 injuries.","The military early Monday said that it has launched an 'offensive battle' against Hezbollah in Lebanon. Israeli airstrikes targeted Beirut’s southern suburbs and areas in southern Lebanon, killing 31 people and wounding 149, according to Lebanon’s Health Ministry.","Israel Defense Minister Israel Katz THREATEN Hezbollah Secretary General Naim Qassem","CONFLICT","THREATEN","-0.6","Israel Defense Minister Israel Katz","Israel Defense Minister Israel Katz","Israel (83)","Hezbollah Secretary General Naim Qassem","Hezbollah Secretary General Naim Qassem","Lebanon (95)","","","","Lebanon; Beirutus southern suburbs; Southern Lebanon","","Lebanon (95); Lebanon (95); Lebanon (95)","1",""
"818ab47cb4d9","2026-03-02","The Israeli military issued an urgent evacuation advisory to residents of several villages in southern Lebanon and the Bekaa Valley, warning of imminent strikes on positions linked to Hezbollah. The Israel Defense Forces (IDF) directed civilians to move at least 1,000 meters away from areas believed to house Hezbollah members and military equipment for their safety.","The Israeli military on Monday issued an urgent evacuation advisory to residents of several villages in southern Lebanon and the Bekaa Valley, warning of imminent strikes on positions linked to Hezbollah amid renewed hostilities in the region.","Israeli military REQUEST residents of southern Lebanon and the Bekaaalik","CONFLICT","REQUEST","-0.2","Israeli military","Israeli military","Israel (83)","Residents of southern Lebanon and the Bekaaalik","Residents of southern Lebanon and the Bekaaalik","Lebanon (95)","Hezbollah; Israel Defense Forces (IDF)","Hezbollah; Israel Defense Forces (IDF)","Lebanon (95); Israel (83)","southern Lebanon; Bekaa Valley","","Lebanon (95); Lebanon (95)","1",""
"43bb571e8c5a","2026-03-02","The Israeli Air Force conducted airstrikes across Lebanon, targeting Hezbollah positions in Beirut and southern Lebanon, resulting in at least 31 fatalities and 149 injuries among civilians. This military action was a response to rocket fire from Lebanese territory into northern Israel, marking a significant escalation in hostilities following the November 2024 ceasefire.","At least 31 people were killed and 149 injured in Israeli airstrikes across Lebanon on Monday, according to the Lebanese health ministry, marking one of the deadliest flare-ups since the November 2024 ceasefire between Israel and Hezbollah.","Israeli Air Force ASSAULT Hezbollah and civilians in Lebanon","CONFLICT","ASSAULT","-0.9","Israeli Air Force","Israeli Air Force","Israel (83)","Hezbollah; Civilians in Lebanon","Hezbollah; Lebanese civilians","Lebanon (95); Lebanon (95)","","","","Lebanon; Beirut; Southern Lebanon","","Lebanon (95); Lebanon (95); Lebanon (95)","2",""
"81073c419ec6","2026-03-02","Israeli forces conducted airstrikes targeting the offices of Al-Qard al-Hassan, a Hezbollah-linked financial institution, in Baalbeck, Lebanon, as part of a broader military operation following a joint attack by Israel and the United States on Iran. This action was in retaliation for Hezbollah's rocket fire towards Israel after the killing of Iran’s supreme leader, Ayatollah Ali Khamenei.","Israel bombarded Lebanon on Monday, widening the regional conflict after a major joint attack by Israel and the United States on Iran.","Israeli forces ASSAULT Al-Qard al-Hassan","CONFLICT","ASSAULT","-0.9","Israeli forces","Israeli military","Israel (83)","Al-Qard al-Hassan","Al-Qard al-Hassan","Lebanon (95)","Hezbollah; Iran; Israel; United States","Hezbollah; Iran; Israel; United States","Lebanon (95); Iran (80); Israel (83); USA (185)","Baalbeck","","Lebanon (95)","1",""
"0c8a124f8aec","2026-03-01","Israeli jets conducted airstrikes on Beirut, Lebanon, following a rocket and drone attack launched by Hezbollah against a military base near Haifa, Israel. This escalation was described by Hezbollah as a retaliation for the killing of Iranian Supreme Leader Ayatollah Ali Khamenei and a response to ongoing Israeli aggressions.","Israeli jets bombed Lebanon's capital, Beirut, after Hezbollah launched what it said was a rocket and drone attack against a military base near Haifa in northern Israel.","Israeli jets ASSAULT Hezbollah","CONFLICT","ASSAULT","-0.9","Israeli jets","Israeli fighter jets","Israel (83)","Hezbollah","Hezbollah","Lebanon (95)","Ayatollah Ali Khamenei; Israel","Ayatollah Ali Khamenei; Israel","Iran (80); Israel (83)","Beirut; Haifa","","Lebanon (95); Israel (83)","1",""
"eaa73b71fc28","2026-02-28","On February 28, 2026, Israel conducted airstrikes on Hezbollah-controlled areas in southern Beirut, Lebanon, in retaliation for missiles and drones launched by Hezbollah. This military action is part of escalating tensions in the region following previous attacks by Israel and the U.S. on Iran.","On Monday, Israel conducted airstrikes on Hezbollah-controlled southern Beirut in retaliation to missiles and drones launched by the group.","Israel ASSAULT Hezbollah-controlled areas in southern Beirut","CONFLICT","ASSAULT","-0.9","Israel","Israel","Israel (83)","Hezbollah-controlled areas in southern Beirut","Hezbollah-controlled areas in southern Beirut","Lebanon (95)","Hezbollah; Iran","Hezbollah; Iran","Lebanon (95); Iran (80)","southern Beirut","","Lebanon (95)","1",""
"1f58546f2ac5","2026-02-28","On February 28, 2026, Israel conducted airstrikes on Tehran and deployed ground troops into Lebanon as part of an ongoing conflict. Concurrently, Iran launched drone attacks on the US embassy in Riyadh and targeted various locations across several Gulf countries, marking the fourth day of escalating hostilities in the region.","Israel bombed Tehran and pushed ground troops into Lebanon, while Iran struck the US embassy in Riyadh with drones and hit targets across several Gulf countries, on the fourth day of a Middle East war with no clear end point.","Israel and Iran ASSAULT Lebanon and the United States","CONFLICT","ASSAULT","-0.9","Israel; Iran","Israel; Iran","Israel (83); Iran (80)","Lebanon; United States","Lebanon; United States","Lebanon (95); USA (185)","","","","Tehran; Lebanon; Riyadh; Gulf countries","","Iran (80); Lebanon (95); Saudi Arabia (151)","1",""
"9deeac4d9615","2026-02-26","The Israeli Air Force conducted multiple airstrikes in the Bekaa Valley region of Lebanon, specifically targeting the Chmestar district, Hrebta, Tamnine, Boudai, and the Nabi Chit mountain range. The strikes aimed at alleged 'terrorist infrastructure' associated with Hezbollah, resulting in the death of a 16-year-old Syrian boy and injuries to at least one other person.","Israeli aircraft carried out multiple raids on the Bekaa Valley region in northeast Lebanon, targeting the Chmestar district, Hrebta, Tamnine, Boudai, as well as the Nabi Chit mountain range and the Hermel highlands according to local reports.","Israeli Air Force ASSAULT Hezbollah","CONFLICT","ASSAULT","-0.9","Israeli Air Force","Israeli Air Force","Israel (83)","Hezbollah","Hezbollah","Lebanon (95)","Syrian boy","Syrian boy","Syria (169)","Bekaa Valley region; Chmoura district; Hrebta; Tamnine; Beddoun; Nabi Chit mountain range","","Lebanon (95); Lebanon (95); Lebanon (95); Lebanon (95); Lebanon (95); Lebanon (95)","1",""
"c849431b41ab","2026-02-25","Israel conducted military strikes against Hezbollah and other terrorist groups operating near Mount Dov and the Hermon region. This action is part of ongoing tensions related to Hezbollah's activities in southern Syria and Lebanon, particularly in light of Syria's new government opposing Hezbollah.","Israel has had to carry out strikes on Hezbollah and other terror groups that operate near Mount Dov and the Hermon in recent weeks.","Israel ASSAULT Hezbollah and other terrorist groups operating near Mount Dov and the Hermon region","CONFLICT","ASSAULT","-0.9","Israel","Israel","Israel (83)","Hezbollah; Other terrorist groups operating near Mount Dov and the Hermon region","Hezbollah; Other terrorist groups operating near Mount Dov and the Hermon region","Lebanon (95)","Syria","Syria","Syria (169)","Mount Dov; Hermon region; Southern Syria; Lebanon","","Lebanon (95); Lebanon (95); Syria (169); Lebanon (95)","1",""
"4d5922f4416f","2026-02-24","Israeli occupation forces opened fire on Lebanese Army personnel in the Marjayoun district of southern Lebanon while the troops were establishing a new observation post. The incident involved gunfire targeting the vicinity of the newly established position and the presence of an Israeli drone broadcasting threats, prompting the Lebanese Army to reinforce their position and return fire.","Israeli occupation forces opened fire on Lebanese Army personnel and issued aerial threats on Tuesday as troops were establishing a new observation post in the Marjayoun district of southern Lebanon, in what officials described as a dangerous escalation along the southern border.","Israeli occupation forces ASSAULT Lebanese Army personnel","CONFLICT","ASSAULT","-0.9","Israeli occupation forces","Israeli military","Israel (83)","Lebanese Army personnel","Lebanese Armed Forces","Lebanon (95)","","","","Marjayoun district, southern Lebanon","","Lebanon (95)","2",""
"c4a520dd9e06","2026-02-24","Israel issued a warning to Lebanon regarding Hezbollah, stating that it would conduct devastating strikes, including against non-military infrastructure such as Beirut International Airport, if Hezbollah becomes involved in any potential armed conflict between the United States and Iran. This warning was communicated by two senior Lebanese officials.","Israel delivered a blunt threat to Lebanon: it would launch devastating strikes—including against non-military infrastructure such as Beirut International Airport—if Hezbollah becomes involved in any potential armed conflict between the U.S. and Iran.","Israel THREATEN Lebanon","CONFLICT","THREATEN","-0.6","Israel","Israel","Israel (83)","Lebanon","Lebanon","Lebanon (95)","Hezbollah; United States; Iran","Hezbollah; United States; Iran","Lebanon (95); USA (185); Iran (80)","Beirut International Airport","","Lebanon (95)","1",""
"e43f073fb918","2026-02-20","An Israeli drone launched an attack on the Cinema neighborhood in the Hittin neighborhood of the Ain al-Hilweh camp, south of Sidon, Lebanon. The drone fired two missiles at a building that was previously occupied by the joint Palestinian security force and was recently rented for food aid preparation. The attack resulted in the deaths of two individuals and several injuries.","Reports indicated that the raid left two martyrs and several others injuries.","Israeli military ASSAULT Palestinian security force and civilians in the Cistern neighborhood","CONFLICT","ASSAULT","-0.9","Israeli military","Israeli military","Israel (83)","Palestinian security force; Civilians in the Cistern neighborhood","Palestinian security force; Civilians in the Cistern neighborhood","Palestine (195); Lebanon (95)","","","","Hittin neighborhood, Ain al-Hilweh camp; Sidon","","Lebanon (95); Lebanon (95)","1",""
"f4300f393e58","2026-02-20","Israeli airstrikes targeted three command centers in the Baalbek region of eastern Lebanon, resulting in the deaths of eight members of the militant group Hezbollah, as well as additional fatalities among civilians, including a Syrian and an Ethiopian. This incident marks a significant escalation in regional hostilities and raises international concern.","Israeli airstrikes on eastern Lebanon resulted in the deaths of eight members of the militant Hezbollah group, sparking international concern and regional tension.","Israeli military ASSAULT Hezbollah militants and civilians in Baalbek","CONFLICT","ASSAULT","-0.9","Israeli military","Israeli military","Israel (83)","Hezbollah militants; Civilians in Baalbek; Syrian civilians; Ethiopian civilians","Hezbollah; Civilians in Baalbek; Syrian civilians; Ethiopian civilians","Lebanon (95); Lebanon (95); Syria (169); Ethiopia (59)","","","","Baalbek region; Eastern Lebanon","","Lebanon (95); Lebanon (95)","1",""
"fa6bda9b23d8","2026-02-20","Israeli airstrikes targeted Hezbollah command centers in eastern Lebanon and Hamas-linked sites in southern Lebanon, resulting in the deaths of eight Hezbollah operatives and a total of 12 reported deaths. The strikes were described by Hezbollah as a 'new massacre and aggression', prompting a warning from the group that 'resistance' is the only option.","Hezbollah warned that “resistance” is the only option after Israeli airstrikes killed eight of its operatives in Lebanon.","Israeli airstrikes ASSAULT Hezbollah and Hamas","CONFLICT","ASSAULT","-0.9","Israeli airstrikes","Israeli airstrikes","Israel (83)","Hezbollah; Hamas","Hezbollah; Hamas","Lebanon (95); Palestine (195)","","","","eastern Lebanon; southern Lebanon","","Lebanon (95); Lebanon (95)","5",""
"fc984ded96cf","2026-02-20","Israeli military conducted airstrikes in Lebanon's eastern Bekaa Valley, resulting in at least 10 fatalities and 24 injuries, including three children. The strikes targeted what Israel described as 'command centers' of the Lebanese militant group Hezbollah. Additionally, earlier in the day, an Israeli strike on a Palestinian refugee camp in Sidon killed two individuals, with Hamas confirming the deaths of two of its members.","At least 10 people were killed and 24 wounded — including three children — in Israeli strikes in Lebanon’s eastern Bekaa Valley Friday, the Lebanese Health Ministry reported.","Israeli military ASSAULT Lebanese militant group Hezbollah and Palestinian refugees in Sidon","CONFLICT","ASSAULT","-0.9","Israeli military","Israeli military","Israel (83)","Lebanese militant group Hezbollah; Palestinian refugees in Sidon","Hezbollah; Palestinian refugees in Sidon","Lebanon (95); Palestine (195)","","","","Bekaa Valley; Sidon","","Lebanon (95); Lebanon (95)","14",""
"b084fb396b24","2026-02-19","Israeli warplanes conducted a series of airstrikes on eastern Lebanon, resulting in the deaths of three commanders from the Lebanese Hezbollah group and eight others, with 35 additional individuals injured. The airstrikes targeted a building in Riyaq, Lebanon, as part of ongoing military actions against Hezbollah sites.","Three commanders from the Lebanese Hezbollah group and eight others were killed, with 35 more were injured, in a series of Israeli airstrikes on eastern Lebanon on Friday, according to official and Lebanese security sources.","Israeli warplanes ASSAULT Lebanese Hezbollah commanders and fighters","CONFLICT","ASSAULT","-0.9","Israeli warplanes","Israeli warplanes","Israel (83)","Lebanese Hezbollah commanders; Lebanese Hezbollah fighters","Hezbollah senior members; Hezbollah","Lebanon (95); Lebanon (95)","","","","Eastern Lebanon; Riyaqi","","Lebanon (95); Lebanon (95)","1",""
"12c1d0b65411","2026-02-17","Brig.-Gen. Yuval Gaz, commander of the IDF 91st Division, addressed leaders from the northern border region of Lebanon, stating that the Israel Defense Forces (IDF) will continue to take offensive actions against Hamas. He emphasized the importance of preemptive strikes to enhance defense capabilities and mentioned that operational plans are in place for immediate action along the border.","""Our responsibility is that we don't only react, but also to preempt, to initiate [attacks] in order to [better] defend. Any place where the IDF needs to act – we will act,"" Gaz told the regional leaders, alongside the Defense Ministry northern coordinator Nochi Mendel.","Brig.-Gen. Yuval Gaz THREATENED leaders from the northern border region of Lebanon","CONFLICT","THREATEN","-0.6","Brig.-Gen. Yuval Gaz","Brig.-Gen. Yuval Gaz","Israel (83)","Leaders from the northern border region of Lebanon","Lebanese leaders","Lebanon (95)","Israel Defense Forces (IDF); Hamas","Israel Defense Forces (IDF); Hamas","Israel (83); Palestine (195)","Northern border region of Lebanon","","Lebanon (95)","1",""
"d2ac427ba7dc","2026-02-12","An Israeli army drone conducted an airstrike targeting a civilian vehicle in the Bint Jbeil district of southern Lebanon, resulting in the death of a Lebanese citizen. This operation is part of ongoing violations of a ceasefire agreement established in November 2024, raising concerns about stability along the Lebanese border.","A Lebanese citizen was martyred on Thursday evening following an airstrike carried out by an Israeli occupation army drone targeting a civilian vehicle in the Bint Jbeil district in the south of the country.","Israeli army drone ASSAULT Lebanese citizen","CONFLICT","ASSAULT","-0.9","Israeli army drone","Israeli army drone","Israel (83)","Lebanese citizen","Lebanese people","Lebanon (95)","","","","Bint Jbeil district, southern Lebanon","","Lebanon (95)","1",""
"afd4615ae108","2026-02-10","The Israeli military conducted multiple attacks in the border towns of Blida and Ayta Al-Shaab, Lebanon, including the dropping of stun grenades and an infiltration into Ayta Al-Shaab. These actions coincided with the funeral preparations for Abdullah Nasser, who was killed in an earlier Israeli attack.","The Israeli enemy pressed ahead with its ceasefire violations on Wednesday, dropping bombs from drones on several border towns, infiltrating one community, and escalating attacks as residents gathered to mourn a martyr who fell in an Israeli attack two days earlier.","Israeli military ASSAULT Lebanese civilians in Blida and Ayta Al-Shaab","CONFLICT","ASSAULT","-0.9","Israeli military","Israeli military","Israel (83)","Lebanese civilians in Blida and Ayta Al-Shaab","Lebanese civilians in Blida and Ayta Al-Shaab","Lebanon (95)","Abdullah Nassar","Abdullah Nassar","Lebanon (95)","Blida; Ayta Al-Shaab","","Lebanon (95); Lebanon (95)","1",""
"c4d2690fc7b3","2026-02-09","An Israeli drone strike targeted a vehicle in Yanouh, Lebanon, resulting in the deaths of a police officer, Hassan Jaber, his 3-year-old son, Ali, and the car driver, Ahmad Salami, who was identified as an artillery official with Hezbollah. The strike occurred while the victims were on foot near a crowded area in the town.","Mourners in southern Lebanon on Tuesday buried a father and his young son killed in an Israeli drone strike that targeted a Hezbollah member.","Israeli drone strike ASSAULTED Hezbollah-affiliated vehicle in Yanouh, Lebanon, killing police officer Hassan Jaber, his 3-year-old son Ali Jaber, and car driver Ahmad Salami.","CONFLICT","ASSAULT","-0.9","Israeli drone strike","Israeli army drone","Israel (83)","Hassan Jaber; Ali Jaber; Ahmad Salami","Hassan Jaber; Ali Jaber; Ahmad Ali Salameh","Lebanon (95); Lebanon (95); Lebanon (95)","Hezbollah","Hezbollah","Lebanon (95)","Yanouh","","Lebanon (95)","1",""
"998b7348f779","2026-02-08","An Israeli drone strike in the town of Yanouh, located in the Tyre district of southern Lebanon, resulted in the deaths of three individuals, including a 3-year-old child. The strike targeted Ahmad Ali Salami, a member of Hezbollah, who was identified as the head of artillery in the area.","The Lebanese Health Ministry said the Israeli drone strike on the town of Yanouh, in the Tyre district, resulted in the deaths of three citizens. Among them was a 3-year-old child.","Israel ASSAULT Ahmad Ali Salami and Hezbollah","CONFLICT","ASSAULT","-0.9","Israel","Israel","Israel (83)","Ahmad Ali Salami; Hezbollah","Ahmad Ali Salameh; Hezbollah","Lebanon (95); Lebanon (95)","","","","Yanouh; Tyre district","","Lebanon (95); Lebanon (95)","1",""
"46fdc101d5ab","2026-02-08","Israeli forces conducted military strikes in southern Lebanon, resulting in the deaths of four individuals, including a child. The strikes targeted Hezbollah operatives, with one of the deceased identified as a key artillery leader of Hezbollah, accused of orchestrating attacks on Israel. This incident has heightened regional tensions and raised concerns over the existing ceasefire agreements.","In a recent surge of violence, Israeli forces conducted strikes in southern Lebanon, resulting in the deaths of four individuals, including a young child.","Israeli forces ASSAULT Hezbollah operatives and a key Hezbollah artillery leader in southern Lebanon","CONFLICT","ASSAULT","-0.9","Israeli forces","Israeli military","Israel (83)","Hezbollah operatives; Hezbollah key artillery leader","Hezbollah; Hezbollah key artillery leader","Lebanon (95); Lebanon (95)","Israel","Israel","Israel (83)","southern Lebanon","","Lebanon (95)","1",""
"c70d4098f536","2026-02-08","Israeli airstrikes in southern Lebanon resulted in the deaths of four individuals, including a 3-year-old child, in Yanooh town and Aita al-Shaab. This incident marks a violation of the ceasefire agreement established in late 2024.","Four people were killed in Israeli airstrikes in southern Lebanon on Monday, marking a new violation of a ceasefire deal in effect since late 2024, the Lebanese Health Ministry said.","Israeli military ASSAULT Civilians in southern Lebanon","CONFLICT","ASSAULT","-0.9","Israeli military","Israeli military","Israel (83)","Civilians in southern Lebanon","Lebanese civilians","Lebanon (95)","","","","southern Lebanon; Yantooth town; Aita al-Shaab","","Lebanon (95); Lebanon (95); Lebanon (95)","1",""
"64134f6f6f66","2026-02-06","Israeli military forces conducted an airstrike in the village of Yanuh, southern Lebanon, resulting in the deaths of four individuals, including a member of Lebanon's security forces and his three-year-old child. The strike was reportedly aimed at Ahmad Ali Salameh, identified as Hezbollah's head of artillery, amid ongoing tensions despite a ceasefire agreement.","Israeli attacks on southern Lebanon killed four people on Monday, including a member of Lebanon’s security forces and his three-year-old child, amid continued cross-border tensions despite a ceasefire agreement reached in November 2024.","Israeli military forces ASSAULT Ahmad Ali Salameh, Lebanese security forces, and civilians in Yanuh","CONFLICT","ASSAULT","-0.9","Israeli military forces","Israeli military","Israel (83)","Ahmad Ali Salameh; Lebanese security forces; Civilians in Yanuh","Ahmad Ali Salameh; Lebanese Armed Forces; Civilians in Yanuh","Lebanon (95); Lebanon (95); Lebanon (95)","Hezbollah","Hezbollah","Lebanon (95)","Yanuh","","Lebanon (95)","1",""
"f1977cad5162","2026-02-03","Israeli occupation forces conducted artillery attacks on several towns in South Lebanon, including Rashaya Al-Fakhar and Dahira, and targeted the outskirts of Blida town. Additionally, Israeli warplanes were reported flying over Lebanon's Bekaa region. The Lebanese ministries of agriculture and environment condemned these actions, particularly the spraying of Glyphosate pesticides, which they stated endanger agricultural lands and food security.","The Israeli enemy continued on Wednesday its violations of Lebanon’s sovereignty and the ceasefire based on the UN Resolution 1701, attacking several towns in South Lebanon.","Israeli occupation forces and Israeli warplanes ASSAULT Lebanese civilians and Lebanese farmers","CONFLICT","ASSAULT","-0.9","Israeli occupation forces; Israeli warplanes","Israeli military; Israeli warplanes","Israel (83); Israel (83)","Lebanese civilians; Lebanese farmers","Lebanese civilians; Lebanese farmers","Lebanon (95); Lebanon (95)","","","","South Lebanon; Rashaya Al-Fakhar; Dahira; Blida; Bekaa region","","Lebanon (95); Lebanon (95); Lebanon (95); Lebanon (95); Lebanon (95)","1",""
"39120120b7a6","2026-02-02","The Israeli military conducted airstrikes in southern Lebanon, resulting in one fatality and eight injuries. The strikes targeted a vehicle in the Ansariyah area and a car in the Tyre district, as part of operations against Hezbollah's military infrastructure, which Israel claims is in violation of a ceasefire agreement.","One person was killed and eight others were injured on Monday in two Israeli airstrikes on southern Lebanon, the Lebanese health ministry reported.","Israeli military ASSAULT Hezbollah","CONFLICT","ASSAULT","-0.9","Israeli military","Israeli military","Israel (83)","Hezbollah","Hezbollah","Lebanon (95)","","","","southern Lebanon; Amsariyah area; Tyre district","","Lebanon (95); Lebanon (95); Lebanon (95)","2",""
"57fe1b698981","2026-02-01","The Israel Defense Forces (IDF) conducted an airstrike in the southern Lebanese town of Doueir, resulting in the death of Ali Dawoud Amees, a Hezbollah engineering commander. The strike targeted Amees due to his involvement in rehabilitating military infrastructure for Hezbollah and planning attacks against IDF troops, which the IDF stated violated existing understandings between Israel and Lebanon.","An airstrike in the southern Lebanese town of Doueir on Sunday afternoon killed a Hezbollah engineering commander, the Israel Defense Forces said.","Israel Defense Forces ASSAULT Ali Dawood Ameed","CONFLICT","ASSAULT","-0.9","Israel Defense Forces","Israeli military","Israel (83)","Ali Dawood Ameed","Ali Dawood Ameed","Lebanon (95)","Hezbollah; Israel","Hezbollah; Israel","Lebanon (95); Israel (83)","Deir","","Lebanon (95)","1",""
"99a597a09217","2026-02-01","Israeli military forces conducted airstrikes in the town of Ebba, located in the Nabatieh governorate of southern Lebanon, resulting in one fatality and seven injuries. This incident is reported as a violation of the ceasefire agreement established in November 2024.","One person was killed, and seven others were injured in Israeli strikes in southern Lebanon on Sunday, marking a new violation of the Nov. 2024 ceasefire agreement, the Health Ministry said.","Israeli military forces ASSAULT Residents of Ebba","CONFLICT","ASSAULT","-0.9","Israeli military forces","Israeli military","Israel (83)","Residents of Ebba","Residents of Ebba","Lebanon (95)","","","","Ebla; Nabatieh governorate","","Lebanon (95); Lebanon (95)","1",""
"c03fd65f93da","2026-02-01","Israeli airstrikes targeted the town of Ansarieh in Sidon and Qlayleh in Tyre, southern Lebanon, resulting in one death and eight injuries. This incident is reported as a violation of the existing ceasefire agreement.","One person was killed and eight others were wounded in fresh Israeli airstrikes in southern Lebanon on Monday, in the latest violation of a ceasefire agreement, the Lebanese Health Ministry said.","Israeli military ASSAULT civilians in Ansariye, Sidon, Qlayat al-Shaghil, and Tyre","CONFLICT","ASSAULT","-0.9","Israeli military","Israeli military","Israel (83)","Civilians in Ansariye; Civilians in Sidon; Civilians in Qlayat al-Shaghil; Civilians in Tyre","Civilians in Ansariye; Civilians in Sidon; Civilians in Qlayat al-Shaghil; Civilians in Tyre","Lebanon (95); Lebanon (95); Lebanon (95); Lebanon (95)","","","","Ansariye; Sidon; Qlayat al-Shaghil; Tyre","","Lebanon (95); Lebanon (95); Lebanon (95); Lebanon (95)","1",""
"f6be5b2371fc","2026-01-31","The Israeli regime conducted heavy airstrikes on various areas of Lebanon, particularly targeting residential areas in southern Lebanon, resulting in significant destruction of civil infrastructure. Esmaeil Baghaei condemned these actions as a violation of the UN Charter and called for accountability from the international community and the United Nations.","Esmaeil Baghaei strongly condemned the Israeli regime's heavy airstrike on various areas of Lebanon, especially residential areas in south Lebanon, and destruction of civil infrastructures and construction facilities.","Israeli regime ASSAULT Lebanon","CONFLICT","ASSAULT","-0.9","Israeli regime","Israeli government","Israel (83)","Lebanon","Lebanon","Lebanon (95)","United Nations; International community","United Nations; International community","United Nations; Unknown","Southern Lebanon; Various areas of Lebanon","","Lebanon (95); Lebanon (95)","1",""
"944e0561de32","2026-01-26","Israeli warplanes conducted airstrikes in southern Lebanon, specifically targeting the Aqmata-Louaizeh highlands in the Iqlim al-Tuffah region at around 3:00 a.m. The airstrikes were part of an escalation in military actions against Lebanon, coinciding with ongoing tensions regarding a ceasefire committee.","Meanwhile, Israeli airstrikes intensified across several regions of southern Lebanon. At around 3.00 a.m., Israeli warplanes carried out airstrikes targeting the Aqmata-Louaizeh highlands, in the Iqlim al-Tuffah region.","Israeli warplanes ASSAULT Lebanese military","CONFLICT","ASSAULT","-0.9","Israeli warplanes","Israeli warplanes","Israel (83)","Lebanese military","Lebanese army","Lebanon (95)","","","","southern Lebanon; Aqsa-Louaizeh highlands, Iqlim al-Tuffah region","","Lebanon (95); Lebanon (95)","1",""
"f0bf240dff17","2026-01-26","Israeli forces conducted an airstrike in the southern city of Tyre, Lebanon, targeting a Hezbollah militant. The attack resulted in the death of Sheikh Ali Noureddine, a television presenter on Al-Manar TV, and injured two others. The Israeli military stated that the strike was a response to alleged violations of the ceasefire.","Also on Monday, Israeli forces carried out an attack in the southern city of Tyre, killing Sheikh Ali Noureddine, a television presenter on Al-Manar TV, and injuring two other people, according to Lebanon Debate, a local news website.","Israeli forces ASSAULT Hezbollah militants and Sheikh Ali Noureddine","CONFLICT","ASSAULT","-0.9","Israeli forces","Israeli military","Israel (83)","Hezbollah militants; Sheikh Ali Noureddine","Hezbollah; Sheikh Ali Noureddine","Lebanon (95); Lebanon (95)","","","","Southern city of Tyre","","Lebanon (95)","1",""
"a1b92c098400","2026-01-25","An Israeli airstrike targeted a vehicle in Tyre city, southern Lebanon, resulting in one death and two injuries. This incident is reported as a violation of the ceasefire agreement that has been in effect since November 2024.","One person was killed and two others were injured in an Israeli airstrike in southern Lebanon on Monday, in a new violation of a ceasefire deal in effect since November 2024, the Lebanese Health Ministry said.","Israeli airstrike ASSAULTED vehicle in Tyre city","CONFLICT","ASSAULT","-0.9","Israeli airstrike","Israeli airstrike","Israel (83)","Vehicle in Tyre city","Vehicle in Tyre city","Lebanon (95)","","","","Tyre city","","Lebanon (95)","1",""
"0c2ca9079085","2026-01-25","Israeli warplanes conducted airstrikes targeting areas in southern Lebanon, specifically between the towns of Kherbet Selm and Kfardounin, resulting in the death of one civilian and injuries to several others. This action is part of ongoing violations of the ceasefire agreement and Lebanese sovereignty.","One person was martyred on Sunday as a result of Israeli occupation airstrikes targeting areas in southern Lebanon and the Bekaa Valley, in what constitutes a continued breach of Lebanese sovereignty amid ongoing violations of the ceasefire agreement.","Israeli warplanes ASSAULT Lebanese civilians","CONFLICT","ASSAULT","-0.9","Israeli warplanes","Israeli warplanes","Israel (83)","Lebanese civilians","Lebanese civilians","Lebanon (95)","","","","Southern Lebanon; Kfarhounine; Kfarhounine","","Lebanon (95); Lebanon (95); Lebanon (95)","1",""
"05e3b7124da4","2026-01-25","The Israeli military conducted multiple attacks in South Lebanon, including a drone strike on a vehicle in Tyre city that resulted in one death and two injuries. Additionally, Israeli forces dropped stun grenades near a Lebanese Army post in Adaisseh, opened fire towards farmers in Yaroun, and targeted the outskirts of Marwahin with artillery. The Lebanese Foreign Ministry announced it would file a complaint with the United Nations regarding these violations.","The Lebanese health ministry indicated, in a statement, that an Israeli drone attack on a car in Tyre left one martyr and two injuries.","Israeli military ASSAULT Lebanese civilians, Lebanese Army, and Lebanese farmers","CONFLICT","ASSAULT","-0.9","Israeli military","Israeli military","Israel (83)","Lebanese civilians; Lebanese Army; Lebanese farmers","Lebanese civilians; Lebanese army; Lebanese farmers","Lebanon (95); Lebanon (95); Lebanon (95)","United Nations","United Nations","United Nations","South Lebanon; Tyre city; Adaisseh; Yaroun; Marwahim","","Lebanon (95); Lebanon (95); Lebanon (95); Lebanon (95); Lebanon (95)","1",""
"ff59986b738a","2026-01-24","The Israel Defense Forces (IDF) conducted airstrikes on several Hezbollah-linked targets in southern Lebanon, specifically in the Bir al-Sansal area and the Bekaa Valley, in response to violations of the ceasefire understandings between Israel and Lebanon. The strikes resulted in the deaths of two Hezbollah operatives: Jawad Basma, involved in weapons manufacturing, and Muhammad al-Husseini, identified as Hezbollah’s artillery commander.","The Israel Defense Forces (IDF) has said it carried out airstrikes on several Hezbollah-linked targets in southern Lebanon on Sunday. The operation was launched in response to 'violations of the ceasefire understandings between Israel and Lebanon,' the military said in a statement.","Israel Defense Forces ASSAULT Hezbollah, Jihad Baslam, and Muhammad al-Husseini","CONFLICT","ASSAULT","-0.9","Israel Defense Forces","Israeli military","Israel (83)","Hezbollah; Javad Baslam; Muhammad al-Husseini","Hezbollah; Javad Baslam; Muhammad al-Husseini","Lebanon (95); Lebanon (95); Lebanon (95)","","","","southern Lebanon; Bir al-Sinsal; Bekaaqli","","Lebanon (95); Lebanon (95); Lebanon (95)","1",""
"82d9a512acc9","2026-01-23","The Israeli military conducted a series of drone strikes in Bekaa and South Lebanon, targeting a vehicle in Baalbek. The first strike missed its target, hitting a median barrier, while another missile struck a nearby building without causing casualties. Additionally, an Israeli tank opened fire on a Lebanese Army unit and a UNIFIL force in Al-Khiam, and Israeli gliders dropped stun grenades in the border towns of Blida and Markaba.","The Israeli enemy on Friday went ahead with violations of the 2024 ceasefire, carrying out a series of attacks in Bekaa and South Lebanon.","Israeli military ASSAULT Lebanese Army and UNIFIL","CONFLICT","ASSAULT","-0.9","Israeli military","Israeli military","Israel (83)","Lebanese Army; United Nations Interim Force in Lebanon (UNIFIL)","Lebanese army; United Nations Interim Force in Lebanon (UNIFIL)","Lebanon (95)","","","","Bekaa; South Lebanon; Baalbek; Al-Khiam; Blida; Markaka","","Israel (83); Israel (83); Lebanon (95); Lebanon (95); Lebanon (95); Lebanon (95)","2",""
"b52564bd8d39","2026-01-21","Israeli military conducted drone strikes in southern Lebanon, resulting in the deaths of two civilians and injuries to 19 others, including journalists. The strikes targeted vehicles in the Zahrani and Tyre districts, allegedly aimed at Hezbollah operatives, marking a violation of the ceasefire agreement in effect since November 2024.","At least two people were killed and 19 others wounded Wednesday, including journalists, in Israeli strikes on southern Lebanon, marking a new violation of a ceasefire agreement in effect since November 2024.","Israeli military ASSAULT civilians and Hezbollah operatives in southern Lebanon","CONFLICT","ASSAULT","-0.9","Israeli military","Israeli military","Israel (83)","Civilians in southern Lebanon; Hezbollah operatives","Lebanese civilians; Hezbollah","Lebanon (95); Lebanon (95)","","","","southern Lebanon; Zahrani District; Tyre District","","Lebanon (95); Lebanon (95); Lebanon (95)","1",""
"6928f7aeb8ba","2026-01-21","An Israeli drone strike targeted a vehicle in the Zahrani district, south of Sidon, Lebanon, resulting in the death of a Lebanese civilian. This incident has been condemned by Lebanon’s Health Ministry as a violation of the ceasefire with Hezbollah, which has been in effect since November 27, 2024.","A Lebanese civilian was killed in an Israeli drone strike targeting a vehicle in the Zahrani district, south of Sidon, local authorities and witnesses reported early Wednesday.","Israeli drone strike ASSAULT Lebanese civilian","CONFLICT","ASSAULT","-0.9","Israeli drone strike","Israeli drone strike","Israel (83)","Lebanese civilian","Lebanese civilians","Lebanon (95)","Hezbollah; Lebanon's Health Ministry","Hezbollah; Lebanese Health Ministry","Lebanon (95); Lebanon (95)","Zahrani district, south of Sidon","","Lebanon (95)","1",""
"6da9906bdf1d","2026-01-16","An Israeli drone strike targeted a truck in the southern Lebanese town of Al-Mansouri, resulting in the death of a civilian. This attack is part of a series of strikes that have been reported as breaches of the 2024 ceasefire agreement.","An Israeli drone struck a truck in Al-Mansouri southern Lebanese town, leaving a martyr (January 16, 2026).","Israeli drone strike ASSAULT Lebanese civilian","CONFLICT","ASSAULT","-0.9","Israeli drone strike","Israeli drone strike","Israel (83)","Lebanese civilian","Lebanese civilians","Lebanon (95)","","","","Al-Mansouri","","Lebanon (95)","1",""
"c3fb03c805c4","2026-01-15","The Israeli military conducted an attack on the village of Sohmor in Lebanon's Bekaa Valley, targeting buildings it claimed contained Hezbollah military infrastructure. This action is part of Israel's ongoing military operations against Hezbollah amid efforts to disarm the group, despite a ceasefire agreement in place since late 2024.","In a social media post on Thursday, Israeli army spokesman Avichay Adraee told residents of the village of Sohmor to leave their homes ahead of a planned strike on a building he claimed contained 'Hezbollah military infrastructure'.","Israeli military ASSAULT Hezbollah military infrastructure in Sohour, Bekaaqli.","CONFLICT","ASSAULT","-0.9","Israeli military","Israeli military","Israel (83)","Hezbollah military infrastructure","Hezbollah military infrastructure","Lebanon (95)","","","","Sohour; Bekaa Valley","","Lebanon (95); Lebanon (95)","1",""
"e9589776b0b5","2026-01-15","Israeli military forces conducted air strikes in southern Lebanon, resulting in the deaths of two individuals, according to the Lebanese health ministry. The strikes targeted a vehicle in Mansuri and a location in Mayfadun, with Israel claiming one of the victims was a Hezbollah member involved in reestablishing the group's infrastructure.","In a statement on Friday, the Ministry of Public Health said an 'Israeli enemy strike' on a vehicle in Mansuri in southern Lebanon had killed one person... It also said that a strike on the southern town of Mayfadun killed one person the previous night.","Israeli military forces ASSAULT Hezbollah and Lebanese civilians","CONFLICT","ASSAULT","-0.9","Israeli military forces","Israeli military","Israel (83)","Lebanese civilians; Hezbollah","Lebanese civilians; Hezbollah","Lebanon (95); Lebanon (95)","","","","southern Lebanon; Mansoura; Mayfadun","","Lebanon (95); Lebanon (95); Lebanon (95)","2",""
"50f65ca56510","2026-01-11","An Israeli drone targeted and fired a guided missile at a car in Bint Jbeil, south Lebanon, resulting in the death of Mohammed Adel Al-Saghir, a municipal councilor. This incident is part of a series of attacks by Israel, which are reported to violate the 2024 ceasefire agreement.","A Lebanese municipal councilor was martyred in south Lebanon on Sunday after his car was deliberately targeted by an Israeli drone, the latest in a series of attacks carried out by the Israeli enemy in violation of the 2024 ceasefire.","Israel ASSAULT Mohammed Adel Al-Saghir","CONFLICT","ASSAULT","-0.9","Israel","Israel","Israel (83)","Mohammed Adel Al-Saghir","Mohammed Adel Al-Saghir","Lebanon (95)","","","","Bint Jbeil","","Lebanon (95)","1",""
"aae003264d80","2026-01-10","Israeli forces conducted glider-borne bombing attacks on multiple locations in south Lebanon, including Maroun Al-Ras, where a bomb was dropped on an excavator, resulting in its complete destruction. This series of attacks occurred despite the ongoing ceasefire established in 2024.","Israeli enemy carried out glider-borne bombing attacks on multiple areas of south Lebanon on Saturday, extending a pattern of near-daily strikes that has persisted despite the 2024 ceasefire.","Israeli forces ASSAULT Lebanese military","CONFLICT","ASSAULT","-0.9","Israeli forces","Israeli military","Israel (83)","Lebanese military","Lebanese army","Lebanon (95)","","","","South Lebanon; Maroun al-Ras","","Lebanon (95); Lebanon (95)","1",""
"d0d78728a7b0","2026-01-10","The Israel Defense Forces (IDF) conducted airstrikes on multiple military sites linked to Hezbollah in southern Lebanon, targeting locations identified for storing weapons. This action was taken amid escalating tensions along the Israel-Lebanon border, as the IDF stated that Hezbollah's activities at these sites violate previous understandings between the two nations.","The Israel Defense Forces (IDF) on Sunday (local time) said it carried out strikes on multiple Hezbollah-linked military sites in southern Lebanon, targeting shafts allegedly used for storing weapons, amid rising tensions along the border.","Israel Defense Forces ASSAULT Hezbollah","CONFLICT","ASSAULT","-0.9","Israel Defense Forces","Israeli military","Israel (83)","Hezbollah","Hezbollah","Lebanon (95)","","","","southern Lebanon; Hezbollah military sites in southern Lebanon; Israel-Lebanon border","","Lebanon (95); Lebanon (95)","3",""
"9798bff94109","2026-01-09","Israeli warplanes conducted a series of airstrikes in southern Lebanon and the Bekaa region, targeting locations including Kfar Fila, the heights of Al-Jabbar, Al-Rihan, and the outskirts of Nabi Sheet and Brital. This action is described as a violation of the 2024 ceasefire agreement.","The Israeli enemy launched on Friday fresh strikes on Lebanon’s south and Bekaa in an open defiance of the 2024 ceasefire.","Israeli warplanes ASSAULT Lebanese civilians","CONFLICT","ASSAULT","-0.9","Israeli warplanes","Israeli warplanes","Israel (83)","Lebanese civilians","Lebanese civilians","Lebanon (95)","","","","southern Lebanon; Bekaa region; Kfar Fila; Al-Jabbar heights; Al-Rihan; Nabi Sheet; Brital","","Lebanon (95); Lebanon (95); Lebanon (95); Lebanon (95); Lebanon (95); Lebanon (95); Lebanon (95)","1",""
"a16cdc26ccf4","2026-01-08","The Israeli government, led by Prime Minister Benjamin Netanyahu, expressed skepticism regarding the Lebanese Army's announcement about the advanced stage of its plan to seize weapons from southern Lebanon. Netanyahu described the Lebanese efforts as a 'promising start' but emphasized that they are insufficient to disarm Hezbollah, which Israel accuses of rearming with Iranian support.","The reaction came even as Israeli Prime Minister Benjamin Netanyahu described the move as an 'encouraging beginning,' while reiterating accusations that Hezbollah is rearming with Iranian support.","Israeli government ACCUSE Lebanese Army","CONFLICT","ACCUSE","-0.3","Israeli government","Israeli government","Israel (83)","Lebanese Army","Lebanese army","Lebanon (95)","Hezbollah; Iran","Hezbollah; Iran","Lebanon (95); Iran (80)","Southern Lebanon","","Lebanon (95)","1",""
"3f8d6d0c5c7f","2026-01-06","The Israeli army conducted an attack in the Khirbet Selm District of southern Lebanon, resulting in the assassination of two members of the Lebanese Hezbollah. The operation targeted individuals involved in rebuilding Hezbollah's military infrastructure, with one of the deceased identified as an engineer leading these efforts.","The Israeli army issued a statement claiming to have assassinated two members of the Lebanese Hezbollah in the south of the country... The Israeli army claimed that one of the two was an engineer and was leading efforts to rebuild Hezbollah’s military infrastructure.","Israeli army ASSAULT Lebanese Hezbollah members","CONFLICT","ASSAULT","-0.9","Israeli army","Israeli military","Israel (83)","Lebanese Hezbollah; Lebanese Hezbollah members","Hezbollah; Hezbollah","Lebanon (95); Lebanon (95)","","","","Khirbet Selim District","","Lebanon (95)","2",""
"1804dc514a78","2026-01-06","Israeli forces conducted multiple attacks in South Lebanon, including drone strikes targeting the area between Kfardounine and Khirbet Selm, resulting in two fatalities according to the Lebanese health ministry. Additionally, a building in an industrial zone in Sidon was destroyed, causing injuries and significant damage.","The Zionist enemy continued on Tuesday (January 6) its attacks on South Lebanon in violation of the ceasefire agreement based on the UN Resolution 1701.","Israeli forces ASSAULT Lebanese civilians","CONFLICT","ASSAULT","-0.9","Israeli forces","Israeli military","Israel (83)","Lebanese civilians","Lebanese civilians","Lebanon (95)","","","","South Lebanon; Kfardounine; Khirbet Selm; Sidon","","Lebanon (95); Lebanon (95); Lebanon (95); Lebanon (95)","1",""
"15a144c2abbe","2026-01-05","Israel's air force conducted airstrikes on key areas in southern and eastern Lebanon, targeting locations associated with the militant groups Hezbollah and Hamas. This action is part of the ongoing tensions in the region, coinciding with Lebanon's efforts to disarm militant groups near its border with Israel.","In a significant escalation of regional tensions, Israel's air force has executed strikes on key areas in southern and eastern Lebanon.","Israel ASSAULT Hezbollah and Hamas","CONFLICT","ASSAULT","-0.9","Israel","Israel","Israel (83)","Hezbollah; Hamas","Hezbollah; Hamas","Lebanon (95); Palestine (195)","","","","southern Lebanon; eastern Lebanon; Lebanon","","Lebanon (95); Lebanon (95); Lebanon (95)","2",""
"79f7e45d12fc","2025-12-25","An Israeli airstrike targeted a pickup at the entrance to the border village of Majdal Selm in southern Lebanon, resulting in the death of a Hezbollah member named Mohammad Alaa Al-Din. The strike was confirmed by both Lebanese sources and the Israeli military, with the Israel Defense Forces stating that the attack aimed to eliminate a militant involved in Hezbollah's military infrastructure restoration efforts.","A Hezbollah member was killed Thursday afternoon in an Israeli airstrike in southern Lebanon, according to Lebanese sources and the Israeli military.","Israel Defense Forces ASSAULT Mohammad Alaa Al-Din","CONFLICT","ASSAULT","-0.9","Israel Defense Forces","Israeli military","Israel (83)","Mohammad Alaa Al-Din","Mohammad Alaa Al-Din","Lebanon (95)","Hezbollah","Hezbollah","Lebanon (95)","Majdal Selm; southern Lebanon","","Lebanon (95); Lebanon (95)","1",""
"5ae90e295fe3","2025-12-24","Israel's Defence Minister, Israel Katz, announced that Israel will continue military operations in Lebanon, Syria, Gaza, and Yemen, asserting that there will be no withdrawal from Jabal al-Sheikh and that the country will maintain its aggressive stance against Hezbollah, Hamas, and the Houthis. This declaration was made during a training course for Israeli Air Force pilots attended by Prime Minister Benjamin Netanyahu and Army Chief of Staff Eyal Zamir.","Israel 'will continue its operations in Lebanon, Syria, the Gaza Strip and Yemen,' the Maariv daily quoted Katz as saying during a training course for Israeli Air Force pilots.","Israel and Israel Katz THREATEN Hezbollah, Hamas, and the Houthis","CONFLICT","THREATEN","-0.6","Israel; Israel Katz","Israel; Israel Katz","Israel (83); Israel (83)","Hezbollah; Hamas; Houthis","Hezbollah; Hamas; Houthis","Lebanon (95); Palestine (195); Yemen (191)","Benjamin Netanyahu; Eyal Zamir","Benjamin Netanyahu; Eyal Zamir","Israel (83); Israel (83)","Lebanon; Syria; Gaza; Yemen; Jabal al-Sheikh","","Lebanon (95); Syria (169); Palestine (195); Yemen (191); Lebanon (95)","1",""
"8dc2a56ec3c1","2025-12-24","Israeli Defense Minister Israel Katz announced Israel's intention to continue military operations in Lebanon, Syria, Gaza, and Yemen during a training course for Israeli Air Force pilots in Jerusalem. The operations aim to apply maximum force against Hezbollah in Lebanon, maintain control over Mount Hermon in Syria, dismantle Hamas in Gaza, and prevent the Houthis from strengthening their capabilities in Yemen.","Israel 'will continue its operations in Lebanon, Syria, the Gaza Strip and Yemen,' Maariv daily quoted Katz as saying during a training course for Israeli Air Force pilots, attended by Prime Minister Benjamin Netanyahu and Chief of Staff Eyal Zamir.","Israel Defense Minister Israel Katz MOBILIZE Hezbollah, Hamas, and the Houthis","CONFLICT","MOBILIZE","-0.6","Israel Defense Minister Israel Katz","Israel Defense Minister Israel Katz","Israel (83)","Hezbollah; Hamas; Houthis","Hezbollah; Hamas; Houthis","Lebanon (95); Palestine (195); Yemen (191)","","","","Lebanon; Syria; Gaza; Yemen; Jerusalem; Mount Hermon","","Lebanon (95); Syria (169); Palestine (195); Yemen (191); Israel (83); Syria (169)","1",""
"4f73895c6b1b","2025-12-18","The Israeli military launched a series of strikes on Hezbollah infrastructure in southern and eastern Lebanon, targeting a military compound used for training and a Hezbollah militant in the Taybeh area. This action occurred despite an existing ceasefire established in November 2024, which aimed to end hostilities between the two parties.","Israel launched a series of strikes on southern and eastern Lebanon on Thursday. The Israeli military said it targeted Hezbollah infrastructure, including a military compound used for training.","Israeli military ASSAULT Hezbollah","CONFLICT","ASSAULT","-0.9","Israeli military","Israeli military","Israel (83)","Hezbollah","Hezbollah","Lebanon (95)","","","","southern Lebanon; eastern Lebanon; Taybeh area","","Lebanon (95); Lebanon (95); Lebanon (95)","4",""
"47b54d4d2fa8","2025-12-17","Israeli Foreign Minister Gideon Sa’ar stated in an interview that Israeli strikes targeting Hezbollah do not violate Lebanon's sovereignty, asserting that Hezbollah is the true source of instability in Lebanon. He emphasized Israel's aim to eliminate Hezbollah to ensure its own security and to restore Lebanon's independence.","Foreign Minister Gideon Sa’ar said Wednesday that Israeli strikes targeting Hezbollah do not violate Lebanon’s sovereignty, asserting that it is the Iran-backed terrorist organization that truly undermines the country’s independence.","Gideon Sa'ar ACCUSE Hezbollah","CONFLICT","ACCUSE","-0.3","Gideon Sa'ar","Gideon Saar","Israel (83)","Hezbollah","Hezbollah","Lebanon (95)","Lebanon","Lebanon","Lebanon (95)","Lebanon","","Lebanon (95)","1",""
"1c30ebb67042","2025-12-13","Israeli warplanes conducted airstrikes on multiple locations in southern and eastern Lebanon, targeting areas such as Jarmaq, Jbaa, Barij, Rihan, Ansar-Zrarieh, Tebnine, Zelaya, and the Wadi-Humein and Roumine. The Israeli army stated that the strikes aimed at a training facility used by the Radwan special forces unit of Hezbollah.","Earlier in the day, a Lebanese military source told Sputnik that Israeli warplanes attacked several areas in southern and eastern Lebanon, including Jarmaq, Jbaa, Barij, Rihan, Ansar-Zrarieh, Tebnine, Zelaya and the Wadi-Humein and Roumine.","Israeli warplanes ASSAULT Radwan special forces unit of Hezbollah","CONFLICT","ASSAULT","-0.9","Israeli warplanes","Israeli warplanes","Israel (83)","Radwan special forces unit of Hezbollah","Hezbollah's elite Radwan Force","Lebanon (95)","","","","southern Lebanon; eastern Lebanon; Jarmaq; Jbaa; Barir; Rihan; Ansarullah Zahr; Tebnine; Zelaya; Wadi-Hitan; Roummina","","Lebanon (95); Lebanon (95); Lebanon (95); Lebanon (95); Lebanon (95); Lebanon (95); Lebanon (95); Lebanon (95); Lebanon (95); Lebanon (95); Lebanon (95)","1",""
"4d2621081f61","2025-12-09","The Israeli military conducted a series of airstrikes targeting Hezbollah infrastructure in southern Lebanon, including a training compound used by Hezbollah's elite Radwan forces and other military structures. This operation was announced following recent diplomatic interactions aimed at upholding a ceasefire between Israel and Lebanon.","The Israeli military announced on Tuesday a series of strikes targeting Hezbollah infrastructure in southern Lebanon.","Israeli military ASSAULT Hezbollah","CONFLICT","ASSAULT","-0.9","Israeli military","Israeli military","Israel (83)","Hezbollah","Hezbollah","Lebanon (95)","","","","southern Lebanon","","Lebanon (95)","1",""
"34e7e1bb3294","2025-12-04","Iraq announced the removal of Lebanon’s Hezbollah and Yemen’s Houthis from an asset-freeze list after they were mistakenly included in a government publication. This decision was made following a request from the acting deputy governor of the Central Bank to delete the clause containing their names, clarifying that only assets linked to Islamic State and Al-Qaeda would be frozen.","Iraq announced Thursday that Lebanon’s Hezbollah and Yemen’s Houthis will be removed from an asset-freeze list, after the Iran-aligned groups were mistakenly included in a government publication that triggered confusion and criticism, Reuters reported.","Iraq CONCEDE Lebanon's Hezbollah and Yemen's Houthis","COOPERATION","CONCEDE","0.5","Iraq","Iraq","Israel (83)","Lebanon's Hezbollah; Yemen's Houthis","Hezbollah; Yemen's Houthi rebels","Lebanon (95); Yemen (191)","Central Bank of Lebanon; Islamic State; Al-Qaeda","Central Bank of Lebanon; Islamic State; al-Qaeda","Lebanon (95)","Immaterial","","Immaterial","1",""
"12be1f19d5f3","2025-12-03","Israeli warplanes targeted civilian and residential buildings in the towns of Mjadel and Mahrouna in South Governorate, as well as Baraachit and Jbaa in Nabatieh Governorate, Lebanon. The Israeli military claimed the strikes were aimed at weapon storage facilities belonging to Hezbollah, violating the ceasefire agreement established in November 2024.","Lebanese media reported on Thursday that Israeli warplanes targeted civilian and residential buildings in the towns of Mjadel and Mahrouna, both located in South Governorate, as well as the towns of Baraachit and Jbaa in Nabatieh Governorate.","Israeli warplanes ASSAULT civilians and residential buildings in Lebanon","CONFLICT","ASSAULT","-0.9","Israeli warplanes","Israeli warplanes","Israel (83)","Civilians and residential buildings in Mjadel, Mahbouya, Baraachit, and Jbaa","Civilians and residential buildings in Mjadel, Mahbouya, Baraachit, and Jbaa","Lebanon (95)","Hezbollah","Hezbollah","Lebanon (95)","Mjadel; Mahbouya; Baraachit; Jbaa","","Lebanon (95); Lebanon (95); Lebanon (95); Lebanon (95)","1",""
"ff3eb793e34b","2025-12-03","Israeli Prime Minister Benjamin Netanyahu announced the dispatch of a representative from Israel’s National Security Council to meet with Lebanese political and economic officials. This meeting aims to establish a foundation for relations and economic cooperation between Israel and Lebanon.","Israeli Prime Minister Benjamin Netanyahu announced today that he is sending a representative to meet with Lebanese political and economic officials — a “first attempt to establish a foundation for relations and economic cooperation between Israel and Lebanon.”","Benjamin Netanyahu and Israel's National Security Council representative CONSULT Lebanese political and economic officials","COOPERATION","CONSULT","0.2","Benjamin Netanyahu; Israel's National Security Council representative","Benjamin Netanyahu; Acting National Security Council head of Israel","Israel (83); Israel (83)","Lebanese political and economic officials","Lebanese political and economic officials","Lebanon (95)","","","","Immaterial","","Immaterial","1",""
"5f132ce6fde2","2025-12-03","Israeli air raids targeted Hezbollah weapons storage facilities in southern Lebanon, specifically in the towns of Mahrouna and Jbaa, following direct talks between Lebanese and Israeli civilian representatives. The strikes were conducted amid ongoing tensions despite a 2024 ceasefire, with the Israeli military warning of the attacks beforehand.","Israeli air raids targeted southern Lebanon on Thursday, hitting Hezbollah weapons storage facilities, a day after Lebanese and Israeli civilian representatives held their first direct talks in decades.","Israeli military ASSAULT Hezbollah militants","CONFLICT","ASSAULT","-0.9","Israeli military","Israeli military","Israel (83)","Hezbollah militants","Hezbollah","Lebanon (95)","Lebanese civilian representatives","Civilian representatives from Lebanon","Lebanon (95)","southern Lebanon; Mahidha; Jbaa","","Lebanon (95); Lebanon (95); Lebanon (95)","1",""
"3a7dce073d09","2025-11-27","The Israeli military conducted an operation in southern Syria to arrest suspects from the Lebanese Islamist group Jamaa Islamiya, resulting in six Israeli soldiers being wounded, three of them seriously, during an exchange of fire. The operation took place in the Beit Jin area, where the suspects were allegedly involved in planning terror attacks against Israeli civilians.","Six Israeli soldiers were wounded overnight in an operation in southern Syria to arrest suspects from the Lebanese Islamist group Jamaa Islamiya, the military said Friday.","Israeli military ASSAULT Jamaa Islamiya suspects","CONFLICT","ASSAULT","-0.9","Israeli military","Israeli military","Israel (83)","Jamaat Islamiya suspects","Jamaat Islamiya suspects","Lebanon (95)","Israeli civilians","Israeli civilians","Israel (83)","southern Syria; Beit Jin","","Syria (169); Syria (169)","1",""
"e3b8764802bb","2025-11-24","Thousands gathered in Beirut, Lebanon, for the funeral of Haytham Tabtabai, a top military commander of Hezbollah, who was killed in an Israeli airstrike. The airstrike, which targeted the southern suburbs of Beirut, resulted in the deaths of five individuals and injuries to 28 others, raising regional tensions and prompting international concern.","Thousands gathered in Beirut Monday for the funeral of a top military commander from Hezbollah, following his death in an Israeli airstrike.","Israel ASSAULTED Haytham Tabbitah and civilians in Beirut","CONFLICT","ASSAULT","-0.9","Israel","Israel","Israel (83)","Haytham Tabbitah; Civilians in Beirut","Haytham Tabbitah; Civilians in Beirut","Lebanon (95); Lebanon (95)","Hezbollah","Hezbollah","Lebanon (95)","Beirut; Southern suburbs of Beirut","","Lebanon (95); Lebanon (95)","1",""
"f70cb302c605","2025-11-23","The Israeli regime conducted an airstrike on residential apartments in the Dahiyeh suburb of Beirut, Lebanon, resulting in the deaths of at least five individuals, including senior Hezbollah commander Haytham Ali Tabatabai. The Iranian Ministry of Foreign Affairs condemned the attack, labeling it a gross violation of the November 2024 ceasefire agreement and called for accountability for Israeli actions.","The Ministry of Foreign Affairs of the Islamic Republic of Iran condemned the Sunday airstrike carried out by the Israeli regime on a densely populated area in the capital city of Lebanon, Beirut, and called for accountability for Israeli crimes.","Israeli regime ASSAULT residents of Dahiyeh apartments and Hezbollah commander Haytham Ali Tabatabai","CONFLICT","ASSAULT","-0.9","Israeli regime","Israeli government","Israel (83)","Residents of Dahiyeh apartments; Haytham Ali Tabatabai","Residents of Dahiyeh apartments; Haytham Ali Tabatabai","Lebanon (95); Lebanon (95)","Hezbollah; Iranian Ministry of Foreign Affairs","Hezbollah; Iranian Foreign Ministry","Lebanon (95); Iran (80)","Dahiyeh; Beirut","","Lebanon (95); Lebanon (95)","1",""
"36330aea56f8","2025-11-23","An Israeli airstrike targeted Hezbollah senior commander Haytham Ali Tabatabai in Beirut, Lebanon. The strike was confirmed by Prime Minister Benjamin Netanyahu's office, and Tabatabai is recognized as Hezbollah's de facto chief of staff and the second-most senior figure in the organization.","An Israeli airstrike in Beirut on targeted Hezbollah senior commander and number two man Haytham Ali Tabatabai, Prime Minister Benjamin Netanyahu's office confirmed.","Israeli Air Force ASSAULT Hezbollah senior commander Haytham Ali Tabatabai","CONFLICT","ASSAULT","-0.9","Israeli Air Force","Israeli Air Force","Israel (83)","Haytham Ali Tabatabai","Haytham Ali Tabatabai","Lebanon (95)","Benjamin Netanyahu; Hezbollah","Benjamin Netanyahu; Hezbollah","Israel (83); Lebanon (95)","Beirut","","Lebanon (95)","1",""
"1b89a47c4c31","2025-11-23","An Israeli airstrike targeted Beirut's southern suburb, resulting in the deaths of five individuals and injuring 25 others. The strike has raised concerns from France, which warned that such actions could escalate tensions in the region and endanger civilian populations.","France on Monday voiced “deep concern” after an Israeli strike hit Beirut a day earlier, warning that the attack risks further escalation at a time of already heightened regional tensions.","Israeli airstrike ASSAULT Civilians in Beirut's southern suburb","CONFLICT","ASSAULT","-0.9","Israeli airstrike","Israeli airstrike","Israel (83)","Civilians in Beirut's southern suburb","Civilians in Beirut","Lebanon (95)","France","France","France (62)","Beirut's southern suburb","","Lebanon (95)","1",""
"9744ada0b737","2025-11-23","The Israeli military conducted an airstrike in Dahieh, Beirut, targeting and killing Hezbollah's military chief, Abu Ali Al-Tabtabai. This action was taken to disrupt his efforts to enhance Hezbollah's military capabilities amidst a fragile ceasefire with the Lebanese government.","Israel said it killed Hezbollah’s military chief in a rare airstrike on Beirut as an almost year-old ceasefire deal with the Lebanese government wavers.","Israeli military ASSAULT Abu Ali Al-Tabitahi","CONFLICT","ASSAULT","-0.9","Israeli military","Israeli military","Israel (83)","Abu Ali Al-Tabtahi","Abu Ali Al-Tabtahi","Lebanon (95)","Hezbollah; Lebanese government","Hezbollah; Lebanese government","Lebanon (95); Lebanon (95)","Dahieh, Beirut","","Lebanon (95)","1",""
"a3354a413089","2025-11-23","Israel conducted an airstrike in Beirut targeting Hezbollah's chief of staff, Ali Tabatabai, despite an existing cease-fire since November 2024. The strike was ordered by Prime Minister Benjamin Netanyahu based on recommendations from Defense Minister Israel Katz and Chief of Staff Eyal Zamir, with the Israeli army confirming the elimination of Tabatabai, who was accused of leading Hezbollah's military buildup.","Israel said Sunday it carried out an airstrike in Beirut, first in months, aimed at Hezbollah’s chief of staff, Ali Tabatabai, despite a cease-fire that has been in place since November 2024.","Israel ASSAULT Hezbollah and Ali Tabatabai","CONFLICT","ASSAULT","-0.9","Israel","Israel","Israel (83)","Hezbollah; Ali Tabatabai","Hezbollah; Ali Tabatabai","Lebanon (95); Lebanon (95)","Benjamin Netanyahu; Israel Katz; Eyal Zamir","Benjamin Netanyahu; Israel Katz; Eyal Zamir","Israel (83); Israel (83); Israel (83)","Beirut","","Lebanon (95)","10",""
"1aa8235b2ebb","2025-11-22","The Israeli military conducted an airstrike in a southern suburb of Beirut, Lebanon, targeting a multi-storey building and resulting in the death of Ali Tabtabai, the acting chief of staff of Hezbollah. The strike, which also caused five fatalities and 28 injuries, is part of Israel's efforts to prevent Hezbollah from rebuilding its military capabilities.","In a significant escalation of hostilities, the Israeli military executed an airstrike on a southern suburb of Beirut, killing Ali Tabtabai, the acting chief of staff of militant group Hezbollah.","Israeli military ASSAULT Ali Tabibah and Hezbollah","CONFLICT","ASSAULT","-0.9","Israeli military","Israeli military","Israel (83)","Ali Tabibah; Hezbollah","Ali Tabatabai; Hezbollah","Lebanon (95); Lebanon (95)","","","","Southern suburb of Beirut","","Lebanon (95)","3",""
"90a2c7ea6422","2025-11-22","An Israeli drone strike in southern Lebanon resulted in the death of one person. The strike targeted a vehicle on the Zawtar El Charqiyeh road in the Ain Al-Samahiya area of the Nabatieh district, despite an official ceasefire that has been in place since late 2024.","One person was killed Saturday morning in an Israeli drone strike in southern Lebanon, despite a ceasefire that has officially been in place since late 2024, according to local media.","Israeli military ASSAULT Civilians in southern Lebanon","CONFLICT","ASSAULT","-0.9","Israeli military","Israeli military","Israel (83)","Civilians in southern Lebanon","Lebanese civilians","Lebanon (95)","","","","southern Lebanon; Zawtar El Charqiyeh road, Ain Al-Samahiya, Nabatieh district","","Lebanon (95); Lebanon (95)","1",""
"eb2dc4570b39","2025-11-19","Israeli drones struck a car in the town of Al-Tiri in southern Lebanon, resulting in the death of one citizen and injuries to eleven others, including damage to a bus carrying students. This incident occurred earlier on the same day as the airstrikes.","Earlier on Wednesday, Israeli drones struck a car in the town of Al-Tiri in southern Lebanon. According to our correspondent, Hashem Al-Sayed Hasan, this attack resulted in the martyrdom of one citizen and damaged a bus carrying students.","Israeli drones ASSAULT Lebanese civilians","CONFLICT","ASSAULT","-0.9","Israeli drones","Israeli drone strike","Israel (83)","Lebanese civilians","Lebanese civilians","Lebanon (95)","Students on the bus","Students on the bus","Lebanon (95)","Al-Tiri","","Lebanon (95)","1",""
"96091cc00bef","2025-11-19","The Israeli army conducted airstrikes on residential buildings in the southern Lebanese towns of Deir Kifa and Shehour, prompting evacuations of residents and schools. This action followed earlier threats to these areas and was part of a broader pattern of intensified Israeli reconnaissance flights over southern Lebanon.","The Israeli army carried out airstrikes on residential buildings in the southern Lebanese towns of Deir Kifa and Shehour on Wednesday, following earlier threats to the areas.","Israeli army ASSAULT Residents and schools in Deir Kifa and Sheikhun","CONFLICT","ASSAULT","-0.9","Israeli army","Israeli military","Israel (83)","Residents of Deir Kifa and Sheikhun; Schools in Deir Kifa and Sheikhun","Residents of Deir Kifa and Sheikhun; Schools in Deir Kifa and Sheikhun","Lebanon (95); Lebanon (95)","","","","Deir Kifa; Sheikhun","","Lebanon (95); Lebanon (95)","1",""
"22bb02d5a917","2025-11-19","An Israeli airstrike targeted a car in the southern Lebanese village of Tiri, resulting in one fatality and 11 injuries, including students on a nearby school bus. The strike was part of escalating tensions following a previous drone attack on the Ein el-Hilweh Palestinian refugee camp, which killed 13 individuals.","An Israeli airstrike on a car in the southern Lebanese village of Tiri on Wednesday killed one person and wounded 11 others, including students on a passing school bus, the Health Ministry and state media reported.","Israeli military ASSAULT Civilians in Tirah and students on a nearby school bus in Tirah","CONFLICT","ASSAULT","-0.9","Israeli military","Israeli military","Israel (83)","Civilians in Tirah; Students on a nearby school bus in Tirah","Civilians in Tirah; Students on a nearby school bus in Tirah","Lebanon (95); Lebanon (95)","","","","Tirah; southern Lebanese village of Tirah; Ein el-Hilweh Palestinian refugee camp","","Lebanon (95); Lebanon (95); Lebanon (95)","1",""
"6361c5160586","2025-11-18","The Israeli military conducted airstrikes in southern Lebanon, specifically in the areas of Bint Jbeil and Blida, resulting in the deaths of two Hezbollah members. The operation aimed to eliminate individuals involved in rebuilding Hezbollah's military capabilities and gathering intelligence on Israeli military activities.","The military said in a statement it had 'struck and eliminated two Hezbollah terrorists in the areas of Bint Jbeil and Blida in southern Lebanon' on Tuesday.","Israeli military ASSAULT Hezbollah members","CONFLICT","ASSAULT","-0.9","Israeli military","Israeli military","Israel (83)","Hezbollah members","Hezbollah","Lebanon (95)","","","","Bint Jbeil; Blida","","Lebanon (95); Lebanon (95)","1",""
"3ae17a2e9942","2025-11-18","Israeli airstrikes in southern Lebanon resulted in the deaths of two individuals on November 18, 2025. One strike targeted a vehicle in the Bint Jbeil district, killing a municipal union officer, while another drone strike hit a car in the town of Blida, claiming another life. These actions are reported as violations of a ceasefire agreement.","Two people were killed in Israeli strikes in southern Lebanon on Tuesday, in the latest violations of a ceasefire agreement.","Israeli military ASSAULT Lebanese civilians","CONFLICT","ASSAULT","-0.9","Israeli military","Israeli military","Israel (83)","Lebanese civilians","Lebanese civilians","Lebanon (95)","","","","southern Lebanon; Bint Jbeil district; Blida","","Lebanon (95); Lebanon (95); Lebanon (95)","3",""
"81f428679008","2025-11-18","The Israeli military conducted an airstrike on a vehicle in the Bint Jbeil district of southern Lebanon, resulting in the death of one individual, identified as a municipal union officer. This incident is reported as a violation of the ceasefire agreement that was established in November 2024.","One person was killed in an Israeli strike on a vehicle in the Bint Jbeil district of southern Lebanon on Tuesday, in the latest violation of a ceasefire agreement, the Health Ministry said.","Israeli military ASSAULT municipal union officer","CONFLICT","ASSAULT","-0.9","Israeli military","Israeli military","Israel (83)","Municipal union officer","Municipal union officer","Lebanon (95)","","","","Bint Jbeil district, southern Lebanon","","Lebanon (95)","1",""
"cd908628eef6","2025-11-12","Israeli Prime Minister Benjamin Netanyahu's government is currently engaged in military operations against Hezbollah in Lebanon, aiming to restore security in Israeli settlements. Political sources indicate that an all-out war is unlikely unless Netanyahu makes a significant political miscalculation, as the current situation allows Israel to achieve its objectives without incurring heavy costs.","But the current situation is the best for Israel, because it is waging war and achieving several goals without incurring human and material costs, and because any all-out war might push Hezbollah to respond and threaten the security of the (Israeli) north.","Benjamin Netanyahu's government ASSAULT Hezbollah","CONFLICT","ASSAULT","-0.9","Benjamin Netanyahu's government","Benjamin Netanyahu's government","Israel (83)","Hezbollah","Hezbollah","Lebanon (95)","","","","Lebanon","","Lebanon (95)","1",""
"c598ab347a88","2025-11-12","The Israeli army shelled areas between the towns of Houla and Meiss al-Jabal in southern Lebanon, specifically targeting the Wadi al-Jamal area and Birkat al-Tayri. This action is reported as a violation of the ceasefire agreement established in November 2024.","The Israeli army shelled an area between the towns of Houla and Meiss al-Jabal in southern Lebanon on Wednesday in the latest violation of last year’s ceasefire deal.","Israeli army ASSAULT Lebanese civilians in southern Lebanon","CONFLICT","ASSAULT","-0.9","Israeli army","Israeli military","Israel (83)","Lebanese civilians in southern Lebanon","Lebanese civilians","Lebanon (95)","","","","Houya; Meiss al-Jabal; Wadi al-Jamal; Birkat al-Tayri","","Lebanon (95); Lebanon (95); Lebanon (95); Lebanon (95)","1",""
"c3bbb35bdac5","2025-11-09","Hezbollah confirmed the martyrdom of its member, Hassan Ali Jamil Sultan, following an Israeli drone strike that targeted a vehicle in Aita al-Shaab, southern Lebanon. The attack resulted in one fatality and is part of a broader escalation of Israeli military operations in the region, which Hezbollah condemned as a violation of the ceasefire agreement established in 2024.","Hezbollah has confirmed the martyrdom of one of its members, Hassan Ali Jamil Sultan, following an Israeli drone strike that targeted a vehicle in southern Lebanon on Sunday.","Israel ACCUSE Hezbollah","CONFLICT","ACCUSE","-0.3","Israel","Israel","Israel (83)","Hezbollah","Hezbollah","Lebanon (95)","Hassan Ali Jamil Sultan","Hassan Ali Jamil Sultan","Lebanon (95)","Aita al-Shaab","","Lebanon (95)","2",""
"1e58004be010","2025-11-08","Israeli airstrikes in Bint Jbeil, southern Lebanon, resulted in the deaths of two individuals and injuries to seven others. The strikes included a drone attack that targeted a vehicle near Salah Ghandour Hospital, marking a violation of the cease-fire declared in late 2024.","Israeli airstrikes on Saturday killed two and injured seven people in Bint Jbeil, southern Lebanon, marking another violation of the cease-fire declared in late 2024, according to local media reports.","Israeli military ASSAULT Civilians in Bint Jbeir","CONFLICT","ASSAULT","-0.9","Israeli military","Israeli military","Israel (83)","Civilians in Bint Jbeir","Civilians in Bint Jbeil","Lebanon (95)","","","","Bint Jbeil; Southern Lebanon; Salah Ghandour Hospital","","Lebanon (95); Lebanon (95); Lebanon (95)","3",""
"f27bd8afdba8","2025-11-08","Israeli forces conducted a series of military assaults across the Palestinian territories and southern Lebanon, resulting in multiple fatalities and injuries. In the occupied West Bank, two Palestinian boys were shot dead, while in Gaza, Israeli gunfire killed one Palestinian and injured another. In southern Lebanon, Israeli strikes killed three individuals, including two brothers from Shebaa, and wounded several others in separate attacks.","Israeli forces continued a series of deadly assaults across the Palestinian territories and southern Lebanon on Saturday, violating existing ceasefire agreements, officials reported.","Israeli forces ASSAULT Palestinian civilians, Palestinian militants, and Lebanese civilians","CONFLICT","ASSAULT","-0.9","Israeli forces","Israeli military","Israel (83)","Palestinian civilians; Palestinian militants; Lebanese civilians","Palestinian civilians; Palestinian militants; Lebanese civilians","Palestine (195); Palestine (195); Lebanon (95)","","","","Palestinian territories; southern Lebanon; West Bank; Gaza; Shebaa","","Palestine (195); Lebanon (95); Palestine (195); Palestine (195); Lebanon (95)","1",""
"474fa6e0a90c","2025-11-08","An Israeli drone targeted a vehicle in Bint Jbeil, southern Lebanon, injuring seven people. This incident marks a violation of the ceasefire established in late 2024 and occurred near Salah Ghandour Hospital amid escalating border tensions.","Seven people were injured Saturday when an Israeli drone targeted a vehicle in Bint Jbeil, southern Lebanon, marking a new violation of the ceasefire established in late 2024, according to reports.","Israeli drone ASSAULTED a vehicle in Bint Jbeid, southern Lebanon, injuring seven people.","CONFLICT","ASSAULT","-0.9","Israeli drone","Israeli drone strike","Israel (83)","Vehicle in Bint Jbeid; Seven injured individuals","Vehicle in Bint Jbeid; Seven injured individuals","Lebanon (95); Lebanon (95)","","","","Bint Jbeid; Southern Lebanon; Salah Ghandour Hospital","","Lebanon (95); Lebanon (95); Lebanon (95)","1",""
"9bee028f682b","2025-11-08","The Israeli military conducted air and drone strikes in southern Lebanon, resulting in the deaths of three Hezbollah members involved in arms smuggling and military operations. The strikes targeted locations in the Chebaa area and the town of Baraachit, as part of ongoing efforts to neutralize threats posed by Hezbollah.","The Israeli army confirmed on Saturday that three Hezbollah members were killed in a series of air and drone strikes targeting sites in southern Lebanon, amid escalating cross-border hostilities.","Israeli military ASSAULT Hezbollah members involved in arms smuggling and military operations","CONFLICT","ASSAULT","-0.9","Israeli military","Israeli military","Israel (83)","Hezbollah members involved in arms smuggling and military operations","Hezbollah members involved in arms smuggling and military operations","Lebanon (95)","","","","southern Lebanon; Chebaa area; Baraachit","","Lebanon (95); Lebanon (95); Lebanon (95)","1",""
"21cd2cf76c3a","2025-11-08","Israeli airstrikes targeted multiple locations in Lebanon, resulting in the deaths of three individuals and injuries to eleven others. The strikes were aimed at the Iran-allied Lebanese Hezbollah group, with one drone strike killing two brothers in a vehicle in south-eastern Lebanon and another strike in Barachit killing one man and injuring four others.","Three people were killed and 11 others injured on Saturday in Israeli airstrikes in different parts of Lebanon, Lebanese authorities said.","Israeli military ASSAULT Lebanese Hezbollah and Lebanese civilians","CONFLICT","ASSAULT","-0.9","Israeli military","Israeli military","Israel (83)","Lebanese Hezbollah; Lebanese civilians","Hezbollah; Lebanese civilians","Lebanon (95); Lebanon (95)","Iran","Iran","Iran (80)","Lebanon; South-eastern Lebanon; Barachit","","Lebanon (95); Lebanon (95); Lebanon (95)","4",""
"85de92799774","2025-11-08","Israeli drone strikes in southern Lebanon resulted in the deaths of three individuals and injuries to eleven others. The strikes targeted vehicles in the towns of Shebaa and Barashit, with the Israeli army claiming that the strikes were aimed at members of the Hezbollah-linked Lebanese Resistance Brigades involved in smuggling weapons.","Three people were killed and 11 others injured on Saturday in separate Israeli drone strikes in southern Lebanon, in a new violation of the ceasefire declared in late 2024.","Israeli military ASSAULT Lebanese Resistance Brigades members","CONFLICT","ASSAULT","-0.9","Israeli military","Israeli military","Israel (83)","Lebanese Resistance Brigades members","Lebanese Resistance Brigades members","Lebanon (95)","Hezbollah","Hezbollah","Lebanon (95)","southern Lebanon; Shebaa; Barashit","","Lebanon (95); Lebanon (95); Lebanon (95)","1",""
"1632caf83543","2025-11-08","An Israeli drone launched two guided missiles targeting a car near Salah Ghandour Hospital in Bint Jbeil, southern Lebanon, injuring seven people. This attack is noted as a violation of the cease-fire declared in late 2024 amid heightened border tensions.","An Israeli drone attack on Saturday injured seven people in Bint Jbeil, southern Lebanon, marking another violation of the cease-fire declared in late 2024, according to local media reports.","Israeli military ASSAULT Civilians in a car near Salah Ghandour Hospital, Bint Jbein, southern Lebanon","CONFLICT","ASSAULT","-0.9","Israeli military","Israeli military","Israel (83)","Civilians in a car near Salah Ghandour Hospital, Bint Jbein, southern Lebanon","Civilians in a car near Salah Ghandour Hospital, Bint Jbein, southern Lebanon","Lebanon (95)","","","","Near Salah Ghandour Hospital, Bint Jbeil, southern Lebanon","","Lebanon (95)","1",""
"ca29bab29374","2025-11-06","The Israeli military issued a warning to residents of the villages of Aita Al-Jabal, Al-Tayyiba, and Tayr Debba in southern Lebanon, advising them to evacuate specific areas identified on maps. This action is in preparation for an impending attack on Hezbollah infrastructure in those locations.","Residents of marked buildings in the villages of Aita Al-Jabal, Al-Tayyiba and Tayr Debba were advised to evacuate, Israeli military spokesman Avichay Adraee said on X.","Israeli military THREATEN residents of Aita Al-Jbal, Al-Tayyiba, and Tayr Debba","CONFLICT","THREATEN","-0.6","Israeli military","Israeli military","Israel (83)","Residents of Aita Al-Jbal; Residents of Al-Tayyiba; Residents of Tayr Debba","Residents of Aita Al-Jbal; Residents of Al-Tayyiba; Residents of Tayr Debba","Lebanon (95); Lebanon (95); Lebanon (95)","Hezbollah","Hezbollah","Lebanon (95)","Aita Al-Jabal; Al-Tayyiba; Tayr Debba","","Lebanon (95); Lebanon (95); Lebanon (95)","1",""
"fed2e3d2946e","2025-11-06","The Israeli Air Force conducted heavy airstrikes in southern Lebanon targeting Hezbollah positions, following allegations of Hezbollah rebuilding its military capabilities. This military action led to evacuation orders in several locations and resulted in one fatality and one injury, as reported by the Lebanese health ministry.","Heavy Israeli airstrikes rocked southern Lebanon on Thursday, as tensions simmered with Hezbollah despite a year-old ceasefire.","Israeli Air Force ASSAULT Hezbollah","CONFLICT","ASSAULT","-0.9","Israeli Air Force","Israeli Air Force","Israel (83)","Hezbollah","Hezbollah","Lebanon (95)","Lebanese health ministry","Lebanese Health Ministry","Lebanon (95)","southern Lebanon","","Lebanon (95)","2",""
"fc044205b3fa","2025-11-05","The Israeli military conducted an airstrike in southern Lebanon, resulting in the death of Hussein Jaber Dib, a senior member of Hezbollah’s elite Radwan Force, as part of its operations to eliminate threats against Israel. This strike is part of a broader campaign that has reportedly killed around 20 individuals identified as militants over the past month.","Earlier on Wednesday, the military confirmed it had 'struck and eliminated' Hussein Jaber Dib, described as a member of Hezbollah’s Radwan Force involved in 'advancing terror attacks against the State of Israel and its citizens.'","Israeli military ASSAULTED Radwan Force and Hezbollah militants in southern Lebanon.","CONFLICT","ASSAULT","-0.9","Israeli military","Israeli military","Israel (83)","Radwan Force; Hezbollah militants","Radwan Force; Hezbollah","Lebanon (95); Lebanon (95)","","","","southern Lebanon","","Lebanon (95)","4",""
"b862f300bb4c","2025-11-03","Israeli drone strikes in southern Lebanon resulted in the deaths of two individuals and injuries to seven others. The strikes occurred in the Nabatieh district, where a drone hit a car and a motorcycle, despite an existing ceasefire agreement. The Lebanese Health Ministry reported these incidents.","Israeli drone strikes in southern Lebanon killed two people and injured seven others on Monday despite a ceasefire agreement, the Lebanese Health Ministry said.","Israeli military ASSAULT Civilians in southern Lebanon","CONFLICT","ASSAULT","-0.9","Israeli military","Israeli military","Israel (83)","Civilians in southern Lebanon","Lebanese civilians","Lebanon (95)","","","","Nabatieh district; southern Lebanon","","Lebanon (95); Lebanon (95)","1",""
"9a3fbb366fda","2025-11-01","An Israeli airstrike targeted a vehicle on the Doha-Kafarman road in the Nabatieh district of southern Lebanon, resulting in the deaths of four individuals and injuries to three others. This action violated a ceasefire agreement that has been in place since November 2024, as confirmed by Lebanon’s Health Ministry.","An Israeli airstrike on southern Lebanon killed four people and injured three others, violating a ceasefire agreement, Lebanon’s Health Ministry said Sunday.","Israeli military ASSAULT Civilians in vehicle in southern Lebanon","CONFLICT","ASSAULT","-0.9","Israeli military","Israeli military","Israel (83)","Civilians in vehicle","Civilians in the vehicle","Lebanon (95)","","","","Nabatieh district, southern Lebanon; Dohai, southern Lebanon; Dohai-Naqoura road, southern Lebanon","","Lebanon (95); Lebanon (95); Lebanon (95)","1",""
"4f0239f6fed7","2025-11-01","Israel's Defence Minister Israel Katz issued a warning to Lebanon, urging the country to support the disarmament agreement and remove Hezbollah from southern Lebanon. This statement came amid rising tensions following an Israeli air strike that reportedly killed four people in southern Lebanon, prompting Israel to threaten heightened military action against Hezbollah.","“Enforcement of the maximum will continue and even intensify - we will not allow a threat to the residents of the north,” Israeli defence minister Israel Katz said as he issued a stern warning to Lebanon.","Israel Defense Minister Israel Katz THREATEN Lebanon","CONFLICT","THREATEN","-0.6","Israel Defense Minister Israel Katz","Israel Defense Minister Israel Katz","Israel (83)","Lebanon","Lebanon","Lebanon (95)","Hezbollah","Hezbollah","Lebanon (95)","Southern Lebanon","","Lebanon (95)","1",""
"b4812c309037","2025-11-01","On November 1, 2025, an Israeli airstrike in Kfar Rumman, located in the Nabatiyeh district of Lebanon, resulted in the deaths of four individuals identified as members of Hezbollah's elite Radwan Force. This attack followed a previous strike that killed a Hezbollah maintenance officer, contributing to rising tensions between Israel and Hezbollah.","On Saturday, an Israeli strike killed four people in Kfar Rumman, Nabatiyeh district, the Lebanese health ministry and the Israeli military said. Israel said the four were members of Hezbollah's elite Radwan Force.","Israel ASSAULT Hezbollah's elite Radwan Force","CONFLICT","ASSAULT","-0.9","Israel","Israel","Israel (83)","Hezbollah's elite Radwan Force","Hezbollah's elite Radwan Force","Lebanon (95)","","","","Kfar Rumeitan, Nabatieha District","","Lebanon (95)","1",""
"a9a4ec50d6df","2025-11-01","An Israeli airstrike targeted a vehicle in the Nabatieh district of southern Lebanon, resulting in the deaths of four individuals and injuries to three others. The strike was described by Lebanese authorities as a violation of the ceasefire agreement, which has been in effect since November 2024.","An Israeli airstrike on southern Lebanon has left four people dead and three injured, in what Lebanese authorities described as another violation of the ceasefire agreement, according to a statement from Lebanon’s Health Ministry on Sunday.","Israeli airstrike ASSAULT vehicle occupants in Nabatieh district","CONFLICT","ASSAULT","-0.9","Israeli airstrike","Israeli airstrike","Israel (83)","Vehicle occupants in Nabatieh district","Vehicle occupants in Nabatieh district","Lebanon (95)","","","","Nabatieh district, southern Lebanon","","Lebanon (95)","1",""
"ed664368d699","2025-10-26","Israeli Defense Minister Israel Katz visited Israel’s northern border and the IDF's Northern Command, accompanied by US envoy to Lebanon Morgan Ortagus and other officials. The purpose of the visit was to receive a briefing on Hezbollah’s activities and observe IDF operations, including a targeted operation that eliminated two Hezbollah terrorists.","At the start of the visit, the Defense Minister and the US envoy received a briefing from IDF commanders on Hezbollah’s terror activities and the terror group’s efforts to rebuild its military infrastructure in Lebanon.","Israel Katz and US envoy Morgan Ortagitz CONSULT IDF and Hezbollah","COOPERATION","CONSULT","0.2","Israel Katz; Morgan Ortagz; Other officials","Israel Katz; Morgan Ortagis; Officials","Israel (83); USA (185)","IDF; Hezbollah","IDF; Hezbollah","Israel (83); Lebanon (95)","","","","Israel's northern border; IDF's Northern Command","","Israel (83); Israel (83)","1",""
"246179ed09a5","2025-10-26","The Israeli military conducted a series of airstrikes across southern and eastern Lebanon, resulting in the deaths of at least four individuals, including three Hezbollah fighters and one Syrian national. The strikes targeted multiple locations, including the towns of Zawtar, Qlaileh, Naqoura, and Nabi Sheet, as part of an ongoing campaign to disrupt Hezbollah's military infrastructure.","At least four people were killed and two others injured in a series of Israeli airstrikes across southern and eastern Lebanon on Sunday, marking one of the deadliest days since the latest escalation between Israel and Hezbollah.","Israeli military ASSAULT Hezbollah fighters and a Syrian national","CONFLICT","ASSAULT","-0.9","Israeli military","Israeli military","Israel (83)","Hezbollah fighters; Syrian national","Hezbollah; Syrian national","Lebanon (95); Syria (169)","","","","Southern Lebanon; Eastern Lebanon; Zawtar; Qlailea; Nabi Sheet","","Lebanon (95); Lebanon (95); Lebanon (95); Lebanon (95); Lebanon (95)","1",""
"9f4f74257db4","2025-10-11","Israel conducted airstrikes in the southern Lebanese town of Msayleh, targeting industrial facilities and heavy-equipment yards. The strikes resulted in the destruction of approximately 300 heavy machines and vehicles, and caused one death and seven injuries, including six Lebanese and one Syrian. The Lebanese government condemned the attacks, expressing concerns over the potential escalation of military actions into Lebanese territory.","Lebanon has raised sharp concerns over what it described as a dangerous Israeli escalation following airstrikes early Saturday that hit industrial facilities and heavy-equipment yards in the southern town of Msayleh.","Israel ASSAULT Lebanese civilians and Lebanese military","CONFLICT","ASSAULT","-0.9","Israel","Israel","Israel (83)","Lebanese civilians; Lebanese military","Lebanese civilians; Lebanese army","Lebanon (95); Lebanon (95)","Syria","Syria","Syria (169)","Maysaleh","","Lebanon (95)","2",""
"631e9543acfe","2025-10-01","An Israeli airstrike targeted a vehicle on the Jarmak-Khardali road in southern Lebanon, resulting in the deaths of two individuals and injuring another. This attack occurred despite a ceasefire agreement between Israel and Hezbollah established in November.","The Israeli enemy strike that targeted a vehicle on the Jarmak-Khardali road led to a preliminary toll of two dead and another wounded.","Israeli airstrike ASSAULT vehicle occupants in southern Lebanon","CONFLICT","ASSAULT","-0.9","Israeli airstrike","Israeli airstrike","Israel (83)","Vehicle occupants","Vehicle occupants","Lebanon (95)","Hezbollah","Hezbollah","Lebanon (95)","Jarmak-Kafrun","","Lebanon (95)","1",""
"954324d7abc9","2025-09-28","The Israeli military conducted airstrikes in southern Lebanon, targeting Hezbollah weapons warehouses. The Israeli Air Force stated that these facilities were allegedly used by Hezbollah to launch attacks against Israel, which constitutes a violation of agreements between Israel and Lebanon.","The Israeli military confirmed conducting airstrikes in southern Lebanon earlier today, stating that it hit Hezbollah weapons warehouses on Sunday (28.09.2025).","Israeli military ASSAULT Hezbollah","CONFLICT","ASSAULT","-0.9","Israeli military","Israeli military","Israel (83)","Hezbollah","Hezbollah","Lebanon (95)","","","","southern Lebanon","","Lebanon (95)","1",""
"a0b317cec3f3","2025-09-21","An Israeli drone strike in southern Lebanon resulted in the deaths of five individuals, including three children and their father, all of whom held U.S. citizenship. The strike was part of ongoing military operations by Israel targeting Hezbollah militants, with the Israeli military stating that it was acting against threats posed to the State of Israel.","An Israeli drone strike in southern Lebanon killed five people Sunday, including three children, Lebanon's Health Ministry said.","Israeli military ASSAULT Hezbollah militants and civilians in southern Lebanon","CONFLICT","ASSAULT","-0.9","Israeli military","Israeli military","Israel (83)","Hezbollah militants; Civilians (including three children and their father)","Hezbollah; Civilians (including three children and their father)","Lebanon (95); Lebanon (95)","United States","United States","USA (185)","southern Lebanon","","Lebanon (95)","7",""
"192cd7d4c567","2025-09-20","An Israeli drone strike in the southern city of Bint Jbeil, Lebanon, resulted in the deaths of five individuals, including three children, and left two others injured. This attack is part of ongoing violations of a ceasefire agreement with Hezbollah.","Lebanon’s health ministry said an Israeli drone strike on the southern city of Bint Jbeil killed five people, including three children.","Israel ASSAULT Civilians in Bint Jbeil","CONFLICT","ASSAULT","-0.9","Israel","Israel","Israel (83)","Civilians in Bint Jbeil","Civilians in Bint Jbeil","Lebanon (95)","Hezbollah","Hezbollah","Lebanon (95)","Southern Sid of Bint Jbeil","","Lebanon (95)","1",""
"4251f82b7ecc","2025-09-20","A drone strike conducted by Israel in southern Lebanon resulted in the deaths of five individuals, including three children, and left two others wounded. This incident has provoked outrage among Lebanese officials, with calls for international pressure on Israel to halt its military actions.","A drone strike by Israel in southern Lebanon has resulted in the tragic deaths of five individuals, including three children, as reported by Lebanon's Health Ministry.","Israel ASSAULT Lebanese civilians","CONFLICT","ASSAULT","-0.9","Israel","Israel","Israel (83)","Lebanese civilians","Lebanese civilians","Lebanon (95)","","","","southern Lebanon","","Lebanon (95)","1",""
"dfea54a405ed","2025-09-17","An Israeli aircraft conducted an attack in Baalbek, eastern Lebanon, resulting in the deaths of two individuals. This incident marks a violation of the ceasefire that has been in effect since November 2024.","Two people were killed in an Israeli attack in eastern Lebanon on Wednesday evening, in the latest breach of a ceasefire in place since November 2024, the Health Ministry said.","Israeli aircraft ASSAULT Civilians in Baalbek","CONFLICT","ASSAULT","-0.9","Israeli aircraft","Israeli aircraft","Israel (83)","Civilians in Baalbek","Civilians in Baalbek","Lebanon (95)","","","","Baalbeck","","Lebanon (95)","1",""
"ed7fcadbe38f","2025-09-15","An Israeli airstrike targeted a building in the Kassar Zaatar neighborhood of Nabatieh, southern Lebanon, injuring at least 12 Lebanese civilians, including four children and seven women. This incident is reported as a violation of a ceasefire agreement that was established in November 2024.","The Israeli enemy’s strike on the Kassar Zaatar neighborhood in Nabatieh resulted, according to an initial toll, in 12 civilians being wounded, including four children and seven women.","Israeli airstrike ASSAULT Lebanese civilians","CONFLICT","ASSAULT","-0.9","Israeli airstrike","Israeli airstrike","Israel (83)","Lebanese civilians","Lebanese civilians","Lebanon (95)","","","","Kassar Zaitar neighborhood, Nabatieh","","Lebanon (95)","1",""
"12d6aeec774c","2025-09-12","An Israeli drone strike targeted the al-Dhuhour area in the town of Aitaroun, located in the Bint Jbeil district of southern Lebanon, resulting in the death of one individual. This incident is reported as a violation of the ceasefire agreement between Israel and Lebanon.","One person was killed in an Israeli drone strike on the town of Aitaroun in the Bint Jbeil district of southern Lebanon on Friday, in a new violation of the ceasefire agreement.","Israeli drone strike ASSAULT Civilians in al-Dahiyah area, Aitarout","CONFLICT","ASSAULT","-0.9","Israeli drone strike","Israeli drone strike","Israel (83)","Civilians in al-Dahiyah area, Aitarout","Civilians in al-Dahiyah area, Aitarout","Lebanon (95)","","","","al-Dahiyah area, Aitarout, Bint Jbeil district, southern Lebanon","","Lebanon (95)","1",""
"a5dbdf5710aa","2025-09-12","Israeli forces conducted a demolition operation in Meiss al-Jabal, Lebanon, where they blew up a house in the Al-Jidar area. This operation is part of the escalating tensions between Israel and Lebanon.","Earlier at dawn, Israeli forces also carried out a demolition operation in the town of Meiss al-Jabal in the Marjayoun district, blowing up a house in the Al-Jidar area.","Israeli forces ASSAULT residents of a house in Meiss al-Jabal, Lebanon","CONFLICT","ASSAULT","-0.9","Israeli forces","Israeli military","Israel (83)","Residents of the house in Meiss al-Jabal","Residents of the house in Meiss al-Jabal","Lebanon (95)","","","","Meiss al-Jabal; Al-Jubaile area","","Lebanon (95); Lebanon (95)","1",""
"403c794744a1","2025-09-12","An Israeli drone targeted a vehicle in Aita al-Jabal, Lebanon, wounding two individuals. This action is part of ongoing cross-border tensions between Israel and Lebanon.","An Israeli drone targeted a vehicle in the southern Lebanese town of Aita al-Jabal in the Bint Jbeil district on Friday, wounding two people, according to official sources.","Israeli drone ASSAULTED vehicle and individuals in Aita al-Jibal, Lebanon.","CONFLICT","ASSAULT","-0.9","Israeli drone","Israeli drone strike","Israel (83)","Vehicle in Aita al-Jabal; Two individuals in the vehicle","Vehicle in Aita al-Jabal; Two individuals in the vehicle","Lebanon (95); Lebanon (95)","","","","Aita al-Jabal","","Lebanon (95)","1",""
"9b03844fd228","2025-09-11","An Israeli drone strike in southern Lebanon killed a civilian who was riding a motorcycle on the road between Ain Baal and Bazourieh. This incident is part of ongoing tensions, as Israel frequently claims its strikes target Hezbollah fighters.","An Israeli drone strike killed a civilian in southern Lebanon on Thursday, the Health Ministry said.","Israeli military ASSAULT Lebanese civilian","CONFLICT","ASSAULT","-0.9","Israeli military","Israeli military","Israel (83)","Lebanese civilian","Lebanese civilians","Lebanon (95)","Hezbollah","Hezbollah","Lebanon (95)","Southern Lebanon; Between Ain Baab and Bazourah","","Lebanon (95); Lebanon (95)","1",""
"0e1dce75b59e","2025-09-07","Israeli warplanes conducted airstrikes on areas near the Syrian cities of Homs, Hama, and Aleppo, resulting in fires and material damage in both industrial and residential zones. The strikes were reportedly aimed at targets linked to Iran and Hezbollah, despite local air defenses attempting to intercept the missiles.","Israeli warplanes struck areas near the Syrian cities of Homs, Hama, and Aleppo late Sunday, Syrian state media reported, marking yet another escalation in Israel’s regional military threat.","Israeli warplanes ASSAULT Iran and Hezbollah","CONFLICT","ASSAULT","-0.9","Israeli warplanes","Israeli warplanes","Israel (83)","Iran; Hezbollah","Iran; Hezbollah","Iran (80); Lebanon (95)","","","","Homs; Hama; Aleppo","","Syria (169); Syria (169); Syria (169)","1",""
"830621e9a482","2025-09-07","Israel conducted airstrikes in northeastern Lebanon, resulting in the deaths of five individuals, including four members of Hezbollah. The strikes targeted Hezbollah sites, including positions and training grounds for the group's elite forces, amid rising international pressure on Lebanon to disarm the militant group.","In an escalation of regional tensions, Israel executed airstrikes on northeastern Lebanon, resulting in the death of five individuals, including four Hezbollah members, as confirmed by officials.","Israel ASSAULT Hezbollah and Lebanese civilians","CONFLICT","ASSAULT","-0.9","Israel","Israel","Israel (83)","Hezbollah; Lebanese civilians","Hezbollah; Lebanese civilians","Lebanon (95); Lebanon (95)","","","","Northeastern Lebanon","","Lebanon (95)","1",""
"c51dfcb02f40","2025-09-04","Israeli airstrikes targeted multiple locations in southern Lebanon, resulting in the deaths of at least five people, including civilians. The strikes were aimed at suspected militant positions, escalating tensions in the region.","At least five people were killed in a series of Israeli airstrikes targeting areas in southern Lebanon, local authorities and security sources reported today.","Israeli airstrikes ASSAULT militant positions and civilians in southern Lebanon","CONFLICT","ASSAULT","-0.9","Israeli airstrikes","Israeli airstrike","Israel (83)","Militant positions in southern Lebanon; Civilians in southern Lebanon","Militant positions in southern Lebanon; Lebanese civilians","Lebanon (95); Lebanon (95)","","","","Southern Lebanon","","Lebanon (95)","1",""
"08b86c2ab6aa","2025-09-03","The Israeli military launched airstrikes on Hezbollah positions in southern Lebanon, targeting a base in Ansariyeh and a rocket-launching platform in the village of Jibeen. The strikes resulted in the deaths of five individuals, including senior Hezbollah operatives, amid escalating tensions over ceasefire violations and calls for Hezbollah's disarmament.","The Israeli military announced late Wednesday that its fighter jets struck two Hezbollah-linked sites in southern Lebanon.","Israeli military ASSAULT Hezbollah","CONFLICT","ASSAULT","-0.9","Israeli military","Israeli military","Israel (83)","Hezbollah","Hezbollah","Lebanon (95)","","","","southern Lebanon; Aqbiyeh; Jibha","","Lebanon (95); Lebanon (95); Lebanon (95)","1",""
"33af6ae92872","2025-09-02","The Israel Defense Forces (IDF) conducted an aerial attack using drones that dropped four grenades near United Nations Interim Force in Lebanon (UNIFIL) peacekeepers who were clearing roadblocks close to the Blue Line, southeast of Marwahin, Lebanon. This incident is noted as one of the most serious attacks on UNIFIL personnel since the cessation of hostilities agreement in November 2024.","Yesterday morning, Israel Defense Forces (IDF) drones dropped four grenades close to UNIFIL peacekeepers working to clear roadblocks hindering access to a UN position close to the Blue Line.","Israel Defense Forces ASSAULT United Nations Interim Force in Lebanon (UNIFIL) peacekeepers","CONFLICT","ASSAULT","-0.9","Israel Defense Forces","Israeli military","Israel (83)","United Nations Interim Force in Lebanon (UNIFIL) peacekeepers","United Nations Interim Force in Lebanon (UNIFIL) peacekeepers","Lebanon (95)","","","","Near United Nations Interim Force in Lebanon (UNIFIL) peacekeepers; Southeast of Marwahim, Lebanon","","Lebanon (95); Lebanon (95)","1",""
"cd42622f406f","2025-08-28","Two Lebanese military personnel were killed and two others wounded while examining a crashed Israeli drone in Naqoura, southern Lebanon. The incident occurred during an attempted bombing mission by the Israeli aircraft, marking the fourth deadly attack on Lebanese army forces since the ceasefire began.","An Israeli unmanned aircraft crashed Thursday evening in Naqoura, southern Lebanon, resulting in the deaths of two Lebanese military members and wounding two additional service personnel who were conducting an examination of the downed device, the Lebanese army confirmed in an official statement.","Israeli military ASSAULT Lebanese military personnel","CONFLICT","ASSAULT","-0.9","Israeli military","Israeli military","Israel (83)","Lebanese military personnel","Lebanese army","Lebanon (95)","","","","Naqoura","","Lebanon (95)","1",""
"18321fc97425","2025-08-25","Israeli Prime Minister Benjamin Netanyahu discussed with U.S. envoy Tom Barrack the potential reduction of Israel's military presence in southern Lebanon, contingent upon the Lebanese armed forces taking action to disarm the Hezbollah group. This discussion aims to mitigate regional tensions.","Israel expressed willingness to reduce its military footprint in southern Lebanon, contingent on action by the Lebanese armed forces to disarm the Hezbollah group.","Benjamin Netanyahu and Tom Barrack CONSULT Lebanese armed forces","COOPERATION","CONSULT","0.2","Benjamin Netanyahu; Tom Barrack","Benjamin Netanyahu; Tom Barrack","Israel (83); USA (185)","Lebanese armed forces","Lebanese army","Lebanon (95)","Hezbollah","Hezbollah","Lebanon (95)","southern Lebanon","","Lebanon (95)","1",""
"c58af5b75b10","2025-08-24","Israel signaled a potential reduction of its military presence in southern Lebanon contingent upon the Lebanese Armed Forces taking action to disarm the Shiite militant group Hezbollah. This announcement followed a meeting between Israeli Prime Minister Benjamin Netanyahu and US envoy Tom Barrack, who is involved in efforts to disarm Hezbollah and facilitate the withdrawal of Israeli forces.","""If the Lebanese Armed Forces take the necessary steps to implement the disarmament of Hezbollah, Israel will engage in reciprocal measures, including a phased reduction"" by the Israeli military, the Israeli prime minister's office said.","Israel AGREE Lebanese Armed Forces","COOPERATION","AGREE","0.5","Israel","Israel","Israel (83)","Lebanese Armed Forces","Lebanese army","Lebanon (95)","Hezbollah; Benjamin Netanyahu; Tom Barrack","Hezbollah; Benjamin Netanyahu; Tom Barrack","Lebanon (95); Israel (83); USA (185)","southern Lebanon","","Lebanon (95)","1",""
"5cdee227c547","2025-08-15","Israeli warplanes launched several airstrikes on the northern outskirts of Kfar Tibnit and Nabatieh in southern Lebanon, violating a ceasefire that had been in place since late 2024. The airstrikes involved the use of multiple air-to-surface missiles, resulting in loud explosions and visible smoke across nearby towns.","ISTANBUL Israeli warplanes launched several airstrikes Friday evening on the northern outskirts of Kfar Tibnit and Nabatieh in southern Lebanon, in a new breach of a ceasefire in place since late 2024, Lebanese media said.","Israeli warplanes ASSAULT Lebanese civilians","CONFLICT","ASSAULT","-0.9","Israeli warplanes","Israeli warplanes","Israel (83)","Lebanese civilians","Lebanese civilians","Lebanon (95)","","","","Kfar Tibnit; Nabatieh; Northern outskirts of Kfar Tibnit; Southern Lebanon","","Lebanon (95); Lebanon (95); Lebanon (95); Lebanon (95)","1",""
"24d6eef98115","2025-08-14","Israeli forces conducted airstrikes on Hezbollah positions in Aitaroun village, southern Lebanon, resulting in two injuries. The strikes were aimed at Hezbollah underground tunnels, with the intended target reportedly being a municipal police officer.","Two people were injured Thursday night during a series of Israeli airstrikes on Hezbollah positions in southern Lebanon, according to Lebanese official media and security sources.","Israeli forces ASSAULT Hezbollah and a municipal police officer in Aitarout village, southern Lebanon.","CONFLICT","ASSAULT","-0.9","Israeli forces","Israeli military","Israel (83)","Hezbollah; Hezbollah underground tunnels; Municipal police officer","Hezbollah; Hezbollah underground tunnels; Municipal police officer","Lebanon (95); Lebanon (95); Lebanon (95)","","","","Aitaroun village, southern Lebanon","","Lebanon (95)","1",""
"e2cdb8bc751c","2025-08-14","Israeli drones dropped warning leaflets over the southern Lebanese town of Shebaa, advising residents to avoid designated areas near the border. This action was part of ongoing military operations amid heightened tensions in the region.","Israeli drones on Thursday dropped warning leaflets over the southern Lebanese town of Shebaa, cautioning residents to stay away from designated areas near the border, local media said.","Israeli military COERCE residents of Shebaa","CONFLICT","COERCE","-0.6","Israeli military","Israeli military","Israel (83)","Residents of Shebaa","Residents of Shebaa","Lebanon (95)","","","","Shebaa","","Lebanon (95)","1",""
"da219b054a02","2025-08-13","The Israeli military conducted an airstrike using a drone that targeted a car in the town of Haddatha, located in the Nabatieh Governorate of Lebanon, resulting in the death of one individual. This attack was part of ongoing military actions by Israel against Lebanon.","The Lebanese Ministry of Public Health said on Wednesday that one person was killed in the Israeli attack that targeted a car in the town of Haddatha in Nabatieh Governorate.","Israeli military ASSAULT Lebanese civilian","CONFLICT","ASSAULT","-0.9","Israeli military","Israeli military","Israel (83)","Lebanese civilian","Lebanese civilians","Lebanon (95)","","","","Haddatha; Nabatieh Governorate","","Lebanon (95); Lebanon (95)","1",""
"83f9b412bead","2025-08-13","An Israeli drone strike targeted a motorcycle in the town of Zibqin, located in Lebanon’s South Governorate, injuring two individuals. This incident occurred earlier on the same day as the attack in Haddatha.","Earlier on Wednesday, the health ministry announced that two people were injured in an Israeli drone strike on a motorcycle in the town of Zibqin in Lebanon’s South Governorate.","Israeli drone strike ASSAULT Motorist in Zibqin and two individuals injured in Zibqin","CONFLICT","ASSAULT","-0.9","Israeli drone strike","Israeli drone strike","Israel (83)","Motorist in Zibqin; Two individuals injured in Zibqin","Motorist in Zibqin; Two individuals injured in Zibqin","Lebanon (95); Lebanon (95)","","","","Zibqin; Haddatha","","Lebanon (95); Lebanon (95)","1",""
"8d0e3bc19c93","2025-08-12","An Israeli drone strike occurred in Naqoura, southern Lebanon, resulting in two injuries, one of whom is in critical condition. This incident represents a breach of the existing ceasefire agreement between Israel and Hezbollah.","Two people were wounded in an Israeli drone strike in southern Lebanon on Tuesday, in a new breach of a ceasefire agreement, the Health Ministry said.","Israel ASSAULT Hezbollah","CONFLICT","ASSAULT","-0.9","Israel","Israel","Israel (83)","Hezbollah","Hezbollah","Lebanon (95)","","","","Naqoura","","Lebanon (95)","1",""
"d6ab66257acf","2025-08-09","An Israeli drone attack targeted a vehicle in southern Lebanon, resulting in the death of a Hezbollah member named Hadi Ali Khnafer. The strike occurred between the villages of Aitaroun and Ainata in the Bint Jbeil district, utilizing four missiles.","An Israeli drone attack targeted a vehicle in southern Lebanon on Saturday, killing one Hezbollah member, according to sources and reports.","Israeli military ASSAULTED Hezbollah member Hadi Ali Khansa","CONFLICT","ASSAULT","-0.9","Israeli military","Israeli military","Israel (83)","Hizbollah member Hadi Ali Khansa","Hizbollah member Hadi Ali Khansa","Lebanon (95)","","","","southern Lebanon; Aitaroun; Ainata; Bint Jbeil district","","Lebanon (95); Lebanon (95); Lebanon (95); Lebanon (95)","1",""
"96615912dd67","2025-08-09","An Israeli drone strike targeted a vehicle in southern Lebanon, resulting in the death of Hadi Ali Khnafer, a member of Hezbollah. The strike occurred between the villages of Aitaroun and Ainata in the Bint Jbeil district, despite an existing ceasefire agreement between Hezbollah and Israel.","An Israeli drone strike on Saturday targeted a vehicle in southern Lebanon, resulting in the death of one Hezbollah member, according to multiple sources and reports.","Israel ASSAULT Hadi Ali Khansa and Hezbollah","CONFLICT","ASSAULT","-0.9","Israel","Israel","Israel (83)","Hadi Ali Khansa; Hezbollah","Hadi Ali Khansa; Hezbollah","Lebanon (95); Lebanon (95)","","","","southern Lebanon; Aitaroun; Ainata; Bint Jbeil district","","Lebanon (95); Lebanon (95); Lebanon (95); Lebanon (95)","1",""
"3aae04121e26","2025-08-08","An Israeli airstrike targeted Zahrani Road in the Nabatieh District of southern Lebanon, resulting in the death of one person. This action is part of ongoing military operations in the region.","One person was killed on Friday in an Israeli airstrike on an area in southern Lebanon.","Israeli airstrike ASSAULT Zahrani Road in the Nabatieh District, southern Lebanon, resulting in civilian casualties.","CONFLICT","ASSAULT","-0.9","Israeli airstrike","Israeli airstrike","Israel (83)","Zahrani Road in the Nabatieh District; Civilians in the region","Zahrani Road in the Nabatieh District; Civilians in the area","Lebanon (95); Lebanon (95)","","","","Nabatieh District, southern Lebanon","","Lebanon (95)","1",""
"cb601b6ea8b2","2025-08-07","An Israeli airstrike targeted a vehicle on Masnaa Road in eastern Lebanon, resulting in at least five fatalities and ten injuries. This attack occurred despite a ceasefire established in November during the ongoing conflict with the militant group Hezbollah.","The Israeli strike on Masnaa Road resulted in a preliminary toll of five deaths and ten injuries,” the Lebanese health ministry said in a statement.","Israeli airstrike ASSAULTED a vehicle on Masnaa Road in eastern Lebanon.","CONFLICT","ASSAULT","-0.9","Israeli airstrike","Israeli airstrike","Israel (83)","Vehicle on Masnaa Road","Vehicle on Masnaa Road","Lebanon (95)","Hezbollah","Hezbollah","Lebanon (95)","Masnaa Road; Eastern Lebanon","","Lebanon (95); Lebanon (95)","1",""
"a40598946006","2025-08-04","Israeli fighter jets conducted an airstrike in the town of Khiam, located in the Marjayoun district of southern Lebanon, injuring two individuals. This action is reported as a violation of the existing ceasefire agreement.","Two people were injured in an Israeli strike in southern Lebanon on Monday, in the latest violation of a fragile ceasefire agreement, the Health Ministry said.","Israeli fighter jets ASSAULT two individuals in Khiam","CONFLICT","ASSAULT","-0.9","Israeli fighter jets","Israeli fighter jets","Israel (83)","Two individuals in Khiam","Two individuals in Khiam","Lebanon (95)","","","","Khiam; Marjayoun district","","Lebanon (95); Lebanon (95)","1",""
"416a1c4bdd7b","2025-07-31","The Israeli military conducted a series of airstrikes across multiple regions in Lebanon, including the Bekaa Valley and Baalbek region, on July 31, 2025. This operation was described by Israel's Defence Minister Yoav Gallant as a response to threats posed by Hezbollah, targeting sites associated with the production of precision missiles.","The Israeli military carried out a series of airstrikes across multiple regions in Lebanon on Thursday, marking another breach of the fragile November ceasefire with Hezbollah, according to a report by ANI.","Israeli military ASSAULT Hezbollah and sites associated with the production of precision missiles in Lebanon","CONFLICT","ASSAULT","-0.9","Israeli military","Israeli military","Israel (83)","Hezbollah; Sites associated with the production of precision missiles","Hezbollah; Sites associated with the production of precision missiles","Lebanon (95); Lebanon (95)","","","","Bekaa Valley; Baalbeck; Multiple regions in Lebanon","","Lebanon (95); Lebanon (95); Lebanon (95)","2",""
"c47bb02e72fa","2025-07-26","An Israeli drone strike occurred in the Tyre district of southern Lebanon, resulting in one fatality. The strike targeted a vehicle on Al-Tuwairi road, amidst ongoing tensions between Israel and Hezbollah following the outbreak of full-scale conflict in September 2024.","An Israeli drone strike on Saturday resulted in one fatality in the Tyre district of southern Lebanon, the Lebanese National News Agency (NNA) reported.","Israel ASSAULT Hezbollah","CONFLICT","ASSAULT","-0.9","Israel","Israel","Israel (83)","Hezbollah","Hezbollah","Lebanon (95)","","","","Tyre district, southern Lebanon; Al-Touwaysi road","","Lebanon (95); Lebanon (95)","1",""
"52b793505911","2025-07-21","An Israeli drone strike targeted a motorcycle in the town of At-Tiri, located in the Bint Jbeil district of southern Lebanon, resulting in the death of a Lebanese man. This incident is reported as a violation of the ceasefire agreement between Israel and Hezbollah.","An Israeli drone strike killed a Lebanese man on Monday evening, in the latest violation of a ceasefire agreement, the Health Ministry said.","Israeli drone strike ASSAULT Lebanese man","CONFLICT","ASSAULT","-0.9","Israeli drone strike","Israeli drone strike","Israel (83)","Lebanese man","Lebanese man","Lebanon (95)","Hezbollah","Hezbollah","Lebanon (95)","At-Tiri; Bint Jbeir","","Lebanon (95); Lebanon (95)","1",""
"1ae7047e5b74","2025-07-19","The Israeli military conducted airstrikes in southern Lebanon, resulting in the deaths of two Hezbollah militants, Ahmad Muhammad Salah and Mohammad Abdullah Al-Hadi. Salah was killed in an attack on the Yohmor outpost, where he was involved in rebuilding Hezbollah's military infrastructure, while Al-Hadi was killed in a strike on Al-Khiam. These actions occurred despite a ceasefire agreement established on November 27, 2024.","The Israeli military announced on Saturday that it had eliminated Ahmad Muhammad Salah, the commander of Hezbollah’s Yohmor outpost in southern Lebanon. According to the statement, Salah was actively involved in rebuilding Hezbollah’s military infrastructure in the Yohmor area.","Israeli military ASSAULT Hezbollah militants Ahmad Muhammad Salah and Mohammad Abdullah Al-Hadi","CONFLICT","ASSAULT","-0.9","Israeli military","Israeli military","Israel (83)","Hezbollah militants; Ahmad Muhammad Salah; Mohammad Abdullah Al-Hadi","Hezbollah; Ahmad Muhammad Salah; Mohammad Abdullah Al-Hadi","Lebanon (95); Lebanon (95); Lebanon (95)","","","","southern Lebanon; Yohour outpost; Al-Khiam","","Lebanon (95); Lebanon (95); Lebanon (95)","1",""
"da4a71f54360","2025-07-17","Israeli forces conducted airstrikes in southern Lebanon, resulting in the deaths of two individuals and injuries to two others. The strikes included an attack by an Israeli drone on a truck in Naqoura and another strike on a vehicle on the Toul-Kfour highway in Nabatieh. These actions are reported as violations of a ceasefire agreement.","Two people were killed and two others injured in fresh Israeli strikes in southern Lebanon on Thursday, in the latest violation of a ceasefire agreement, the Health Ministry said.","Israeli forces ASSAULT Civilians in southern Lebanon","CONFLICT","ASSAULT","-0.9","Israeli forces","Israeli military","Israel (83)","Civilians in southern Lebanon","Civilians in southern Lebanon","Lebanon (95)","","","","southern Lebanon; Naqoura; Toul-Kfour highway in Nabatieh","","Lebanon (95); Lebanon (95); Lebanon (95)","1",""
"db2a02dd9e03","2025-07-15","Israeli air strikes targeted military compounds in the Wadi Faara area of Lebanon's eastern Bekaa Valley, resulting in the deaths of at least 12 individuals, including seven Syrian nationals and three Lebanese. The strikes were aimed at facilities used by Hezbollah's elite Radwan Force, as part of ongoing Israeli operations to prevent the group's reconstitution following a ceasefire.","According to Baalbek-Hermel Governor Bachir Khodr, seven Syrian nationals, including a family of five — and three Lebanese were killed when Israeli jets targeted the Wadi Faara area.","Israel ASSAULT Hezbollah's Radwan Force, Syrian nationals, and Lebanese civilians","CONFLICT","ASSAULT","-0.9","Israel","Israel","Israel (83)","Hezbollah's Radwan Force; Syrian nationals; Lebanese civilians","Hezbollah Radwan Force; Syrian people; Lebanese civilians","Lebanon (95); Syria (169); Lebanon (95)","","","","Wadi Faara, BekaaLi","","Lebanon (95)","1",""
"6d76f9ee967f","2025-07-11","A drone attack by the Israeli regime targeted a vehicle in Al-Nabatiyah, Lebanon, resulting in the deaths of five individuals. This incident occurred despite an existing ceasefire between Israel and Lebanon, highlighting ongoing tensions and violations of Lebanese sovereignty.","Sources close to Lebanese Ministry of Health reportede that Zionist regime's drone attack on a vehicle in Lebanon's southern city of Al-Nabatiyah 5 people were killed and one was killed.","Israeli regime ASSAULT Civilians in vehicle in Al-Nabatiyah, Lebanon","CONFLICT","ASSAULT","-0.9","Israeli regime","Israeli government","Israel (83)","Civilians in vehicle","Civilians in vehicle","Lebanon (95)","","","","Al-Nabatiyah","","Lebanon (95)","1",""
"cf862a65a867","2025-07-11","An air attack occurred in Namirieh town, Nabatieh district, south Lebanon, resulting in at least one fatality and five injuries, some of which are serious. The attack is reported to be part of ongoing Israeli violations of the ceasefire agreement with the Lebanese Hezbollah group.","At least one person was killed and five others injured, some seriously, in an air attack on Namirieh town, Nabatieh district, south Lebanon, on Friday.","Israel ASSAULT Lebanese Hezbollah group","CONFLICT","ASSAULT","-0.9","Israel","Israel","Israel (83)","Lebanese Hezbollah group","Hezbollah","Lebanon (95)","","","","Namiriyeh town, Nabatieh district","","Lebanon (95)","2",""
"def86f838419","2025-07-08","The Israeli military conducted a drone strike in Babliyeh, southern Lebanon, eliminating Hussein Ali Muzhir, a high-ranking operative of Hezbollah and the Head of Firepower of the Zahrani sector in Hezbollah's Badr Unit. The operation aimed to disrupt Muzhir's activities, which included orchestrating rocket assaults against Israeli territories.","The Israeli military announced on Wednesday that it had eliminated a high-ranking Hezbollah operative through a drone attack conducted in southern Lebanon.","Israeli military ASSAULT Rami Hussein Ali Muzher","CONFLICT","ASSAULT","-0.9","Israeli military","Israeli military","Israel (83)","Rami Hussein Ali Muzhir","Rami Hussein Ali Muzhir","Lebanon (95)","Hezbollah","Hezbollah","Lebanon (95)","Baalbekhiyah, southern Lebanon","","Lebanon (95)","1",""
"0df73a060c22","2025-07-08","An Israeli drone strike targeted a vehicle in the Al-Ayrouniyeh area near Tripoli, Lebanon, resulting in the deaths of at least two individuals and injuries to three others. The primary target of the strike was identified as a Hamas operative, as confirmed by the Israeli military.","The Israeli military confirmed the attack, stating: 'A short while ago, the IDF struck a key Hamas terrorist in the area of Tripoli in Lebanon.'","Israeli military ASSAULT Hamas operative and civilians in a vehicle","CONFLICT","ASSAULT","-0.9","Israeli military","Israeli military","Israel (83)","Hamas operative; Civilians in the vehicle","Hamas operative; Civilians in vehicle","Palestine (195); Lebanon (95)","","","","Al-Ayousiyeah area near Tripoli","","Lebanon (95)","1",""
"8ae2c04d9a00","2025-07-05","Israeli drones conducted four military strikes on southern Lebanese towns, resulting in one death and several injuries. The strikes are part of ongoing aggressive actions against Lebanon, which have been criticized for violating the country's sovereignty and targeting its economic stability.","On Saturday, Israeli drones carried out four strikes on southern Lebanese towns, killing one person and wounding several others.","Israeli drones ASSAULT Lebanon","CONFLICT","ASSAULT","-0.9","Israeli drones","Israeli drone","Israel (83)","Lebanon","Lebanon","Lebanon (95)","","","","southern Lebanese towns","","Lebanon (95)","1",""
"43913374ef6d","2025-07-05","The Israeli military conducted a drone attack in southern Lebanon, resulting in one injury. This incident marks the fourth airstrike by Israel on the same day, with a previous attack targeting a vehicle in the Bint Jbeil district. The Israeli army also claimed responsibility for the killing of a Hezbollah member in the region, despite an existing ceasefire.","The Lebanese Ministry of Health announced that one person was injured following an Israeli drone attack on the south of the country. That was the fourth airstrike carried out by the regime on Saturday.","Israeli military ASSAULT Hezbollah","CONFLICT","ASSAULT","-0.9","Israeli military","Israeli military","Israel (83)","Hezbollah","Hezbollah","Lebanon (95)","","","","southern Lebanon; Bint Jbeil district","","Lebanon (95); Lebanon (95)","1",""
"e2872f0d9903","2025-07-03","An Israeli airstrike targeted a vehicle in the Khalde area, south of Beirut, Lebanon, resulting in one death and three injuries. The Israeli army stated that the strike aimed at an individual involved in smuggling weapons and plotting against Israeli interests on behalf of Iran’s Islamic Revolutionary Guard Corps’ Quds Force, marking a violation of the existing ceasefire agreement.","One person was killed and three others were injured in an Israeli airstrike in southern Lebanon on Thursday, in the latest violation of a ceasefire agreement, the Health Ministry said.","Israeli air force ASSAULTED a vehicle and an individual smuggling weapons in Khalde area, south of Beirut, Lebanon, on behalf of Iran's Islamic Revolutionary Guard Corps's Quds Force.","CONFLICT","ASSAULT","-0.9","Israeli air force","Israeli Air Force","Israel (83)","Vehicle in Khalde area; Individual smuggling weapons and plotting against Israeli interests","Vehicle in Khalde area; Individual smuggling weapons and plotting against Israeli interests","Lebanon (95)","Iran's Islamic Revolutionary Guard Corps's Quds Force","Iran's Islamic Revolutionary Guard Corps's Quds Force","Iran (80)","Khalde area, south of Beirut","","Lebanon (95)","1",""
"0db45023409a","2025-07-03","An Israeli drone strike targeted a vehicle on the Khalde highway at the southern entrance of Beirut, Lebanon, resulting in the death of the driver, Qassem al-Husseini, and injuries to three others. The Israeli Army claimed responsibility for the attack, stating it was aimed at a 'terrorist' associated with Iran's Quds Force involved in weapons smuggling.","The Israeli Army claimed responsibility for the attack, saying that it targeted a 'terrorist' working for Iran's Quds Force and involved in smuggling weapons.","Israeli Army ASSAULTED Qassem al-Husseini and three other civilians","CONFLICT","ASSAULT","-0.9","Israeli Army","Israeli military","Israel (83)","Qassem al-Husseini; Three other civilians","Qassem Salah Al-Husseini; Three other civilians","Lebanon (95); Lebanon (95)","Iran's Quds Force","Irans Quds Force","Iran (80)","Khalde highway, southern entrance of Beirut","","Lebanon (95)","1",""
"9ca1e27ee13c","2025-07-03","The Israel Defense Forces (IDF) and Shin Bet killed Qassem Salah Al-Husseini, a Lebanese terrorist, in Kfarkela, southern Lebanon, using an airstrike. Al-Husseini was involved in weapons smuggling from Iran through Syria and was linked to terrorist plots against Israeli civilians and IDF troops.","The IDF and Shin Bet killed terrorist Qassem Salah Al-Husseini in the area of Kfarkela in southern Lebanon on Thursday, the two security agencies announced Friday.","Israel Defense Forces and Shin Bet ASSAULT Qassem Salah Al-Husseini","CONFLICT","ASSAULT","-0.9","Israel Defense Forces; Shin Bet","Israeli military; Shin Bet","Israel (83); Israel (83)","Qassem Salah Al-Husseini","Qassem Salah Al-Husseini","Lebanon (95)","Iran; Syria; Lebanese civilians","Iran; Syria; Lebanese civilians","Iran (80); Syria (169); Lebanon (95)","Kfarkala","","Lebanon (95)","1",""
"204a8aabd2f8","2025-06-30","Israeli Foreign Minister Gideon Saar announced Israel's interest in establishing formal diplomatic relations with Syria and Lebanon during a press conference in Jerusalem. He emphasized that the status of the Golan Heights is non-negotiable and stated that Israel aims to add these neighboring countries to the circle of peace and normalization while safeguarding its security interests.","We have an interest in adding countries such as Syria and Lebanon, our neighbours, to the circle of peace and normalisation, while safeguarding Israel’s essential and security interests.","Israel AGREE Syria and Lebanon","COOPERATION","AGREE","0.5","Israel","Israel","Israel (83)","Syria; Lebanon","Syria; Lebanon","Syria (169); Lebanon (95)","","","","Jerusalem","","Israel (83)","5",""
"30e47d832800","2025-06-28","The Israeli military conducted drone strikes in southern Lebanon, targeting a car in Kunin and a motorcycle in Mahrouna, resulting in the deaths of three individuals, including a woman, and injuries to others. The strikes aimed to eliminate Hezbollah operatives responsible for attacks on Israeli territory, despite a ceasefire being in effect.","Israeli strikes killed three people in southern Lebanon later on Saturday despite a ceasefire in force there, authorities said, with Iran-backed Hezbollah suggesting its patience for the 'ongoing aggression' was wearing thin.","Israeli military ASSAULT Hezbollah operatives and civilians in southern Lebanon","CONFLICT","ASSAULT","-0.9","Israeli military","Israeli military","Israel (83)","Hezbollah operatives; Civilians in southern Lebanon","Hezbollah; Civilians in southern Lebanon","Lebanon (95); Lebanon (95)","","","","southern Lebanon; Koura; Mahbouona","","Lebanon (95); Lebanon (95); Lebanon (95)","2",""
"3cee2b6669db","2025-06-28","An Israeli drone strike targeted a car in Kunin, southern Lebanon, resulting in the death of one individual. This attack occurred despite an existing ceasefire between Israel and Hezbollah, indicating ongoing tensions in the region.","An Israeli strike on southern Lebanon killed one person on Saturday, the Lebanese health ministry said, the latest attack despite a ceasefire between Israel and Iran-backed Hezbollah.","Israeli drone strike ASSAULTED a car and individual in Kfarh, Lebanon.","CONFLICT","ASSAULT","-0.9","Israeli drone strike","Israeli drone strike","Israel (83)","Car in Kfarh; Individual in Kfarh","Car in Kfarh; Individual in Kfarh","Lebanon (95); Lebanon (95)","Hezbollah","Hezbollah","Lebanon (95)","Kfarh","","Lebanon (95)","1",""
"7f98b8fad5c7","2025-06-27","An Israeli airstrike targeted Hezbollah military sites in southern Lebanon, specifically in the city of Nabatieh, resulting in the death of a woman and injuries to 20 others. This action is part of Israel's ongoing efforts to prevent Hezbollah from rebuilding its military infrastructure despite a ceasefire in effect since November.","An Israeli airstrike on southern Lebanon killed a woman and injured 20 others on Friday, in a series of attacks that Israel said targeted Hezbollah military sites amid what it described as attempts to rebuild them.","Israel ASSAULT Hezbollah","CONFLICT","ASSAULT","-0.9","Israel","Israel","Israel (83)","Hezbollah","Hezbollah","Lebanon (95)","","","","Southern Lebanon; Nabatieh","","Lebanon (95); Lebanon (95)","1",""
"652c706b0070","2025-06-27","Israeli airstrikes targeted areas in and around Nabatiyeh, southern Lebanon, resulting in the death of one woman and injuries to at least 20 others. The strikes were aimed at locations where Israel claims Hezbollah operates key infrastructure, with the most severe attack hitting an apartment building.","A woman was killed and 20 others wounded on Friday in Israeli airstrikes across southern Lebanon, according to the Lebanese health ministry.","Israeli airstrikes ASSAULT civilians in and around Nabatiyah","CONFLICT","ASSAULT","-0.9","Israeli airstrikes","Israeli airstrike","Israel (83)","Civilians in and around Nabatiyah","Civilians in Nabatieh","Lebanon (95)","Hezbollah","Hezbollah","Lebanon (95)","Nabatiyah; Southern Lebanon","","Lebanon (95); Lebanon (95)","1",""
"47cf9b9f7557","2025-06-27","The Israeli Air Force conducted a series of heavy airstrikes on mountainous terrain overlooking Nabatiyeh, Lebanon, targeting underground infrastructure belonging to the militant group Hezbollah. This operation involved the use of bunker-buster bombs and aimed to neutralize a site used by Hezbollah for managing its fire and air defense systems, which the Israeli military claimed was part of a significant underground project.","Israel's air force conducted a series of heavy airstrikes early Friday on mountainous terrain overlooking the southern Lebanese city of Nabatiyeh, in what the Israeli military described as an operation against underground infrastructure belonging to the militant Hezbollah group.","Israeli Air Force ASSAULT Hezbollah","CONFLICT","ASSAULT","-0.9","Israeli Air Force","Israeli Air Force","Israel (83)","Hezbollah","Hezbollah","Lebanon (95)","","","","Nabatiyah, Lebanon","","Lebanon (95)","2",""
"5682ef11336a","2025-06-27","On June 27, 2025, the Israeli Air Force conducted large-scale airstrikes in South Lebanon, targeting locations associated with Hizbullah, including the hills of Nabatiah al-Fauka, Ikalim al-Tufah, and a hiding site in the Mount Shukef area. The operation aimed to disrupt Hizbullah's infrastructure and activities.","The Israeli army has said that it had carried out these attacks to stop the activities of Hizbullah.","Israeli Air Force ASSAULT Hizballullah","CONFLICT","ASSAULT","-0.9","Israeli Air Force","Israeli Air Force","Israel (83)","Hizballullah","Hizballullah","Lebanon (95)","","","","South Lebanon; Nabatiah al-Fauka; Ikrit al-Tufah; Mount Shukif area","","Lebanon (95); Lebanon (95); Lebanon (95); Lebanon (95)","1",""
"761b006cdfc8","2025-06-22","Following the Iranian missile attack, the Israeli Air Force conducted raids on Hezbollah targets in southern Lebanon, as part of a retaliatory response to the earlier assault.","Hours after the Iranian attack, the Israeli Air Force launched raids on Hezbollah targets in southern Lebanon.","Israeli Air Force ASSAULT Hezbollah","CONFLICT","ASSAULT","-0.9","Israeli Air Force","Israeli Air Force","Israel (83)","Hezbollah","Hezbollah","Lebanon (95)","","","","southern Lebanon","","Lebanon (95)","1",""
"2e9c1d3ebeef","2025-06-20","The Israeli Navy struck a Hezbollah 'Radwan Force' infrastructure site near Naqoura, Lebanon, as part of military operations aimed at preventing Hezbollah from advancing terror attacks against Israeli civilians. This action occurred a day after Israel's foreign minister issued a warning to Hezbollah regarding their involvement in the Iran-Israel conflict.","""Overnight, an Israeli Navy vessel struck a Hezbollah 'Radwan Force' terrorist infrastructure site in the area of Naqoura in southern Lebanon,"" the military said in a statement.","Israeli Navy ASSAULT Hezbollah Radwan Force","CONFLICT","ASSAULT","-0.9","Israeli Navy","Israeli Navy","Israel (83)","Hezbollah Radwan Force","Hezbollah Radwan Force","Lebanon (95)","Israel","Israel","Israel (83)","Naqoura","","Lebanon (95)","5",""
"d7a268d00405","2025-06-20","Israeli Defense Minister Israel Katz issued a warning to Hezbollah, urging the group to refrain from involvement in Israel's conflict with Iran. This statement followed Hezbollah's condemnation of Israeli airstrikes on Iran, emphasizing Israel's diminishing patience with threats from terrorist groups.","I suggest that the Lebanese proxy be careful, and understand that Israel has lost patience with the terrorists who threaten it.","Israel Katz REQUEST Hezbollah","CONFLICT","REQUEST","-0.2","Israel Katz","Israel Katz","Israel (83)","Hezbollah","Hezbollah","Lebanon (95)","Iran","Iran","Iran (80)","Israel","","Israel (83)","1",""
"0f0eff8d11ff","2025-06-20","Israeli fighter jets conducted airstrikes on military sites in southern Lebanon, targeting locations associated with the group Hezbollah. This action violated a months-long ceasefire that had been in place since November, which aimed to halt cross-border hostilities between Israel and Hezbollah.","The Israeli army struck military sites containing rocket and missile launchers and weapons storage facilities in southern Lebanon using fighter jets.","Israeli fighter jets ASSAULT Hezbollah","CONFLICT","ASSAULT","-0.9","Israeli fighter jets","Israeli fighter jets","Israel (83)","Hezbollah","Hezbollah","Lebanon (95)","","","","Southern Lebanon","","Lebanon (95)","1",""
"ed394576b72d","2025-06-19","Israeli drone strikes in southern Lebanon resulted in the deaths of three individuals, with one person killed in Houla and two others in Kfarjouz. The strikes were reported to be targeting Hezbollah commander Mohammad Ahmad Khreiss, despite a ceasefire agreement between Israel and Lebanon.","Three people were killed in Israeli drone strikes in southern Lebanon on Thursday, in the latest violation of a ceasefire agreement, the Health Ministry said.","Israeli military ASSAULT Hezbollah commander Mohammad Ahmad Khreiss and civilians in Hououla and Kfarjououz","CONFLICT","ASSAULT","-0.9","Israeli military","Israeli military","Israel (83)","Hezbollah commander Mohammad Ahmad Khreiss; Civilians in Houula; Civilians in Kfarjououz","Hezbollah commander Mohammad Ahmad Khreiss; Civilians in Houula; Civilians in Kfarjououz","Lebanon (95); Lebanon (95); Lebanon (95)","","","","southern Lebanon; Houula; Kfarjououz","","Lebanon (95); Lebanon (95); Lebanon (95)","1",""
"4ff8bb571fdd","2025-06-06","Israel conducted bombardments in the southern suburbs of Beirut, resulting in several injuries from flying glass and significant destruction of property. A preliminary assessment by Hezbollah indicated that nine buildings were completely destroyed and many others were damaged, prompting residents to flee their homes.","Health Minister Rakan Nassereldine said several people were wounded by flying glass during Israel’s latest bombardment of Beirut’s southern suburbs.","Israel ASSAULT Residents of southern Beirut","CONFLICT","ASSAULT","-0.9","Israel","Israel","Israel (83)","Residents of southern Beirut","Residents of southern Lebanon","Lebanon (95)","Hezbollah","Hezbollah","Lebanon (95)","Southern suburbs of Beirut","","Lebanon (95)","1",""
"d42dfb0f9c03","2025-06-05","The Israeli military conducted airstrikes targeting Beirut's southern suburbs in Lebanon, which were described by Iran's foreign ministry spokesman as a blatant act of aggression against Lebanon's territorial integrity and sovereignty. This attack occurred shortly after the Israeli army issued a forced evacuation order to residents in southern Lebanon, marking the fourth bombing of Beirut since a ceasefire with Hezbollah was established in November 2024.","A series of Israeli strikes targeted Beirut’s southern suburbs on the eve of the Muslim Eid al-Adha holiday, almost an hour after the Israeli army issued a forced evacuation order to residents in areas in south Lebanon, Al Jazeera reported.","Israeli military ASSAULT Lebanon","CONFLICT","ASSAULT","-0.9","Israeli military","Israeli military","Israel (83)","Lebanon","Lebanon","Lebanon (95)","Hezbollah","Hezbollah","Lebanon (95)","Beirut's southern suburbs; southern Lebanon","","Lebanon (95); Lebanon (95)","12",""
"24b99cdaa06d","2025-05-31","An Israeli airstrike targeted a vehicle in Deir El-Zahrani, Lebanon, resulting in the death of a Lebanese man. This incident marks a breach of the ceasefire agreement between Israel and Hezbollah, which has been violated nearly 3,000 times since its inception.","A Lebanese man was killed on Saturday in an Israeli airstrike targeting a vehicle in the southern town of Deir El-Zahrani, Lebanon’s Health Ministry confirmed, marking another breach of the fragile ceasefire agreement between Israel and Hezbollah.","Israeli airstrike ASSAULT Lebanese man","CONFLICT","ASSAULT","-0.9","Israeli airstrike","Israeli airstrike","Israel (83)","Lebanese man","Lebanese man","Lebanon (95)","Israel; Hezbollah","Israel; Hezbollah","Israel (83); Lebanon (95)","Deir El-Zahrani","","Lebanon (95)","1",""
"0e23d49eb8cf","2025-05-31","Israeli occupation forces conducted a drone attack in Arnoun, South Lebanon, targeting a motorcycle, which resulted in the death of one Lebanese citizen. This incident is part of ongoing violations of Lebanese sovereignty and ceasefire agreements.","Israeli drone attack on a motorcycle in Arnoun town, South Lebanon, left one martyr, according to the ministry.","Israeli occupation forces ASSAULT Lebanese citizen","CONFLICT","ASSAULT","-0.9","Israeli occupation forces","Israeli occupation forces","Israel (83)","Lebanese citizen","Lebanese civilians","Lebanon (95)","","","","Arnoun","","South Lebanon","1",""
"2f9ad1c0103c","2025-05-21","Earlier on the same day, the Israeli military confirmed the killing of Hussein Nazih Barji, a Hezbollah operative involved in the group’s weapons development program, through a drone strike while he was traveling in a vehicle in the Tyre area of southern Lebanon.","Earlier the same day, the Israeli military confirmed the killing of Hussein Nazih Barji, a Hezbollah operative linked to the group’s weapons development program.","Israeli military ASSAULT Rami Barji","CONFLICT","ASSAULT","-0.9","Israeli military","Israeli military","Israel (83)","Rami Barji","Rami Barji","Lebanon (95)","Hezbollah","Hezbollah","Lebanon (95)","Tyre area, southern Lebanon","","Lebanon (95)","1",""
"118913a74306","2025-05-21","The Israeli military conducted a drone strike in the Yater area of southern Lebanon, resulting in the death of Ali Hassan Abdel Latif Sweidan, a commander from Hezbollah’s elite Radwan force. The strike occurred while Sweidan was reportedly clearing rubble from his home.","The Israeli military announced on Wednesday that it carried out a drone strike in southern Lebanon, killing a commander from Hezbollah’s elite Radwan force.","Israeli military ASSAULT Ali Hassan Abdel Latif Sweikh and Hezbollah's Radwan Force","CONFLICT","ASSAULT","-0.9","Israeli military","Israeli military","Israel (83)","Ali Hassan Abdel Latif Sweikh; Hezbollah's Radwan Force","Ali Hassan Abdel Latif Sweikh; Hezbollah Radwan Force","Lebanon (95); Lebanon (95)","","","","Yater area, southern Lebanon","","Lebanon (95)","1",""
"789b60151f8a","2025-05-20","An Israeli drone strike in southern Lebanon injured nine civilians, including two children, when it hit a motorcycle on Mansouri-Majdal Zoun road in the Tyre district. This incident is reported as a violation of the existing ceasefire agreement.","Nine civilians, including two children, were injured in an Israeli drone strike in southern Lebanon on Tuesday, in the latest violation of a ceasefire agreement, the Health Ministry said.","Israeli military ASSAULT Lebanese civilians","CONFLICT","ASSAULT","-0.9","Israeli military","Israeli military","Israel (83)","Lebanese civilians","Lebanese civilians","Lebanon (95)","","","","southern Lebanon; Mansouri-Majdal Zahr road, Tyre district","","Lebanon (95); Lebanon (95)","1",""
"9703b154a503","2025-05-20","The Israeli military conducted airstrikes in southern Lebanon, targeting areas in Nabatieh and South Lebanon, which raised concerns about the upcoming municipal elections scheduled for May 24, 2025. The strikes were perceived as an attempt to disrupt voter turnout and heighten tensions among the local population.","A Lebanese ministerial source told Asharq Al-Awsat the latest escalation, particularly Tuesday’s shelling of towns beyond the immediate border area, appears to be 'an attempt by Israel to disrupt voter turnout by heightening tension and fear.'","Israeli military ASSAULT local population in Nabatieh and South Lebanon","CONFLICT","ASSAULT","-0.9","Israeli military","Israeli military","Israel (83)","Local population in Nabatieh and South Lebanon","Local population in Nabatieh and South Lebanon","Lebanon (95)","","","","southern Lebanon; Nabatieh; South Lebanon","","Lebanon (95); Lebanon (95); Lebanon (95)","1",""
"ec31394b92c1","2025-05-08","Israeli fighter jets conducted a series of airstrikes in southern Lebanon, specifically targeting a Hezbollah site near the city of Nabatieh. The operation involved at least 15 strikes, resulting in one death and eight injuries, as confirmed by Lebanon’s Health Ministry. The Israeli military stated that the facility was used for managing weapons systems and was part of a larger underground project by Hezbollah, which Israel accused of violating a ceasefire agreement.","Israeli fighter jets carried out a series of heavy airstrikes in southern Lebanon on Thursday, targeting a Hezbollah site near the city of Nabatieh, according to Lebanese security sources.","Israeli fighter jets ASSAULT Hezbollah","CONFLICT","ASSAULT","-0.9","Israeli fighter jets","Israeli fighter jets","Israel (83)","Hezbollah","Hezbollah","Lebanon (95)","","","","southern Lebanon; Nabatieh","","Lebanon (95); Lebanon (95)","1",""
"882193b37551","2025-05-06","An Israeli drone strike targeted a vehicle on Universities Road in Kfar Rumman district, Nabatieh Governorate, southern Lebanon, resulting in the death of one civilian and injuries to three others. This incident is noted as a violation of the ceasefire agreement between Israel and Lebanon.","An Israeli drone strike targeted a vehicle on a road in Kfar Rumman district in Nabatieh Governorate in southern Lebanon on Tuesday evening, killing one civilian and injuring three others, according to Lebanon’s Health Ministry, marking a new violation of a ceasefire agreement.","Israeli drone strike ASSAULT Civilians in vehicle","CONFLICT","ASSAULT","-0.9","Israeli drone strike","Israeli drone strike","Israel (83)","Civilians in vehicle","Civilians in vehicle","Lebanon (95)","Israel; Lebanon","Israel; Lebanon","Israel (83); Lebanon (95)","Universities Road, Kfar Rumman district, Nabatieh Governorate","","Lebanon (95)","1",""
"a5dbfe7b2492","2025-05-01","An Israeli drone strike targeted a vehicle in the southern town of Mais Al-Jabal, Lebanon, resulting in the deaths of one Lebanese national and two Syrian nationals. This incident occurred despite an existing fragile ceasefire between Hezbollah and Israel.","Lebanon’s health ministry said three people were killed in an Israeli drone strike on a vehicle in the country’s south on Thursday, despite a fragile ceasefire between Hezbollah and Israel.","Israeli drone strike ASSAULT Lebanese and Syrian civilians in Mais Al-Jabal, Lebanon","CONFLICT","ASSAULT","-0.9","Israeli drone strike","Israeli drone strike","Israel (83)","Lebanese national; Syrian nationals","Lebanese national; Syrian people","Lebanon (95); Syria (169)","Hezbollah","Hezbollah","Lebanon (95)","Mais Al-Jabal","","Lebanon (95)","1",""
"1a4d59dc1b86","2025-04-27","The Israeli military launched airstrikes on a Hezbollah stronghold in southern Beirut, Lebanon, targeting a site believed to contain precision-guided missiles. This action was part of Israel's ongoing efforts to prevent Hezbollah from strengthening its military capabilities.","The Israeli military launched strikes on a Hezbollah stronghold in southern Beirut Sunday, targeting what it said was a store of 'precision-guided missiles'.","Israeli military ASSAULT Hezbollah","CONFLICT","ASSAULT","-0.9","Israeli military","Israeli military","Israel (83)","Hezbollah","Hezbollah","Lebanon (95)","","","","southern Beirut; Beirut","","Lebanon (95); Lebanon (95)","1",""
"2900f27e663d","2025-04-27","An Israeli drone strike targeted the town of Halta in southern Lebanon, resulting in the death of one individual. This attack occurred despite a ceasefire established in November that ended hostilities between Israel and Hezbollah militants.","Lebanon’s health ministry said an Israeli drone strike Sunday on a border town killed one person, the latest attack despite a November ceasefire that ended a war between Israel and Hezbollah militants.","Israeli drone strike ASSAULT Civilians in Halhoul","CONFLICT","ASSAULT","-0.9","Israeli drone strike","Israeli drone strike","Israel (83)","Civilians in Halhoul","Civilians in Halhoul","Lebanon (95)","Hezbollah militants","Hezbollah","Lebanon (95)","Halti","","Lebanon (95)","1",""
"85d2a91b6be5","2025-04-27","Israel conducted an air strike on Beirut's southern suburbs, targeting a building allegedly used by Hezbollah for storing precision-guided missiles. This action was taken despite an existing ceasefire that had been in place for five months, which aimed to end hostilities between Israel and Hezbollah.","Israel carried out an air strike on Beirut's southern suburbs on Sunday, after ordering an evacuation of a building that it said was being used by the Iranian-backed group Hezbollah.","Israel ASSAULT Hezbollah","CONFLICT","ASSAULT","-0.9","Israel","Israel","Israel (83)","Hezbollah","Hezbollah","Lebanon (95)","","","","Beirut's southern suburbs","","Lebanon (95)","1",""
"31490aa994cd","2025-04-27","The Israeli army conducted an airstrike on a building in southern Beirut used for storing precision missiles belonging to Hezbollah. This action was taken as a response to the perceived threat these missiles posed to Israel, further testing the fragile ceasefire established between the two parties.","The Israeli army said on Sunday it struck a southern Beirut building being used to store precision missiles belonging to Hezbollah.","Israeli army ASSAULTED a building in southern Beirut used for storing precision missiles belonging to Hezbollah.","CONFLICT","ASSAULT","-0.9","Israeli army","Israeli military","Israel (83)","Building in southern Beirut used for storing precision missiles","Building in southern Beirut used for storing precision missiles","Lebanon (95)","Hezbollah","Hezbollah","Lebanon (95)","southern Beirut","","Lebanon (95)","1",""
"fe3566b0dba0","2025-04-27","Israel conducted airstrikes on the Lebanese capital of Beirut, escalating tensions despite an existing cease-fire agreement with Lebanon. The French government condemned these actions and called for Israel to withdraw its troops from five positions in southern Lebanon.","France on Wednesday condemned Israel's recent airstrikes on the Lebanese capital of Beirut, urging the Israeli government to withdraw its troops from five positions in southern Lebanon.","Israel ACCUSE Lebanon","CONFLICT","ACCUSE","-0.3","Israel","Israel","Israel (83)","Lebanon","Lebanon","Lebanon (95)","France","France","France (62)","Beirut; Southern Lebanon","","Lebanon (95); Lebanon (95)","1",""
"fb8dfee34d9c","2025-04-20","An Israeli airstrike targeted a vehicle in Kaoutariyet as-Siyad, located between the southern Lebanese cities of Sidon and Tyre, resulting in one fatality and one injury. This action was reported by the Lebanese ministry.","An “Israeli enemy strike on a vehicle in Kaoutariyet as-Siyad”, located inland between the southern cities of Sidon and Tyre, killed “one person and wounded another”, the ministry said in a statement, Al Jazeera reported.","Israeli airstrike ASSAULT Vehicle in Kaoutariyet as-Siyad","CONFLICT","ASSAULT","-0.9","Israeli airstrike","Israeli airstrike","Israel (83)","Vehicle in Kaoutariyet as-Siyad","Vehicle in Kaoutariyet as-Siyad","Lebanon (95)","","","","Kaoutariyet as-Siyad; Sidon; Tyre","","Lebanon (95); Lebanon (95); Lebanon (95)","1",""
"3c1fb67ae739","2025-04-20","An Israeli airstrike targeted a vehicle in Kaouthariyet al-Saiyad, Lebanon, resulting in the death of one individual and injuries to another. This incident occurred despite an existing ceasefire agreement between Israel and Hezbollah.","An 'Israeli enemy strike on a vehicle in Kaouthariyet al-Saiyad', located inland between the southern cities of Sidon and Tyre, killed 'one person and wounded another', the health ministry said in a statement.","Israeli airstrike ASSAULT vehicle occupants in Kaftariyeh al-Saiyad, Lebanon","CONFLICT","ASSAULT","-0.9","Israeli airstrike","Israeli airstrike","Israel (83)","Vehicle occupants","Vehicle occupants","Lebanon (95)","Hezbollah","Hezbollah","Lebanon (95)","Kaftariyeh al-Saiyad","","Lebanon (95)","1",""
"4f8ff80616e6","2025-04-17","An Israeli drone strike targeted a motorcycle in the southern Lebanese town of Aitaroun, resulting in the death of one individual. This action is reported as a violation of the existing ceasefire agreement between Israel and Lebanon.","An Israeli drone strike killed one person Thursday in the southern Lebanese town of Aitaroun, in the latest violation of a ceasefire agreement, authorities said.","Israeli drone strike ASSAULT Motorist in Aitaroun","CONFLICT","ASSAULT","-0.9","Israeli drone strike","Israeli drone strike","Israel (83)","Motorist in Aitaroun","Motorist in Aitaroun","Lebanon (95)","","","","Aitaroun","","Lebanon (95)","1",""
"1442367fd0ee","2025-04-10","Israeli jets conducted airstrikes on Beirut, Lebanon, which has been described as a violation of the ceasefire agreement. This action has drawn criticism from French President Emmanuel Macron, who has publicly attacked Israeli Prime Minister Benjamin Netanyahu regarding the military operations.","Macron's Fiery Attack On Netanyahu As Israeli Jets Rain Bombs On Beirut; 'Violation Of Ceasefire'","Israeli jets ACCUSE Lebanon","CONFLICT","ACCUSE","-0.3","Israeli jets","Israeli fighter jets","Israel (83)","Lebanon","Lebanon","Lebanon (95)","Emmanuel Macron; Benjamin Netanyahu","Emmanuel Macron; Benjamin Netanyahu","France (62); Israel (83)","Beirut","","Lebanon (95)","1",""
"366c5c4575bc","2025-04-06","The Israel Defence Forces (IDF) conducted an airstrike in southern Lebanon, targeting two Hezbollah operatives who were operating an engineering vehicle in the Zibqin area. The operation aimed to disrupt efforts to restore terrorist infrastructure amid a fragile ceasefire between Hezbollah and Israel.","The Israel Defence Forces said on April 6 that it carried out an airstrike in southern Lebanon targeting two Hezbollah operatives.","Israel Defense Forces ASSAULT Hezbollah operatives","CONFLICT","ASSAULT","-0.9","Israel Defense Forces","Israeli military","Israel (83)","Hezbollah operatives","Hezbollah","Lebanon (95)","","","","southern Lebanon; Zibqani area","","Lebanon (95); Lebanon (95)","1",""
"02ba54802ea5","2025-04-06","Israel conducted airstrikes on a suburb of Beirut, Lebanon, in response to rocket attacks from Hezbollah. This military action is part of the ongoing conflict involving multiple fronts against Israel, including Hamas and Houthis, amid escalating tensions in the region.","Israel Strikes Beirut Suburb After Rocket Attacks From Lebanon","Israel ASSAULT Lebanon","CONFLICT","ASSAULT","-0.9","Israel","Israel","Israel (83)","Lebanon","Lebanon","Lebanon (95)","Hezbollah; Hamas; Houthi","Hezbollah; Hamas; Houthis","Lebanon (95); Palestine (195); Yemen (191)","Beirut","","Lebanon (95)","1",""
"2ae6b70dbca4","2025-04-02","The Israeli military launched airstrikes on military airbases and infrastructure sites in the Syrian cities of Damascus, Hama, and Homs. The strikes targeted the military airport in Hama, the vicinity of the scientific research center in Barzeh, and the T4 airbase in Homs province, aiming to disrupt military capabilities linked to Iran and Hezbollah.","Israel launched airstrikes on military airbases and infrastructure sites in the Syrian cities of Damascus, Hama and Homs on Wednesday, the Israeli military said.","Israeli military ASSAULT Syrian military, Iranian military, and Hezbollah","CONFLICT","ASSAULT","-0.9","Israeli military","Israeli military","Israel (83)","Syrian military; Iranian military; Hezbollah","Syrian military; Iranian military; Hezbollah","Syria (169); Iran (80); Lebanon (95)","","","","Damascus; Hama; Homs; Barzeh; T4 airbase in Homs province","","Syria (169); Syria (169); Syria (169); Syria (169); Syria (169)","1",""
"53bf78546f89","2025-04-01","An Israeli airstrike in south Beirut, Lebanon, resulted in the deaths of four individuals, including Hassan Bdair, a Hezbollah official. The strike occurred at approximately 3:30 am during the Eid al-Fitr holiday, marking the second such attack during a fragile four-month ceasefire.","A Hezbollah official was among four people killed Tuesday in an Israeli strike on south Beirut, Israel and a Hezbollah source said, the second such raid during a fragile four-month ceasefire.","Israeli military ASSAULT Hezbollah and civilians in south Beirut, Lebanon, resulting in the deaths of four individuals including Hezbollah official Hassan Bdayer.","CONFLICT","ASSAULT","-0.9","Israeli military","Israeli military","Israel (83)","Hezbollah; Hassan Bdayer; Civilians in south Beirut","Hezbollah; Hassan Bdayer; Civilians in southern Lebanon","Lebanon (95); Lebanon (95); Lebanon (95)","","","","South Beirut","","Lebanon (95)","1",""
"92d2138f3418","2025-04-01","An Israeli airstrike targeted a Hezbollah official, Hassan Bdeir, in Beirut's southern suburbs, resulting in the deaths of four individuals, including Bdeir, and wounding seven others. The airstrike was conducted as part of Israel's efforts to thwart a planned terror attack against its civilians, further straining the ceasefire with Hezbollah.","An Israeli airstrike killed four people including a Hezbollah official in Beirut's southern suburbs on Tuesday, a Lebanese security source said, further testing a shaky ceasefire between Israel and Iran-backed Hezbollah.","Israeli airstrike ASSAULT Hezbollah and Hassan Bdeir","CONFLICT","ASSAULT","-0.9","Israeli airstrike","Israeli airstrike","Israel (83)","Hezbollah; Hassan Bdeir","Hezbollah; Hassan Bdeir","Lebanon (95); Lebanon (95)","","","","Beirut's southern suburbs","","Lebanon (95)","1",""
"de52465a19a2","2025-04-01","The Israeli Defence Force (IDF) conducted airstrikes in the southern suburb of Dahiyeh, Beirut, targeting a member of the Hezbollah militant group. This attack resulted in the deaths of three individuals and injuries to seven others, following warnings issued to residents about potential strikes after projectiles were launched from southern Lebanon.","THREE PEOPLE WERE killed and a further seven have been left injured in the wake of airstrikes on Beirut’s southern suburbs, the Israeli Defence Force (IDF) has confirmed.","Israeli Defense Force (IDF) ASSAULT Hezbollah militant group member","CONFLICT","ASSAULT","-0.9","Israeli Defense Force (IDF)","Israel Defense Forces (IDF)","Israel (83)","Hezbollah militant group member","Hezbollah","Lebanon (95)","","","","Southern suburb of Dahiyeh, Beirut; Southern Lebanon","","Lebanon (95); Lebanon (95)","1",""
"0f0b33ccac24","2025-04-01","The Israeli military conducted an airstrike in the southern suburbs of Beirut, Lebanon, targeting a member of the Hezbollah militant group. The attack resulted in the deaths of at least three individuals and wounded seven others, as stated by the Lebanese Health Ministry. The Israeli military claimed the strike was aimed at a Hezbollah member who was allegedly assisting the Palestinian Hamas group in attacks against Israel.","The Israeli military struck a building in Beirut's southern suburbs early Tuesday, killing at least three people, in an attack it said targeted a member of the Hezbollah militant group.","Israeli military ASSAULT Hezbollah militant group member","CONFLICT","ASSAULT","-0.9","Israeli military","Israeli military","Israel (83)","Hezbollah militant group member","Hezbollah","Lebanon (95)","Palestinian Hamas group","Hamas","Palestine (195)","Southern suburbs of Beirut","","Lebanon (95)","23",""
"2700e32427e2","2025-04-01","An Israeli airstrike targeted the southern Beirut suburb of Dahiyeh, killing four individuals, including Hassan Ali Badir, identified as a Hezbollah militant and member of Iran’s Islamic Revolutionary Guard Corps. This operation threatens the fragile ceasefire between Israel and Hezbollah, which has been in place for four months.","An Israeli airstrike killed four people in Beirut early Tuesday, the Lebanese health ministry said, rocking an already shaky ceasefire between Israel and Hezbollah.","Israeli airstrike ASSAULT Hezbollah militant Hassan Ali Badir and members of Irane9s Islamic Revolutionary Guard Corps","CONFLICT","ASSAULT","-0.9","Israeli airstrike","Israeli airstrike","Israel (83)","Hezbollah militant Hassan Ali Badir; Members of Irans Islamic Revolutionary Guard Corps","Hezbollah militant Hassan Ali Badir; Iranian Revolutionary Guard","Lebanon (95); Iran (80)","","","","Southern Beirut suburb of Dahiyeh","","Lebanon (95)","1",""
"b4a84ebb499c","2025-03-28","The Israeli military announced an impending attack on a building in the Hadath suburb of Beirut, Lebanon, believed to belong to Hezbollah, and ordered local residents to evacuate. This action marks Israel's first military move against Hezbollah since a ceasefire in November, which has been increasingly violated in recent days.","Israel warned on Friday it would attack a building belonging to Hezbollah in a south Beirut suburb and ordered residents to evacuate, its first such move since a November ceasefire that has been seriously disrupted over the past week.","Israeli military THREATEN Hezbollah and local residents in Hadath suburb, Beirut","CONFLICT","THREATEN","-0.6","Israeli military","Israeli military","Israel (83)","Hezbollah; Local residents of the building in Hadath suburb, Beirut","Hezbollah; Local residents of the building in Hadath suburb, Beirut","Lebanon (95); Lebanon (95)","","","","Hadath suburb, Beirut","","Lebanon (95)","1",""
"daa59267f6c0","2025-03-28","Israel conducted airstrikes in Beirut, Lebanon, targeting areas it identified as threats following rocket fire from Lebanon. This marked the first bombing of Beirut during the ongoing truce with Hezbollah, which has lasted four months. The strikes resulted in five fatalities in southern Lebanon, while Lebanese Prime Minister Nawaf Salam condemned the action as a 'dangerous escalation'.","Israel said on Friday (Mar 28) it will strike anywhere in Lebanon it sees a threat, after rocket fire prompted it to bomb Beirut for the first time during the fragile four-month-old truce with Hezbollah.","Israel ASSAULT Lebanese civilians","CONFLICT","ASSAULT","-0.9","Israel","Israel","Israel (83)","Lebanese civilians","Lebanese civilians","Lebanon (95)","Hezbollah; Nawaf Salam","Hezbollah; Nawaf Salam","Lebanon (95); Lebanon (95)","Beirut; Southern Lebanon","","Lebanon (95); Lebanon (95)","2",""
"46b565af7b4d","2025-03-28","The Israeli military launched a significant retaliatory attack against Lebanon, targeting Beirut’s southern suburbs, known as Dahiyeh, in response to rocket fire from Lebanese territories. This marked the broadest military action by Israel against Lebanon since the ceasefire in November.","Israel on Friday launched the broadest attack against Lebanon since the November ceasefire in retaliation to the firing of rockets from Lebanese territories.","Israeli military ASSAULT Lebanon","CONFLICT","ASSAULT","-0.9","Israeli military","Israeli military","Israel (83)","Lebanon","Lebanon","Lebanon (95)","","","","Dahiyeh, Beirut","","Lebanon (95)","1",""
"940afb22f6e2","2025-03-28","Israel conducted an airstrike on the southern suburbs of Beirut, Lebanon, on International Quds Day, marking the first heavy bombardment in the area since a ceasefire agreement with Hezbollah in November. The attack was condemned by Iranian Foreign Ministry spokesman Esmaeil Baghaei, who stated that it violated Lebanon's territorial integrity and called for international action against Israel's aggression.","Israel carried out the attack on the southern suburbs of Beirut on Friday, the first heavy bombardment there since a ceasefire agreement ended a war between the occupying regime and Hezbollah in November.","Israel ACCUSE Lebanon","CONFLICT","ACCUSE","-0.3","Israel","Israel","Israel (83)","Lebanon","Lebanon","Lebanon (95)","Hezbollah; Iranian Foreign Ministry","Hezbollah; Iranian Foreign Ministry","Lebanon (95); Iran (80)","southern suburbs of Beirut; Beirut; Lebanon","","Lebanon (95); Lebanon (95); Lebanon (95)","2",""
"8bbc03576faf","2025-03-28","The Israeli Air Force conducted a heavy airstrike on a building in the southern suburbs of Hadath, Beirut, Lebanon, targeting a structure associated with Hezbollah. This action marked the first significant bombardment in the area since a truce in November, following an evacuation order issued by the Israeli military for local residents.","Israel’s air force conducted a heavy strike on a building in the southern suburbs of the Lebanese capital on Friday, a witness said, the first heavy bombardment there since a truce in November ended a war between Israel and Hezbollah.","Israeli Air Force ASSAULT Hezbollah and local residents of Hadath","CONFLICT","ASSAULT","-0.9","Israeli Air Force","Israeli Air Force","Israel (83)","Hezbollah; Local residents of Hadath","Hezbollah; Local residents of Hadath","Lebanon (95); Lebanon (95)","","","","southern suburbs of Hadath; Beirut; Lebanon","","Lebanon (95); Lebanon (95); Lebanon (95)","2",""
"d0f7ea25a95a","2025-03-28","The Israeli military intercepted one of two projectiles launched from Lebanon, with the second landing in Lebanese territory. Israel's Defence Minister, Israel Katz, stated that Lebanon is fully responsible for the missile attack targeting the Galilee region and warned of a forceful response to any threats against Israel's security.","The Israeli military announced on Friday that it intercepted one of two projectiles launched from Lebanon, with the second landing inside Lebanese territory.","Israel Defense Minister Israel Katz THREATEN Lebanon","CONFLICT","THREATEN","-0.6","Israel Defense Minister Israel Katz","Israel Defense Minister Israel Katz","Israel (83)","Lebanon","Lebanon","Lebanon (95)","","","","Galilee region; Lebanon","","Israel (83); Lebanon (95)","1",""
"c08fec30d10d","2025-03-28","Israel launched an airstrike on Beirut, Lebanon, targeting a drone storage facility used by Hezbollah. This action intensified tensions following a ceasefire agreement in November 2024, with Israel alleging that Hezbollah was hiding weapons among civilians. The strike occurred in the Dahiyeh area, a densely populated zone, and was preceded by accusations from Israel that Hezbollah had launched projectiles into northern Israel.","For the first time since a ceasefire agreement in November 2024, Israel launched an airstrike on the Lebanese capital, Beirut, intensifying tensions with Hezbollah and raising international alarm.","Israel ASSAULT Hezbollah","CONFLICT","ASSAULT","-0.9","Israel","Israel","Israel (83)","Hezbollah","Hezbollah","Lebanon (95)","Civilians in Lebanon; Civilians in northern Israel","Civilians in southern Lebanon; Israeli civilians","Lebanon (95); Israel (83)","Beirut; Dahiyeh; Northern Israel","","Lebanon (95); Lebanon (95); Israel (83)","6",""
"d8638c875fe6","2025-03-28","The Israeli military conducted attacks in southern Lebanon targeting members of the pro-Iranian Hezbollah militia, resulting in the deaths of at least three individuals. The attacks occurred while Hezbollah members were reportedly transporting weapons, and a Hezbollah commander was also killed in a separate incident.","At least three people have been killed in Israeli attacks in Lebanon, Lebanese media reported.","Israeli military ASSAULT Hezbollah militia and fighters","CONFLICT","ASSAULT","-0.9","Israeli military","Israeli military","Israel (83)","Hezbollah militia; Hezbollah fighters","Hezbollah; Hezbollah","Lebanon (95); Lebanon (95)","","","","southern Lebanon","","Lebanon (95)","2",""
"647528a39b76","2025-03-22","Israeli artillery and airstrikes targeted southern Lebanon, marking a significant escalation in hostilities that threaten the ceasefire established with Hezbollah. This incident involved the interception of three rockets fired from Lebanon towards Israel by the Israeli air force, and resulted in injuries in the Lebanese border village of Kafr Kila.","Israeli artillery and airstrikes hit southern Lebanon on Saturday, in a fresh clash endangering the shaky truce that ended a year-long conflict against Hezbollah, as 40 survivors of Hamas captivity called on the Israeli government to halt the 'endless war'.","Israeli artillery and airstrikes ASSAULT southern Lebanon and Lebanese civilians in Kafr Kila","CONFLICT","ASSAULT","-0.9","Israeli artillery; Israeli airstrikes","Israeli artillery; Israeli airstrike","Israel (83); Israel (83)","Southern Lebanon; Lebanese civilians in Kafr Kila","Lebanon; Lebanese civilians in Kafr Kila","Lebanon (95); Lebanon (95)","Hezbollah","Hezbollah","Lebanon (95)","Southern Lebanon; Kafr Kila","","Lebanon (95); Lebanon (95)","1",""
"ffba30e55b89","2025-03-22","The Israeli military conducted airstrikes in southern Lebanon, specifically targeting the town of Touline, resulting in the deaths of two individuals, including a girl. This action was in response to a rocket attack from Lebanon, which was reportedly intercepted. Hezbollah denied any involvement in the rocket fire and condemned the Israeli strikes as a dangerous escalation.","Zionists conducted deadly strikes on Lebanon Saturday in response to a rocket attack from across the border, as militant group Hezbollah denied responsibility for the launch.","Israeli military ASSAULT Civilians in Touline","CONFLICT","ASSAULT","-0.9","Israeli military","Israeli military","Israel (83)","Civilians in Touline","Civilians in Touline","Lebanon (95)","Hezbollah","Hezbollah","Lebanon (95)","southern Lebanon; Touline","","Lebanon (95); Lebanon (95)","1",""
"b986ff2b5eb9","2025-03-22","The Israeli military conducted an air strike in Tyre, south Lebanon, resulting in one death and seven injuries. This action is part of a series of air strikes in Lebanon, marking the most intense aerial assault in four months, and it threatens the fragile truce with Hizbullah.","The attacks came after Israel carried out a strike in Tyre, south Lebanon, on Saturday, killing one and wounding seven people and endangering the shaky truce that ended a year-long conflict against Hizbullah.","Israeli military ASSAULTED Hizbullah in Tyre, south Lebanon.","CONFLICT","ASSAULT","-0.9","Israeli military","Israeli military","Israel (83)","Hizballullah","Hizballullah","Lebanon (95)","","","","Tyre; South Lebanon","","Lebanon (95); Lebanon (95)","1",""
"0359e5088219","2025-03-22","Israeli artillery and airstrikes targeted two towns in southern Lebanon, following the launch of three rockets from a Lebanese district. This military action was part of escalating tensions, with Lebanese Prime Minister Nawaf Salam warning that Lebanon risks being drawn into a new war due to these military operations.","Salam warned of renewed military operations on the southern border, because of the risks they carry dragging the country into a new war, which will bring woes to Lebanon and the Lebanese people.","Israeli artillery and airstrikes ASSAULT Lebanese towns","CONFLICT","ASSAULT","-0.9","Israeli artillery; Israeli airstrikes","Israeli artillery; Israeli airstrike","Israel (83); Israel (83)","Lebanese towns","Lebanese towns","Lebanon (95)","Lebanese Prime Minister Nawaf Salam","Lebanese Prime Minister Nawaf Salam","Lebanon (95)","southern Lebanon; Lebanese district","","Lebanon (95); Lebanon (95)","1",""
"4d003e4ca69e","2025-03-22","The Zionist entity conducted military strikes on Syria and Lebanon, resulting in the deaths of eight individuals according to Lebanon's health ministry. This escalation is noted as the most intense since a ceasefire in November, with both sides accusing each other of violating the truce.","Lebanon’s health ministry said eight people have been killed in Zionist strikes.","Zionist entity ASSAULT Individuals in Syria and Lebanon","CONFLICT","ASSAULT","-0.9","Zionist entity","Zionist entity","Israel (83)","Individuals in Syria; Individuals in Lebanon","Syrian people; Lebanese people","Syria (169); Lebanon (95)","","","","Syria; Lebanon","","Syria (169); Lebanon (95)","1",""
"26de636a423a","2025-03-22","The Israeli military conducted airstrikes on the village of Touline in southern Lebanon, resulting in the deaths of two individuals, including a child, and injuring eight others. This action was part of Israel's response to missile strikes allegedly launched by Hezbollah on the Israeli city of Metulla, amidst escalating tensions in the region.","In retaliatory airstrikes by Israel on Lebanon, two people, including a child, were killed. The strikes took place on Saturday, March 22, as part of Israel’s response to escalating tensions in the region.","Israeli military ASSAULT Residents of Touline","CONFLICT","ASSAULT","-0.9","Israeli military","Israeli military","Israel (83)","Residents of Touline","Residents of Touline","Lebanon (95)","Hezbollah","Hezbollah","Lebanon (95)","Touline; Metulla","","Lebanon (95); Israel (83)","1",""
"929551ed73eb","2025-03-22","Israel launched airstrikes targeting Hezbollah positions in southern Lebanon following a rocket attack into its territory. Israeli Prime Minister Benjamin Netanyahu instructed the Israel Defense Forces (IDF) to act against terror targets in Lebanon, while the Israeli military confirmed intercepting three rockets aimed at the northern town of Metula. The airstrikes resulted in one reported fatality in Lebanon.","Israel has launched fresh airstrikes on Hezbollah targets in southern Lebanon following the first rocket attack into its territory since a ceasefire agreement came into effect in November.","Israel and Israel Defense Forces (IDF) ASSAULT Hezbollah and terrorists in Lebanon","CONFLICT","ASSAULT","-0.9","Israel; Israel Defense Forces (IDF)","Israel; Israel Defense Forces (IDF)","Israel (83); Israel (83)","Hezbollah; Terrorists in Lebanon","Hezbollah; Terrorist targets in southern Lebanon","Lebanon (95)","","","","southern Lebanon; Metula","","Lebanon (95); Lebanon (95)","1",""
"b3a107e28e1c","2025-03-22","Israeli artillery and airstrikes targeted south Lebanon in response to the interception of rockets fired from Lebanese territory. This military action threatens the fragile ceasefire established after a year-long conflict with Hezbollah, which denied involvement in the rocket launches.","Israeli artillery and airstrikes hit south Lebanon on Saturday (Mar 22) after Israel said it had intercepted rockets fired from across the border, a clash endangering a shaky truce that ended a year-long war between Israel and Lebanese armed group Hezbollah.","Israeli artillery and airstrips ASSAULT Lebanese territory","CONFLICT","ASSAULT","-0.9","Israeli artillery and airstrikes","Israeli artillery","Israel (83)","Lebanese territory","Lebanese state","Lebanon (95)","Hezbollah","Hezbollah","Lebanon (95)","South Lebanon","","Lebanon (95)","1",""
"75115189927f","2025-03-22","The Israeli army intercepted three rockets that were launched from Lebanon towards the Metula area in northern Israel. This incident occurred in the context of heightened tensions following a recent Israeli aerial campaign on Gaza, and it marks the first rocket attack from Lebanon in three months.","The Israeli army claimed on Saturday that it had intercepted three rockets launched from Lebanon toward the Metula area in northern Israel.","Israeli army ASSAULT Unknown members of Hezbollah","CONFLICT","ASSAULT","-0.9","Israeli army","Israeli military","Israel (83)","Unknown militants of Hezbollah","Unknown militants of Hezbollah","Lebanon (95)","","","","Metula area, northern Israel; Lebanon","","Israel (83); Lebanon (95)","1",""
"3d6ac9204d35","2025-03-22","Israeli military vehicles breached the border fence with Lebanon and conducted bulldozing operations in the Qatmoun Valley near Rmeish in Nabatieh province. This incursion was condemned by the Lebanese army as a violation of UN Security Council Resolution 1701 and a ceasefire agreement.","BEIRUT Israeli military vehicles breached a border fence with Lebanon and conducted bulldozing operations before withdrawing from the area, the Lebanese army said on Sunday.","Israeli military ACCUSE Lebanese army","CONFLICT","ACCUSE","-0.2","Israeli military","Israeli military","Israel (83)","Lebanese army","Lebanese army","Lebanon (95)","United Nations Security Council","United Nations Security Council","United Nations","Qatmoun Valley near Rmeish, Nabatieh province","","Lebanon (95)","1",""
"19edc1f42fdb","2025-03-22","An Israeli drone strike targeted a car in Aita al-Shaab, Lebanon, resulting in the death of one Lebanese citizen. This incident occurred during a period of heightened tensions following a ceasefire in the conflict with Hezbollah.","""The Israeli enemy raid with a drone on a car in Aita al-Shaab led to the death of one citizen,"" the health ministry said, after the official National News Agency (NNA) had reported the strike on the southern village.","Israeli drone strike ASSAULT Lebanese citizen","CONFLICT","ASSAULT","-0.9","Israeli drone strike","Israeli drone strike","Israel (83)","Lebanese citizen","Lebanese civilians","Lebanon (95)","Hezbollah","Hezbollah","Lebanon (95)","Aita al-Shaab","","Lebanon (95)","1",""
"51d42b57177d","2025-03-22","Israel launched a military strike on Lebanon in retaliation for rocket attacks on Israeli targets, resulting in the deaths of six individuals. The strike targeted Hezbollah command centers and rocket launchers in response to the firing of six rockets toward the Israeli town of Metula, three of which were intercepted. This incident marks the heaviest exchange of fire since the ceasefire with Hezbollah began nearly four months ago.","Israel launched a strike on Lebanon on Saturday in retaliation for rockets on Israeli targets, killing six people in the heaviest exchange of fire since its ceasefire with the militant group Hezbollah began nearly four months ago.","Israel ASSAULT Hezbollah","CONFLICT","ASSAULT","-0.9","Israel","Israel","Israel (83)","Hezbollah","Hezbollah","Lebanon (95)","","","","Lebanon; Metula","","Lebanon (95); Israel (83)","70",""
"3783ee1c48b3","2025-03-17","An Israeli airstrike targeted a vehicle in the town of Yohmor, Nabatieh province, southern Lebanon, resulting in one death and three injuries. This incident is reported as a violation of the existing ceasefire agreement between Israel and Hezbollah.","One person was killed and three others were injured in an Israeli airstrike in southern Lebanon on Monday, in a new violation of a ceasefire agreement, the Lebanese Health Ministry said.","Israeli airstrike ASSAULTED a vehicle in Yohmor, Lebanon","CONFLICT","ASSAULT","-0.9","Israeli airstrike","Israeli airstrike","Israel (83)","Vehicle in Yohmor","Vehicle in Yohmor","Lebanon (95)","Hezbollah","Hezbollah","Lebanon (95)","Yohmor, Nabatieh governorate","","Lebanon (95)","1",""
"1788ec231206","2025-03-16","Israeli drone strikes in southern Lebanon resulted in the deaths of four individuals, with specific attacks reported in the towns of Yater and Mays al-Jabal. The Israeli army stated that the strikes targeted Hezbollah operatives involved in reconnaissance and attack coordination, while the Lebanese Health Ministry condemned the airstrikes as violations of the ongoing ceasefire established in November 2024.","Four people were killed in Israeli drone strikes in southern Lebanon on Sunday, in the latest violation of a ceasefire agreement, the Health Ministry said.","Israeli military ASSAULT Hezbollah operatives and civilians in southern Lebanon","CONFLICT","ASSAULT","-0.9","Israeli military","Israeli military","Israel (83)","Hezbollah operatives; Civilians in southern Lebanon","Hezbollah; Civilians in southern Lebanon","Lebanon (95); Lebanon (95)","","","","southern Lebanon; Yater; Mays al-Jabal","","Lebanon (95); Lebanon (95); Lebanon (95)","2",""
"7c7e1f21840e","2025-03-11","An Israeli drone strike targeted a civilian car on Deir El-Zahrani road in Sidon, southern Lebanon, resulting in the death of one Lebanese individual. This incident occurred despite an existing ceasefire agreement between Israel and Hezbollah.","One Lebanese was killed in an Israeli drone strike in southern Lebanon on Tuesday despite a ceasefire agreement, the Health Ministry said.","Israeli drone strike ASSAULT Lebanese civilian","CONFLICT","ASSAULT","-0.9","Israeli drone strike","Israeli drone strike","Israel (83)","Lebanese civilian","Lebanese civilians","Lebanon (95)","Hezbollah","Hezbollah","Lebanon (95)","Deir El-Zahrani road, Sidon","","Lebanon (95)","1",""
"c18f2a36d8a9","2025-03-11","Israel conducted airstrikes in south Lebanon targeting Hezbollah assets and personnel, specifically striking a vehicle associated with Hassan Abbas Izzeldine, an operative responsible for Hezbollah's aerial defense. The airstrike was reported to have killed at least one individual, and the operation aimed to disrupt Hezbollah's efforts to enhance its aerial defense capabilities.","Israel conducted several airstrikes in south Lebanon on Tuesday, March 11, targeting Hezbollah assets and personnel.","Israel ASSAULT Hezbollah and Hassan Abbas Izzeldine","CONFLICT","ASSAULT","-0.9","Israel","Israel","Israel (83)","Hezbollah; Hassan Abbas Izzeldine","Hezbollah; Hassan Abbas Izzeldine","Lebanon (95); Lebanon (95)","","","","South Lebanon","","Lebanon (95)","1",""
"0631b2923b98","2025-03-07","The Israeli army organized a visit for approximately 900 Haredim to the 'Cave of the Servants' on the Lebanese side of the border near Houla, Lebanon, under tight Israeli security measures. This action has raised concerns in Lebanon regarding potential justifications for a prolonged Israeli presence in Lebanese territory.","The Israeli army organized the religious visit on Friday, which, according to the Israeli newspaper Maariv, involved approximately 900 Haredim who entered the 'Rabbi Ashi' tomb on the Lebanese border under tight Israeli security measures.","Israeli army COERCE Haredi","CONFLICT","COERCE","-0.6","Israeli army","Israeli military","Israel (83)","Haredim","Haredim","Lebanon (95)","","","","Cave of the Servants; Houshli; Lebanon","","Lebanon (95); Lebanon (95); Lebanon (95)","1",""
"45afccb99ed2","2025-03-05","An Israeli drone strike in southern Lebanon injured two individuals near a landfill in the Ras al-Naqoura area of Tyre district. The attack, which violated a ceasefire agreement, targeted a car and was followed by additional strikes to prevent access to the site by Lebanese troops and civilians.","Two people were injured in an Israeli drone strike in southern Lebanon on Wednesday, in the latest violation of a ceasefire agreement, Lebanese media said.","Israeli military ASSAULT Lebanese civilians","CONFLICT","ASSAULT","-0.9","Israeli military","Israeli military","Israel (83)","Lebanese civilians","Lebanese civilians","Lebanon (95)","","","","Ras al-Naqoura, Tyre district","","Lebanon (95)","1",""
"2a81e82d4f8b","2025-02-26","An Israeli drone strike in the Shaara area of Janta, Lebanon, resulted in the deaths of two individuals and injuries to two others. This action escalated tensions in the region, occurring despite a ceasefire agreement between Israel and Lebanon that has been in effect since November 27, 2024.","An Israeli drone strike claimed the lives of two individuals and left two others injured in the Shaara area of Janta, near Lebanon’s eastern mountain range.","Israel ASSAULT Lebanese civilians","CONFLICT","ASSAULT","-0.9","Israel","Israel","Israel (83)","Lebanese civilians","Lebanese civilians","Lebanon (95)","","","","Shaala area, Janta","","Lebanon (95)","1",""
"25e3dedbcc3b","2025-02-22","Tens of thousands of mourners gathered in Beirut, Lebanon, for the funeral of former Hezbollah leaders Hassan Nasrallah and Hashem Safieddine. The ceremony, attended by delegations from 70 countries including Iran, was held at the Camille Chamoun Sports City Stadium, while Israeli warplanes conducted low-altitude flights over the city as a show of defiance.","Tens of thousands of mourners gathered in Beirut on Sunday to pay their respects at the funeral of former Hezbollah leaders, Hassan Nasrallah and Hashem Safieddine, while Israeli warplanes conducted low-altitude flights over the Lebanese capital, adding tension to an already charged atmosphere.","Tens of thousands of mourners and delegates from 70 countries ACCUSE Hezbollah","CONFLICT","ACCUSE","-0.3","Tens of thousands of mourners; Delegates from 70 countries including Iran; Israeli warplanes","Tens of thousands of mourners; Delegates from 70 countries including Iran; Israeli warplanes","Lebanon (95); Israel (83)","Hezbollah","Hezbollah","Lebanon (95)","Hassan Nasrallah; Hashem Safieddine","Hassan Nasrallah; Hashem Safieddine","Lebanon (95); Lebanon (95)","Beirut; Cannes Chamoun Sports City Stadium","","Lebanon (95); Lebanon (95)","1",""
"b34e0c0f2bf1","2025-02-18","Israel's military announced that its forces will remain in five strategic locations in southern Lebanon after the February 18 deadline for their withdrawal under a ceasefire agreement with the Hezbollah militant group. This decision comes amid frustrations expressed by the Lebanese government regarding the delay in the withdrawal process.","Israel’s military has said its forces will remain in five strategic locations in southern Lebanon after Tuesday’s deadline for their withdrawal under a ceasefire with the Hezbollah militant group, as Lebanon’s government expressed frustration over another delay.","Israel's military AGREE Lebanese government","COOPERATION","AGREE","0.5","Israel's military","Israeli military","Israel (83)","Lebanese government","Lebanese government","Lebanon (95)","Hezbollah militant group","Hezbollah","Lebanon (95)","southern Lebanon","","Lebanon (95)","1",""
"ba536756a113","2025-02-18","Israeli forces conducted an incursion into Lebanon, described as an attack by 'invaders', breaching the border and causing significant unrest in the region. This action has heightened tensions between Israel and Lebanon amidst ongoing military movements in the Middle East.","Israeli 'Invaders' Attacked Inside Lebanon; Mayhem As Jewish Infiltrators Breach Border","Israeli forces ASSAULT Lebanon","CONFLICT","ASSAULT","-0.9","Israeli forces","Israeli military","Israel (83)","Lebanon","Lebanon","Lebanon (95)","","","","Lebanon","","Lebanon (95)","1",""
"57b226633122","2025-02-18","Israeli forces conducted an airstrike on a vehicle in the town of Aita al-Shaab, Lebanon, resulting in one fatality. This action is part of ongoing military operations in the region, which have included the use of tanks and drones, and have heightened tensions between Israel and Lebanon.","On Wednesday, one person was killed in an Israeli airstrike on a vehicle in the town of Aita al-Shaab.","Israeli forces ASSAULT a vehicle in Aita al-Shaab, Lebanon","CONFLICT","ASSAULT","-0.9","Israeli forces","Israeli military","Israel (83)","Vehicle in Aita al-Shaab","Vehicle in Aita al-Shaab","Lebanon (95)","","","","Aita al-Shaab","","Lebanon (95)","1",""
"f34a07cd309a","2025-02-18","An Israeli drone strike in Aita al-Shaab, Lebanon, resulted in the death of one individual, identified by the Israeli military as a Hezbollah operative managing weaponry. This strike occurred shortly after the February 18 deadline for Israeli troop withdrawal from southern Lebanon under a U.S.-mediated ceasefire.","An Israeli drone strike claimed the life of one individual in Aita al-Shaab, a southern Lebanese border town, as confirmed by Lebanon's Ministry of Health.","Israeli military ASSAULT Hezbollah operative","CONFLICT","ASSAULT","-0.9","Israeli military","Israeli military","Israel (83)","Hezbollah operative","Hezbollah operative","Lebanon (95)","United States","United States","USA (185)","Ainta al-Shaab","","Lebanon (95)","1",""
"3a280caade83","2025-02-17","The Israeli military withdrew from most villages in southern Lebanon under a ceasefire agreement brokered by the U.S. and France, leaving only five locations occupied. This withdrawal is part of efforts to reduce regional tensions, with the Lebanese army expected to gradually take control of the area.","Agence France-Presse (AFP) reported on Tuesday, February 18, citing a senior Lebanese official, that Israeli forces have left most of southern Lebanon, except for five locations.","Israeli military RETREAT Lebanese army","COOPERATION","RETREAT","0.6","Israeli military","Israeli military","Israel (83)","Lebanese army","Lebanese army","Lebanon (95)","U.S.; France","United States; France","USA (185); France (62)","southern Lebanon","","Lebanon (95)","1",""
"14291c08e64a","2025-02-17","The Israeli military conducted airstrikes in Lebanon targeting Hezbollah military positions, specifically where rocket launchers and weapons were located. This action was part of ongoing military operations amid heightened tensions in the region.","Meanwhile, the Israeli military announced that it had carried out new airstrikes in Lebanon today, targeting Hezbollah military positions where rocket launchers and weapons were located.","Israeli military ASSAULT Hezbollah military","CONFLICT","ASSAULT","-0.9","Israeli military","Israeli military","Israel (83)","Hezbollah military","Hezbollah","Lebanon (95)","","","","Lebanon","","Lebanon (95)","1",""
"a4cd689db80b","2025-02-17","Israel announced that its forces will remain in five crucial areas in southern Lebanon, which has led to increased diplomatic tensions with Lebanon. Lebanese President Joseph Aoun emphasized the need for compliance with the ceasefire and expressed concerns regarding Israel's reliability.","Israel has announced that its forces will stay in five crucial areas in southern Lebanon, triggering diplomatic tensions with Lebanon. Lebanese President Joseph Aoun has stressed the importance of ceasefire compliance, voicing concerns over Israel's trustworthiness.","Israel ACCUSE Lebanon","CONFLICT","ACCUSE","-0.3","Israel","Israel","Israel (83)","Lebanon","Lebanon","Lebanon (95)","Joseph Aoun","Joseph Aoun","Lebanon (95)","southern Lebanon","","Lebanon (95)","1",""
"c7461ce0cc0a","2025-02-16","Israeli forces opened fire on a group of residents attempting to return to the village of Houla in southern Lebanon, resulting in the death of one woman and injuries to several others. This incident occurred two days before the deadline for the implementation of a ceasefire agreement that mandates a full withdrawal of Israeli forces from southern Lebanon.","A woman was killed and several other people wounded Sunday when Israeli forces opened fire on a group of residents attempting to return to the village of Houla in southern Lebanon, the Lebanese state-run news agency reported.","Israeli forces ASSAULT residents of Houly","CONFLICT","ASSAULT","-0.9","Israeli forces","Israeli military","Israel (83)","Residents of Houly","Residents of Houly","Lebanon (95)","","","","Houly; southern Lebanon","","Lebanon (95); Lebanon (95)","3",""
"374a621f4851","2025-02-15","Israeli forces fired upon civilians attempting to return to Houla village in southern Lebanon, resulting in one death and several injuries. This incident occurred two days before the scheduled implementation of a ceasefire agreement that mandates Israeli forces to withdraw from southern Lebanon.","A woman died on Sunday and several others injured when Israeli forces fired upon civilians attempting to return to Houla village in southern Lebanon, according to Lebanese state media.","Israeli forces ASSAULT civilians attempting to return to Houly village","CONFLICT","ASSAULT","-0.9","Israeli forces","Israeli military","Israel (83)","Civilians attempting to return to Houly village","Civilians attempting to return to Houly village","Lebanon (95)","","","","Houly village, southern Lebanon","","Lebanon (95)","1",""
"40223eee821c","2025-02-15","Israeli forces opened fire on residents in the village of Houla, Lebanon, resulting in the death of a Lebanese woman and injuries to several others. Additionally, the Israeli army detained three civilians and abducted two paramedics affiliated with the Islamic Scout Association, marking the first such incident since October 2023.","The Israeli army opened fire on residents trying to return to the village of Houla, according to the state-run National News Agency (NNA). The army also detained three civilians, it said. The Lebanese Health Ministry confirmed that two paramedics were abducted by Israeli forces in Houla, marking the first time Israel has kidnapped paramedics since October 2023.","Israeli forces ASSAULT residents of Houlu, including a Lebanese woman and paramedics affiliated with the Islamic Scout Association.","CONFLICT","ASSAULT","-0.9","Israeli forces","Israeli military","Israel (83)","Residents of Houlu; Lebanese woman; Paramedics affiliated with the Islamic Scout Association","Residents of Houlu; Lebanese woman; Paramedics affiliated with the Islamic Scout Association","Lebanon (95); Lebanon (95); Lebanon (95)","","","","Houlu","","Lebanon (95)","1",""
"ae4f11ef522e","2025-02-10","A cache of weapons, including sniper rifles, anti-tank missiles, and explosives, was discovered alongside USAID humanitarian packages in an undisclosed village in Lebanon, reportedly by an Israel Defense Forces soldier. This incident highlights concerns regarding the misuse of American taxpayer-funded aid by the Iran-backed group Hezbollah.","USAID humanitarian packages were found amidst a cache of weapons owned by terror group Hezbollah in Lebanon, an Israel Defense Forces soldier claimed to The Post.","Israel Defense Forces ACCUSE Hezbollah","CONFLICT","ACCUSE","-0.3","Israel Defense Forces","Israeli military","Israel (83)","Hezbollah","Hezbollah","Lebanon (95)","United States Agency for International Development (USAID)","U.S. Agency for International Development (USAID)","USA (185)","Unspecified village in Lebanon","","Lebanon (95)","1",""
"e572e6619243","2025-02-08","The Israeli military conducted airstrikes on Hezbollah targets in eastern and southern Lebanon, specifically targeting an underground tunnel in the Bekaa Valley and several sites in southern Lebanon containing munitions and rocket launchers. This action was taken in response to Hezbollah's violations of a ceasefire agreement that had been in place since November 2024.","The Israeli military conducted airstrikes on Hezbollah targets in eastern and southern Lebanon on Sunday, despite a ceasefire agreement that had been in place since November 2024.","Israeli military ASSAULT Hezbollah","CONFLICT","ASSAULT","-0.9","Israeli military","Israeli military","Israel (83)","Hezbollah","Hezbollah","Lebanon (95)","","","","Eastern Lebanon; Southern Lebanon; Bekaa Valley","","Lebanon (95); Lebanon (95); Lebanon (95)","5",""
"a3d2d0b89724","2025-02-08","An Israeli airstrike targeted a tunnel used for transporting weapons from Syria to Hezbollah in Lebanon, destroying the tunnel and a weapons shipment. The strike occurred near the Syria-Lebanon border, aiming to disrupt Hezbollah's supply routes and prevent the group from acquiring advanced weaponry.","An Israeli airstrike targeted a tunnel used to transport weapons from Syria to Hezbollah in Lebanon, according to regional security sources.","Israeli airstrike ASSAULT Hezbollah","CONFLICT","ASSAULT","-0.9","Israeli airstrike","Israeli airstrike","Israel (83)","Hezbollah","Hezbollah","Lebanon (95)","Syria","Syria","Syria (169)","Near the Syria-Lebanon border; Lebanon","","Lebanon (95); Lebanon (95)","1",""
"fe097d3cfb8d","2025-02-02","The Israeli military announced the discovery and destruction of multiple weapons caches in southern Lebanon, attributed to Hezbollah. This action was taken amid a precarious ceasefire, raising concerns over regional stability.","the Israeli military has announced the discovery and destruction of multiple weapons caches in southern Lebanon. These stockpiles, attributed to Hezbollah, include mortar shells, missiles, rockets, and firearms, intensifying concerns over regional stability.","Israeli military ASSAULT Hezbollah","CONFLICT","ASSAULT","-0.9","Israeli military","Israeli military","Israel (83)","Hezbollah","Hezbollah","Lebanon (95)","","","","southern Lebanon","","Lebanon (95)","1",""
"2db9df22e1e6","2025-02-02","The Israeli army conducted a military drill in the Upper Galilee near the Lebanese border to prepare for potential escalations amid ongoing tensions with Hezbollah. This drill was accompanied by warnings to civilians in the area to stay away due to increased military activity, although the Israeli military stated there was 'no security threat.'","The Israeli army said on Monday it was holding a military drill in the Upper Galilee near the Lebanese border amid ongoing tensions.","Israeli army MOBILIZE Civilians in the Upper Galiji area","CONFLICT","MOBILIZE","-0.6","Israeli army","Israeli military","Israel (83)","Civilians in the Upper Galilee area","Civilians in the Upper Galilee area","Lebanon (95)","Hezbollah","Hezbollah","Lebanon (95)","Upper Galilee; Lebanese border","","Lebanon (95); Lebanon (95)","1",""
"dec971dddcd8","2025-01-31","On January 31, 2025, the Israeli army conducted airstrikes targeting multiple Hezbollah sites in the Bekaa Valley region of Lebanon, as part of ongoing military operations that have escalated tensions following a ceasefire agreement. The strikes aimed at underground infrastructure used for weapon development and smuggling operations near the Syrian border.","The Israeli army said on Friday it struck 'multiple' Hezbollah targets in the area near the border with Syria in the east, as tensions escalated following its extension of a recent deadline for removing its troops from the country.","Israeli army ASSAULT Hezbollah","CONFLICT","ASSAULT","-0.9","Israeli army","Israeli military","Israel (83)","Hezbollah","Hezbollah","Lebanon (95)","","","","Bekaaalik region; Near the Syrian border","","Lebanon (95); Syria (169)","4",""
"04c27624b0e5","2025-01-31","Israeli airstrikes targeted several Hezbollah installations in the Bekaa Valley, Lebanon, resulting in two fatalities and ten injuries, as reported by the Lebanese health ministry. The strikes included an underground weapons development facility, occurring despite an existing ceasefire agreement.","In a significant escalation, Israeli airstrikes in Lebanon's Bekaa Valley claimed two lives, as per reports from the Lebanese health ministry on Friday.","Israeli Air Force ASSAULT Hezbollah","CONFLICT","ASSAULT","-0.9","Israeli Air Force","Israeli Air Force","Israel (83)","Hezbollah","Hezbollah","Lebanon (95)","","","","Bekaaouni","","Lebanon (95)","2",""
"247a7689baf7","2025-01-31","Israeli warplanes conducted airstrikes on the eastern Lebanese village of Janta in the Bekaa region, resulting in the deaths of two individuals and injuries to ten others. The strikes targeted illegal crossings along the Lebanese-Syrian border and involved the launch of eight air-to-ground missiles, causing significant damage to infrastructure and a truck.","Two individuals were killed and 10 others injured following Israeli airstrikes on Friday, which targeted the eastern Lebanese village of Janta in the Bekaa region.","Israeli warplanes ASSAULT Lebanese civilians in Janta","CONFLICT","ASSAULT","-0.9","Israeli warplanes","Israeli warplanes","Israel (83)","Lebanese civilians in Janta","Civilians in Janta","Lebanon (95)","","","","Janta, Bekaa Governorate, Lebanon; Lebanese-Syrian border","","Lebanon (95); Lebanon (95)","3",""
"c51133e425fb","2025-01-30","The Israeli Defense Forces (IDF) confirmed that an interceptor missile fired during a Hezbollah attack resulted in civilian casualties. This admission highlights the complexities and risks associated with missile defense operations in conflict zones.","IDF's Big Admission: Israeli Interceptor Missile Kills Civilian During Hezbollah Attack","Israeli Defense Forces ACCUSE Hezbollah and civilians in a missile attack","CONFLICT","ACCUSE","-0.3","Israeli Defense Forces","Israeli military","Israel (83)","Hezbollah; Civilians in the attack","Hezbollah; Civilians in the attack","Lebanon (95)","","","","Immaterial","","Immaterial","1",""
"cb0262d2d71a","2025-01-30","Israel conducted military operations in the southern Lebanese town of Nabatieh, which included aerial strikes, increased drone activity over Beirut, and the detention of Lebanese citizens. This escalation follows Lebanon's government agreeing to extend a ceasefire until February 18, and is seen as a warning to both Hezbollah and the Lebanese army regarding Israel's readiness for military intervention.","Israel has ramped up its provocations against both the Lebanese government and Hezbollah, striking the southern town of Nabatieh, intensifying aerial activity, deploying drones over Beirut and detaining Lebanese citizens.","Israel ASSAULT Hezbollah and the Lebanese army","CONFLICT","ASSAULT","-0.9","Israel","Israel","Israel (83)","Hezbollah; Lebanese army","Hezbollah; Lebanese army","Lebanon (95); Lebanon (95)","Lebanon","Lebanon","Lebanon (95)","Nabatieh; Beirut","","Lebanon (95); Lebanon (95)","1",""
"18fcd15dd26f","2025-01-29","The Israeli military intercepted a surveillance drone launched by the Lebanese militant group Hezbollah amid a fragile ceasefire. This action was taken to prevent the drone from entering Israeli territory.","""A short while ago, a Hezbollah surveillance UAV that was launched toward Israeli territory was intercepted by the Israeli Air Force,"" the military said in a statement.","Israeli military COERCE Hezbollah","CONFLICT","COERCE","-0.6","Israeli military","Israeli military","Israel (83)","Hezbollah","Hezbollah","Lebanon (95)","","","","Israeli territory","","Israel (83)","1",""
"7e670f0c16f7","2025-01-29","An Israeli drone strike targeted the southern Lebanese town of Majdal Selm, resulting in five injuries, according to the Lebanese health ministry. This incident follows Israeli airstrikes on the previous night in Nabatieh, which injured 24 people and were aimed at Hezbollah vehicles transporting weapons.","Five people were injured in an Israeli drone strike targeting the southern Lebanese town of Majdal Selm on Wednesday, the Lebanese health ministry said.","Israeli military ASSAULT Lebanese civilians in Majdal Selm","CONFLICT","ASSAULT","-0.9","Israeli military","Israeli military","Israel (83)","Lebanese civilians in Majdal Selm","Civilians in Majdal Selm","Lebanon (95)","Hezbollah","Hezbollah","Lebanon (95)","Majdal Selm; Nabatieh","","Lebanon (95); Lebanon (95)","2",""
"da4ce493c798","2025-01-28","Najib Mikati, the caretaker prime minister of Lebanon, condemned two Israeli airstrikes on the city of Nabatieh, which resulted in 20 injuries in Nabatieh Al-Fawqa and 10 injuries on the Zawtar-Nabatieh Al-Fawqa road. The strikes were the first acts of aggression since the ceasefire that began on November 27, 2024.","Najib Mikati, the caretaker prime minister of Lebanon, condemned two Israeli airstrikes on the city of Nabatieh on Tuesday evening.","Israel ACCUSE Lebanon","CONFLICT","ACCUSE","-0.3","Israel","Israel","Israel (83)","Lebanon","Lebanon","Lebanon (95)","","","","Nabatieh; Nabatieh Al-Fawqa; Zawtar-Nabatieh Al-Fawqi road","","Lebanon (95); Lebanon (95); Lebanon (95)","1",""
"c471eab7db84","2025-01-28","The Israeli military conducted an airstrike on the town of Nabatiyeh in southern Lebanon, resulting in seven injuries. This action is noted as a violation of the existing ceasefire agreement between the two nations.","“This evening's Israeli enemy airstrike on Nabatiyeh initially resulted in seven injuries,” the Lebanese Health Ministry said in a statement.","Israeli military ASSAULT Town of Nabatiyah","CONFLICT","ASSAULT","-0.9","Israeli military","Israeli military","Israel (83)","Town of Nabatiyah","Town of Nabatiyah","Lebanon (95)","","","","Nabatiyah","","Lebanon (95)","1",""
"f24804fee98a","2025-01-28","An Israeli drone conducted an attack in the Al-Deir neighborhood of Nabatiyeh, southern Lebanon, resulting in injuries to fourteen individuals. The strike targeted a vehicle, although the specific target remains unclear. This incident occurred amidst rising tensions following the extension of a ceasefire agreement between Israel and Hezbollah.","Fourteen people were injured in an Israeli drone attack in southern Lebanon, the Lebanese Health Ministry said Tuesday.","Israeli drone ASSAULT Civilians in Al-Deir neighborhood","CONFLICT","ASSAULT","-0.9","Israeli drone","Israeli drone","Israel (83)","Civilians in Al-Deir neighborhood","Civilians in Al-Deir neighborhood","Lebanon (95)","Hezbollah","Hezbollah","Lebanon (95)","Al-Deir neighborhood, Nabatiyah; Southern Lebanon","","Lebanon (95); Lebanon (95)","1",""
"f0a62fa8e4a9","2025-01-28","Israel released nine Lebanese prisoners of war as part of a ceasefire agreement with Hezbollah, which has been in effect for over six weeks. Caretaker Prime Minister Najib Mikati urged for the release of an additional nine Lebanese prisoners still held in Israel and thanked the International Committee of the Red Cross for its involvement in the release process.","Caretaker Prime Minister Najib Mikati said Tuesday that Israel had freed nine Lebanese prisoners of war under the terms of a more than six-week-old ceasefire and urged the release of another nine.","Israel AID Lebanese prisoners of war","COOPERATION","AID","0.8","Israel","Israel","Israel (83)","Lebanese prisoners of war","Lebanese prisoners","Lebanon (95)","Hezbollah; International Committee of the Red Cross","Hezbollah; International Committee of the Red Cross","Lebanon (95)","Israel","","Israel (83)","2",""
"145a4b0f4ff6","2025-01-27","Israeli forces conducted airstrikes in south Lebanon, specifically targeting the town of Nabatiyeh Al-Fawqa and the neighboring town of Zawtar, resulting in 24 injuries. The strikes occurred despite an ongoing ceasefire that had been in effect for over six weeks, prompting condemnation from Lebanon's caretaker Prime Minister Najib Mikati for violating Lebanese sovereignty.","Israeli strikes wounded 24 people in south Lebanon Tuesday despite a ceasefire in force for more than six weeks, the Lebanese health ministry said.","Israeli forces ASSAULT Lebanese civilians in Nabatiyah Al-Fawqi and Zawtar","CONFLICT","ASSAULT","-0.9","Israeli forces","Israeli military","Israel (83)","Lebanese civilians in Nabatiyah Al-Fawqa and Zawtar","Civilians in Nabatieh al-Fawqa","Lebanon (95)","Najib Mikati","Najib Mikati","Lebanon (95)","South Lebanon; Nabatiyah Al-Fawqa; Zawtar","","Lebanon (95); Lebanon (95); Lebanon (95)","2",""
"124d7249dff9","2025-01-27","An Israeli drone strike occurred in Nabatiyeh al-Fawqa, south Lebanon, injuring 14 individuals. The strike targeted a small vegetable truck and took place despite an ongoing ceasefire that has been in effect for over six weeks.","An Israeli drone strike wounded 14 people in south Lebanon yesterday despite a ceasefire in force for more than six weeks, the Lebanese health ministry said in an updated toll.","Israeli drone ASSAULT Civilians in Nabatiyah al-Fawqih","CONFLICT","ASSAULT","-0.9","Israeli drone","Israeli drone","Israel (83)","Civilians in Nabatiyah al-Fawqih","Civilians in Nabatieh","Lebanon (95)","","","","Nabatiyah al-Fawqih","","Lebanon (95)","1",""
"23e72ef72113","2025-01-26","The Israeli military, under the direction of Prime Minister Benjamin Netanyahu, announced plans to continue its occupation of southern Lebanon beyond the January 26 deadline set in the ceasefire agreement with Hezbollah. This decision is based on the assertion that the Lebanese army has not deployed quickly enough to replace Israeli forces, which were supposed to be succeeded by United Nations Interim Force in Lebanon (UNIFIL) troops and then the Lebanese army.","In a statement on Friday, however, Netanyahu’s office said that Israeli forces are going to remain in southern Lebanon past the deadline, claiming that the Lebanese army has not deployed quickly enough in the region.","Israeli military COERCE Lebanese army","CONFLICT","COERCE","-0.6","Israeli military","Israeli military","Israel (83)","Lebanese army","Lebanese army","Lebanon (95)","Benjamin Netanyahu; Hezbollah; United Nations Interim Force in Lebanon (UNIFIL)","Benjamin Netanyahu; Hezbollah; United Nations Interim Force in Lebanon (UNIFIL)","Israel (83); Lebanon (95)","southern Lebanon","","Lebanon (95)","1",""
"5c8e15768b0f","2025-01-26","Israeli forces advanced towards a gathering of civilians in the village of Mays al-Jabal, southern Lebanon, and opened fire, resulting in the deaths of 22 individuals, including six women, and injuring 124 others. This action was reported by the Lebanese Health Ministry and involved the use of a Merkava tank and a bulldozer to intimidate and disperse the residents.","The death toll from Israeli attacks on crowds of Lebanese trying to return to their homes in southern Lebanon has risen to 22, including six women, with 124 others injured, the Lebanese Health Ministry said.","Israeli forces ASSAULT Civilians in Mays al-Jabal","CONFLICT","ASSAULT","-0.9","Israeli forces","Israeli military","Israel (83)","Civilians in Mays al-Jabal","Civilians in Mays al-Jabal","Lebanon (95)","","","","Mays al-Jabal; Southern Lebanon","","Lebanon (95); Lebanon (95)","2",""
"75d57f25b79d","2025-01-25","Israeli gunfire targeted crowds of Lebanese attempting to return to their homes in southern Lebanon, resulting in the deaths of 11 individuals, including 10 civilians and 1 soldier. The incident occurred along the southern border with Israel, highlighting ongoing tensions in the region.","The death toll from Israeli gunfire targeting crowds of Lebanese trying to return to their homes in southern Lebanon has risen to 11, with 83 others injured, the Lebanese Health Ministry said on Sunday.","Israeli gunfire ASSAULT Lebanese civilians and a soldier","CONFLICT","ASSAULT","-0.9","Israeli gunfire","Israeli gunfire","Israel (83)","Lebanese civilians; Lebanese soldier","Lebanese civilians; Lebanese army soldier","Lebanon (95); Lebanon (95)","","","","southern Lebanon; southern border with Israel","","Lebanon (95); Lebanon (95)","1",""
"f63dabdd0b1b","2025-01-25","Israeli forces opened fire in the border towns of Houla and Kfar Kila, Lebanon, targeting citizens attempting to return to their villages. This incident resulted in the deaths of two individuals and injuries to 32 others, amidst tensions related to a ceasefire agreement with Hezbollah.","Lebanon's health ministry said Israeli forces had opened fire in at least two border towns on 'citizens who were trying to return to their villages', killing two and wounding 32.","Israeli forces ASSAULT civilians in Houlu and Kfar Kila","CONFLICT","ASSAULT","-0.9","Israeli forces","Israeli military","Israel (83)","Civilians in Houlu and Kfar Kila","Civilians in Houlu and Kfar Kila","Lebanon (95)","Hezbollah","Hezbollah","Lebanon (95)","Houlu; Kfar Kila","","Lebanon (95); Lebanon (95)","1",""
"3b15c2c90707","2025-01-25","Israeli Prime Minister Benjamin Netanyahu's office announced that the ceasefire agreement with Hezbollah includes a gradual withdrawal process that may extend beyond the initially agreed 60-day period. The withdrawal is contingent upon the Lebanese army's deployment in southern Lebanon and the enforcement of the agreement, which requires Hezbollah to withdraw its forces beyond the Litani River.","The withdrawal process is conditional upon the Lebanese army deploying in southern Lebanon and fully and effectively enforcing the agreement, with Hezbollah withdrawing beyond the Litani River.","Benjamin Netanyahu's office AGREE Hezbollah and the Lebanese army","COOPERATION","AGREE","0.5","Benjamin Netanyahu's office","Benjamin Netanyahu's government","Israel (83)","Hezbollah; Lebanese army","Hezbollah; Lebanese army","Lebanon (95); Lebanon (95)","","","","Southern Lebanon; Litani River","","Lebanon (95); Lebanon (95)","1",""
"942b6b54539c","2025-01-25","Israeli military fire resulted in the death of one individual and injuries to nine others in the village of Houla, Lebanon. This incident occurred as residents attempted to return to their homes in the border area, where Israeli forces remained deployed despite a ceasefire agreement that mandated their withdrawal.","Israeli fire killed one person in the south Lebanon border village of Houla on Sunday, the Lebanese health ministry said in a statement.","Israeli military ASSAULT residents of Houly","CONFLICT","ASSAULT","-0.9","Israeli military","Israeli military","Israel (83)","Residents of Houly","Residents of Houly","Lebanon (95)","","","","Houly","","Lebanon (95)","1",""
"c4d1bd9890f5","2025-01-25","Israeli forces remained in south Lebanon after a stipulated deadline for their withdrawal, leading to renewed tensions and resulting in one person killed and 17 wounded, as reported by Lebanon's health ministry. The withdrawal was part of a U.S.-brokered ceasefire following last year's conflict with Hezbollah.","Israeli forces in south Lebanon have sparked renewed tensions by remaining in the area after a stipulated deadline for their withdrawal. This has resulted in one person killed and 17 wounded, according to Lebanon's health ministry.","Israeli forces ACCUSE Hezbollah","CONFLICT","ACCUSE","-0.3","Israeli forces","Israeli military","Israel (83)","Hezbollah","Hezbollah","Lebanon (95)","United States; Lebanon's health ministry","United States; Lebanese Health Ministry","USA (185); Lebanon (95)","South Lebanon","","Lebanon (95)","1",""
"09258e0ae069","2025-01-25","Israeli troops engaged in military action in south Lebanon, resulting in the deaths of 22 individuals, including a soldier, as residents attempted to return home on the day Israel was scheduled to withdraw under a truce deal. This incident occurred amidst ongoing tensions related to a ceasefire agreement that had been in effect since November 27, which stipulated the withdrawal of Israeli forces and the deployment of the Lebanese army alongside UN peacekeepers.","Israeli troops killed 22 people in south Lebanon yesterday including a soldier, health officials said, as residents tried to return home on the day Israel was meant to withdraw under a truce deal.","Israeli troops ASSAULT residents of south Lebanon and a Lebanese soldier","CONFLICT","ASSAULT","-0.9","Israeli troops","Israeli military","Israel (83)","Residents of south Lebanon; Lebanese soldier","Residents of southern Lebanon; Lebanese army soldier","Lebanon (95); Lebanon (95)","United Nations peacekeepers","United Nations peacekeepers","United Nations","South Lebanon","","Lebanon (95)","57",""
"a3e1b77d18ef","2025-01-25","Israeli troops opened fire on residents in the southern Lebanon border village of Houla, resulting in the death of one person and injuries to nine others. Additionally, eight more individuals were wounded in Kfar Kila as residents attempted to return to their homes in the area where Israeli forces remained despite the expiration of the 60-day withdrawal period outlined in the ceasefire agreement with Hezbollah.","Israeli fire killed one person in the southern Lebanon border village of Houla on Sunday, the Lebanese health ministry said in a statement.","Israeli troops ASSAULT residents of Houya and Kfar Kila","CONFLICT","ASSAULT","-0.9","Israeli troops","Israeli military","Israel (83)","Residents of Houya; Residents of Kfar Kila","Residents of Houya; Residents of Kfar Kila","Lebanon (95); Lebanon (95)","Hezbollah","Hezbollah","Lebanon (95)","Houya; Kfar Kila","","Lebanon (95); Lebanon (95)","1",""
"cbca0689d984","2025-01-24","Israeli Prime Minister Benjamin Netanyahu indicated that Israel may not complete its withdrawal from Lebanon by the deadline set in the ceasefire agreement with Hezbollah, which is scheduled for January 26, 2025. The United States is reportedly advocating for an extension of this deadline due to concerns over the enforcement of the agreement by the Lebanese government.","Netanyahu said in a statement that the ceasefire 'is based on the understanding that the withdrawal process could possibly continue beyond the 60 days.'","Benjamin Netanyahu ACCUSE Lebanon","CONFLICT","ACCUSE","-0.2","Benjamin Netanyahu","Benjamin Netanyahu","Israel (83)","Lebanon","Lebanon","Lebanon (95)","Hezbollah; United States","Hezbollah; United States","Lebanon (95); USA (185)","Lebanon","","Lebanon (95)","1",""
"ff4098bdfc08","2025-01-24","Israel announced that its withdrawal of forces from southern Lebanon will continue beyond the 60-day period outlined in a November ceasefire agreement with Hezbollah. This decision is based on the condition that the Lebanese army must deploy in southern Lebanon and enforce the agreement, which includes Hezbollah withdrawing beyond the Litani River.","The withdrawal process is conditional upon the Lebanese army deploying in southern Lebanon and fully and effectively enforcing the agreement, with Hezbollah withdrawing beyond the Litani River.","Israel ACCUSE Lebanese army and Hezbollah","CONFLICT","ACCUSE","-0.3","Israel","Israel","Israel (83)","Lebanese army; Hezbollah","Lebanese army; Hezbollah","Lebanon (95); Lebanon (95)","","","","southern Lebanon; Litani River","","Lebanon (95); Lebanon (95)","1",""
"78b62a0c93fa","2025-01-23","The Israeli government, led by Prime Minister Benjamin Netanyahu, announced that the Israel Defense Forces (IDF) will not withdraw from southern Lebanon by the 60-day deadline set under a ceasefire agreement with Hezbollah. The decision is based on the condition that the Lebanese army must deploy in the region, and it is made in coordination with the United States.","The IDF withdrawal is conditional upon the Lebanese army deploying in southern Lebanon. Since the ceasefire agreement has not yet been fully enforced by Lebanon, the gradual withdrawal process will continue, in full coordination with the United States.","Israeli government ACCUSE Lebanese army","CONFLICT","ACCUSE","-0.3","Israeli government","Israeli government","Israel (83)","Lebanese army","Lebanese army","Lebanon (95)","Israel Defense Forces; Hezbollah; United States","Israeli military; Hezbollah; United States","Israel (83); Lebanon (95); USA (185)","southern Lebanon","","Lebanon (95)","1",""
"d0af09a9b482","2025-01-21","An Israeli military force advanced into the Lebanese town of Taybeh, conducted extensive searches in the area up to Adchit Al-Qusayr, and set fire to several homes. This action is part of Israel's efforts to establish control over the Lebanese border area during the remaining time of the ceasefire deal with Hezbollah.","An Israeli force on Wednesday advanced into the Lebanese town of Taybeh, conducted extensive searches in the area up to Adchit Al-Qusayr and set fire to several homes.","Israeli military force ASSAULT Lebanese civilians in Taybeh","CONFLICT","ASSAULT","-0.9","Israeli military force","Israeli military","Israel (83)","Lebanese civilians in Taybeh","Lebanese civilians in Taybeh","Lebanon (95)","Hezbollah","Hezbollah","Lebanon (95)","Taybeh; Adchit Al-Qusayr","","Lebanon (95); Lebanon (95)","1",""
"8c9b3051cae9","2025-01-13","An Israeli airstrike conducted by a drone killed three individuals near the Shebaa farms area in southern Lebanon. This attack is reported as a breach of the ceasefire between Hezbollah and Israel, which was brokered by the US and France in November 2024.","Tensions flared along the Lebanese-Israeli border as an Israeli airstrike killed three individuals near the Shebaa farms area in southern Lebanon, according to a Lebanese military source.","Israeli airstrike ASSAULT unknown individuals near Shebaa farms, southern Lebanon","CONFLICT","ASSAULT","-0.9","Israeli airstrike","Israeli airstrike","Israel (83)","Unknown individuals near Shebaa farms, southern Lebanon","Unknown individuals near Shebaa farms, southern Lebanon","Lebanon (95)","Hezbollah; United States; France","Hezbollah; United States; France","Lebanon (95); USA (185); France (62)","Shebaa farms area, southern Lebanon","","Lebanon (95)","1",""
"23fd7c35fb9e","2025-01-13","The Israel Defense Forces (IDF) conducted multiple strikes on Hezbollah targets in Lebanon, including a rocket launcher site and a route along the Syria-Lebanon border used for smuggling weapons. This operation was part of efforts to address threats to the Israeli home front and IDF troops, which had not been resolved through the ceasefire monitoring mechanism.","The IDF said that 'prior to the strike, the threat posed by the targets to the Israeli home front and IDF troops was presented to the monitoring mechanism of the ceasefire understandings between Israel and Lebanon, and the threats were not addressed.'","Israel Defense Forces ASSAULT Hezbollah","CONFLICT","ASSAULT","-0.9","Israel Defense Forces","Israeli military","Israel (83)","Hezbollah","Hezbollah","Lebanon (95)","","","","Lebanon; Syria-Lebanon border","","Lebanon (95)","2",""
"8be6eac72976","2025-01-10","An Israeli drone strike targeted a car in Tayr Dibba, Lebanon, resulting in the deaths of two individuals. This incident occurred amidst a fragile ceasefire in the ongoing conflict between Israel and Hezbollah, which has been in effect since late November 2024.","Lebanon’s health ministry said an Israeli strike on Friday killed two people in the country’s south, where a fragile ceasefire in the Israel-Hezbollah war has largely held since late November.","Israeli drone strike ASSAULTED a car in Tayr Dibis, Lebanon, resulting in the deaths of two individuals.","CONFLICT","ASSAULT","-0.9","Israeli drone strike","Israeli drone strike","Israel (83)","Car in Tayr Dibis; Two individuals","Car in Tayr Dibis; Two individuals","Lebanon (95); Lebanon (95)","Israel; Hezbollah","Israel; Hezbollah","Israel (83); Lebanon (95)","Tayr Dibis","","Lebanon (95)","2",""
"043b73d8d66e","2025-01-10","Israel conducted an assassination operation against Hassan Nasrallah, the leader of Hezbollah for the last three decades, as part of its ongoing efforts to counter threats from militant groups in the region.","Less than a month earlier, Israel assassinated Hassan Nasrallah, the leader of Hezbollah for the last three decades.","Israel ASSAULT Hassan Nasrallah","CONFLICT","ASSAULT","-0.9","Israel","Israel","Israel (83)","Hassan Nasrallah","Hassan Nasrallah","Lebanon (95)","Hezbollah","Hezbollah","Lebanon (95)","Immaterial","","Immaterial","1",""
"1b37c01c1ca1","2025-01-09","The Israeli military conducted an air strike in Tayr Dibba, a village near Tyre in southern Lebanon, targeting a Hezbollah weapons truck. This action resulted in the deaths of five individuals, according to the Lebanese health ministry, and further strained the fragile ceasefire established on November 27.","Israel struck south Lebanon yesterday, killing five people according to the Lebanese health ministry, with the Israeli military saying it targeted a Hezbollah weapons truck.","Israeli military ASSAULT Hezbollah militants","CONFLICT","ASSAULT","-0.9","Israeli military","Israeli military","Israel (83)","Hezbollah militants","Hezbollah","Lebanon (95)","","","","Tayr Dibai; Tyr; Southern Lebanon","","Lebanon (95); Lebanon (95); Lebanon (95)","2",""
"91be038af3bf","2025-01-07","The ongoing conflict involving Israel, Hezbollah, Hamas, and other regional actors continues to impact the security situation in the region. Despite claims of success by Israel in diminishing Hezbollah's influence and targeting Hamas leadership, the declared objectives of recovering hostages and ensuring the safety of residents have not been met, leading to ongoing threats from rocket fire towards Israeli cities.","the so-called successes attributed to Israel—such as diminishing Hezbollah’s influence in Lebanon, targeting its leader Hassan Nasrallah, weakening Hamas, nearly eliminating its leadership in Gaza and beyond, striking Iran and the Houthis in Yemen, and displacing Bashar al-Assad’s regime in Syria—have yet to fulfill Israel’s declared objectives.","Israel ACCUSE Hezbollah and Hamas","CONFLICT","ACCUSE","-0.3","Israel","Israel","Israel (83)","Hezbollah; Hamas","Hezbollah; Hamas","Lebanon (95); Palestine (195)","Hostages; Residents of Israeli cities","Hostages; Israeli cities","Israel (83)","Israel; Lebanon; Gaza Strip","","Israel (83); Lebanon (95); Palestine (195)","1",""
"a13cd9914b77","2025-01-05","Israeli Defence Minister Israel Katz accused Hezbollah of failing to comply with the terms of a ceasefire agreement during a visit to an IDF base in northern Israel. He warned that Israel may take military action if violations continue, emphasizing the need to enforce the agreement in Lebanon to ensure the safe return of displaced residents.","Israeli Defence Minister Israel Katz has accused Hezbollah of failing to comply with the terms of a ceasefire agreement and warned of military action if violations continue.","Israel Katz ACCUSE Hezbollah","CONFLICT","ACCUSE","-0.3","Israel Katz","Israel Katz","Israel (83)","Hezbollah","Hezbollah","Lebanon (95)","displaced residents of Lebanon","Lebanese displaced individuals","Lebanon (95)","IDF base, northern Israel; Lebanon","","Israel (83); Lebanon (95)","1",""
"2811db141991","2025-01-04","Israeli Defence Minister Israel Katz issued a warning regarding Hezbollah's failure to comply with the ceasefire terms, stating that if the group continues to breach the agreement, Israel would be compelled to take action. This statement followed Katz's visit to the military's northern command and addressed Hezbollah's non-withdrawal beyond the Litani river in southern Lebanon, as required by the ceasefire.","Katz said Hezbollah had still not withdrawn 'beyond the Litani river' in southern Lebanon, as stipulated in the ceasefire deal. He added that 'if this condition is not met, there will be no agreement and Israel will be forced to act on its own to ensure the safe return of residents of the north to their homes.'","Israel Katz THREATEN Hezbollah","CONFLICT","THREATEN","-0.6","Israel Katz","Israel Katz","Israel (83)","Hezbollah","Hezbollah","Lebanon (95)","","","","Northern Lebanon; Litani River; Southern Lebanon","","Lebanon (95); Lebanon (95); Lebanon (95)","3",""
"19d554337268","2024-12-28","Israeli forces infiltrated the villages of Taybeh and Al-Qantara in Lebanon, where they set fire to several houses. This action prompted a response from the Lebanese army and the UN Interim Force in Lebanon (UNIFIL), which dispatched a joint patrol to assess the situation in coordination with the committee overseeing the ceasefire deal.","According to a Lebanese army statement carried by the country’s National News Agency, Israeli forces infiltrated the villages of Taybeh and Al-Qantara on Saturday, where they set fire to several houses.","Israeli forces ASSAULT Lebanese civilians","CONFLICT","ASSAULT","-0.9","Israeli forces","Israeli military","Israel (83)","Lebanese civilians","Lebanese civilians","Lebanon (95)","Lebanese army; UN Interim Force in Lebanon (UNIFIL); Committee overseeing the ceasefire deal","Lebanese army; United Nations Interim Force in Lebanon (UNIFIL); Ceasefire Monitoring Committee","Lebanon (95)","Taybeh; Al-Qariye","","Lebanon (95); Lebanon (95)","1",""
"b95584d40315","2024-12-26","Israeli forces conducted military operations in southern Lebanon, specifically targeting areas such as Qantara, Adshit al-Qusayr, and Wadi al-Hujayr. This action was reported by the Lebanese Armed Forces (LAF), which stated that the Israeli military violated the ceasefire agreement and attacked Lebanese sovereignty. During these operations, Israeli troops shot and abducted a Lebanese citizen, Hussam Fawaz, in Wadi al-Hujayr, who was later released with UNIFIL's assistance.","Israeli forces deepened their incursions into southern Lebanon, targeting areas including Qantara, Adshit al-Qusayr, and Wadi al-Hujayr, the LAF reported in a statement on Thursday.","Israeli forces ASSAULT Lebanese Armed Forces and Lebanese civilians","CONFLICT","ASSAULT","-0.9","Israeli forces","Israeli military","Israel (83)","Lebanese Armed Forces; Lebanese civilians","Lebanese army; Lebanese civilians","Lebanon (95); Lebanon (95)","United Nations Interim Force in Lebanon (UNIFIL)","United Nations Interim Force in Lebanon (UNIFIL)","United Nations","southern Lebanon; Qantara; Adra al-Qusayr; Wadi al-Hujair","","Lebanon (95); Lebanon (95); Lebanon (95); Lebanon (95)","1",""
"9a2e4ed87e89","2024-12-25","An Israeli airstrike targeted a house in the Taraya village plain, near Baalbek, Lebanon, early in the morning. This action occurred despite a standing ceasefire agreement between Lebanon and Israel, which was implemented on November 27, 2024, to end over 14 months of conflict.","The strike, which caused no casualties, has reignited tensions in the region and raised questions about the durability of the ceasefire.","Israeli airstrike ASSAULTED a house in Taraita village, near Baalbek, Lebanon.","CONFLICT","ASSAULT","-0.9","Israeli airstrike","Israeli airstrike","Israel (83)","House in Taraya village","House in Taraya village","Lebanon (95)","","","","Taraya village, near Baalbek","","Lebanon (95)","1",""
"63df862239ae","2024-12-25","The Israeli Air Force conducted an airstrike on a house in the Taraya village area of Baalbek, Lebanon, despite an existing ceasefire agreement with Lebanon. The strike, which occurred at dawn, was reported by Lebanese officials and military sources, who stated that it violated the ceasefire that had been in effect since November 27.","An Israeli airstrike hit a house in eastern Lebanon’s Baalbek area, despite a ceasefire agreement between Lebanon and Israel, Lebanese official and military sources said.","Israeli Air Force ASSAULT Lebanese civilians","CONFLICT","ASSAULT","-0.9","Israeli Air Force","Israeli Air Force","Israel (83)","Lebanese civilians","Lebanese civilians","Lebanon (95)","Lebanon","Lebanon","Lebanon (95)","Taraya village, Baalbek","","Lebanon (95)","1",""
"63d217080b59","2024-12-25","The Israeli army launched an airstrike in the Bekaa region of eastern Lebanon, specifically targeting an area between the towns of Talia and Hizzine in the Baalbek district. This airstrike marks the first such attack since a ceasefire agreement was established on November 27, 2024, aimed at ending hostilities between the Israeli army and Hezbollah.","The Israeli army launched an airstrike in the Bekaa region in eastern Lebanon on Wednesday, the first such attack since a ceasefire agreement last month, Lebanese media said, Anadolu reported.","Israeli army ASSAULT Hezbollah","CONFLICT","ASSAULT","-0.9","Israeli army","Israeli military","Israel (83)","Hezbollah","Hezbollah","Lebanon (95)","","","","Bekaa region; Tulay; Hizzine; Baalbek district","","Lebanon (95); Lebanon (95); Lebanon (95); Lebanon (95)","3",""
"7a2f3c549446","2024-12-22","Israel's Defence Minister Israel Katz visited an Israeli army outpost in southern Lebanon to oversee security arrangements related to the ceasefire agreement with Hezbollah. During the visit, he threatened decisive action against Hezbollah if the group does not retreat behind the Litani River as mandated by the ceasefire, which has been in effect since November 27.","Katz's visit to the outpost on Sunday, which overlooks the Lebanese villages of Marun al-Ras and Yaroun, aimed to 'oversee security arrangements before the next phases of the implementation of the ceasefire agreement.'","Israel's Defense Minister Israel Katz THREATEN Hezbollah","CONFLICT","THREATEN","-0.6","Israel Katz","Israel Katz","Israel (83)","Hezbollah","Hezbollah","Lebanon (95)","","","","southern Lebanon; Litani River","","Lebanon (95); Lebanon (95)","1",""
"c2d361c8792f","2024-12-22","Israeli Defence Minister Israel Katz visited an Israel Defense Forces (IDF) outpost in Lebanon to oversee preparations for the next stage of a ceasefire agreement with Hezbollah. The visit aimed to ensure compliance with the ceasefire terms, which require Hezbollah to withdraw its armed presence from southern Lebanon south of the Litani River.","""We have extracted the serpent's fangs, and if Hezbollah does not withdraw beyond the LitRiver and attempts to violate the ceasefire, we will crush its head,"" Katz stated.","Israel Katz CONSULT Israel Defense Forces and Hezbollah","COOPERATION","CONSULT","0.2","Israel Katz","Israel Katz","Israel (83)","Israel Defense Forces; Hezbollah","Israeli military; Hezbollah","Israel (83); Lebanon (95)","","","","Lebanon; Southern Lebanon; Litani River","","Lebanon (95); Lebanon (95); Lebanon (95)","1",""
"2ca3fe1cbbf6","2024-12-22","Between November 27 and December 22, 2024, the Israeli army conducted over 816 land and air attacks against Lebanon, resulting in at least 45 fatalities and the arrest of 17 civilians from border towns. The violations included airstrikes, drone flights, artillery shelling, and incursions, as reported by a source from the Lebanese army.","At least 45 people have been killed between November 27 and December 22 in Israeli violations of the ceasefire agreement, according to a source from the Lebanese army.","Israeli army ASSAULT Lebanon and Lebanese civilians","CONFLICT","ASSAULT","-0.9","Israeli army","Israeli military","Israel (83)","Lebanon; Lebanese civilians","Lebanon; Lebanese civilians","Lebanon (95); Lebanon (95)","","","","Lebanon","","Lebanon (95)","1",""
"f928bd8b2426","2024-12-15","Israeli troops from the 91st Division conducted a counter-terrorism operation in southern Lebanon, successfully confiscating over 10,000 weapons from Hezbollah forces. This operation targeted Hezbollah strongholds in the Litani and Saluki areas and included strikes on more than 1,000 Hezbollah targets, significantly disrupting their capacity for terrorist activities.","In a major counter-terrorism operation, Israeli troops from the 91st Division have successfully confiscated more than 10,000 weapons from Hezbollah forces in southern Lebanon, as disclosed by the Israel Defense Forces on Sunday.","Israeli troops from the 91st Division ASSAULT Hezbollah forces","CONFLICT","ASSAULT","-0.9","Israeli troops from the 91st Division","Israeli Military's 91st Division","Israel (83)","Hezbollah forces","Hezbollah","Lebanon (95)","","","","southern Lebanon; Litani; Salaiha","","Lebanon (95); Lebanon (95); Lebanon (95)","1",""
"d4cf5be24c61","2024-12-14","An Israeli drone strike targeted a car in al-Khardali, Marjayoun district, Lebanon, resulting in the death of one person. This incident occurred despite an ongoing ceasefire between Israel and Hezbollah that has lasted more than two weeks.","""An Israeli enemy drone strike... killed one person"" in al-Khardali in the Marjayoun district, the health ministry said in a statement.","Israeli drone strike ASSAULT Civilians in al-Kourah","CONFLICT","ASSAULT","-0.9","Israeli drone strike","Israeli drone strike","Israel (83)","Civilians in al-Kourah","Civilians in Al-Habbariah","Lebanon (95)","Hezbollah","Hezbollah","Lebanon (95)","al-Kourah; Marjayoun district","","Lebanon (95); Lebanon (95)","1",""
"60cb26ea881e","2024-12-13","An Israeli drone strike in the Marjayoun district of southern Lebanon resulted in the death of one person. This incident occurred despite an ongoing ceasefire that began on November 27 between Israel and the Hezbollah militant group.","Lebanon's health ministry said an Israeli drone strike in the south killed one person yesterday, the latest deadly raid despite a more than two-week ceasefire between Israel and Hezbollah.","Israel ASSAULT Hezbollah militant group and civilians in Marjayoun district","CONFLICT","ASSAULT","-0.9","Israel","Israel","Israel (83)","Hezbollah militant group; Civilians in Marjayoun district","Hezbollah; Civilians in Marjayoun","Lebanon (95); Lebanon (95)","","","","Marjayoun district, southern Lebanon","","Lebanon (95)","1",""
"6cd089af5784","2024-12-11","An Israeli airstrike targeted a neighborhood in the town of Bint Jbeil, southern Lebanon, resulting in the deaths of three individuals. This attack is part of a series of airstrikes that occurred on the same day, which also included strikes on the town of Khiam and the villages of Aainata and Beit Lif, leading to additional casualties.","An Israeli airstrike targeted a neighbourhood in the town of Bint Jbeil in southern Lebanon killing three people, the Lebanese Health Ministry reported.","Israeli military ASSAULT Lebanese civilians","CONFLICT","ASSAULT","-0.9","Israeli military","Israeli military","Israel (83)","Lebanese civilians","Lebanese civilians","Lebanon (95)","","","","Bint Jbeil; Khiam; Aainata; Beit Lif","","Lebanon (95); Lebanon (95); Lebanon (95); Lebanon (95)","3",""
"79cdebe5b183","2024-12-08","An Israeli airstrike in the village of Deir Siriane in southern Lebanon resulted in the death of one person. This attack occurred amidst ongoing tensions and hostilities in the region.","Meanwhile, a person was killed in an Israeli airstrike on a motorbike in the village of Deir Siriane in southern Lebanon, Xinhua news agency reported quoting NNA.","Israeli military ASSAULT Civilians in Deir Sirbane","CONFLICT","ASSAULT","-0.9","Israeli military","Israeli military","Israel (83)","Civilians in Deir Sirbane","Civilians in Deir Sirbane","Lebanon (95)","","","","Deir Sirbane","","Lebanon (95)","1",""
"cfdd2fdbea10","2024-12-08","An Israeli airstrike targeted the village of Beit Lif in the Bint Jbeil district of southern Lebanon, resulting in the deaths of four individuals and injuries to six others. This incident is part of ongoing hostilities despite a ceasefire agreement brokered by the US and France.","Four people were killed and six others injured in an Israeli airstrike on the village of Beit Lif in the Bint Jbeil district in southern Lebanon, the Lebanese National News Agency (NNA) reported.","Israeli airstrike ASSAULT Civilians in Beit Lif","CONFLICT","ASSAULT","-0.9","Israeli airstrike","Israeli airstrike","Israel (83)","Civilians in Beit Lif","Civilians in Beit Lif","Lebanon (95)","United States; France","United States; France","USA (185); France (62)","Beit Lif, Bint Jbeir district","","Lebanon (95)","1",""
"a19479199b95","2024-12-08","Israeli airstrikes hit the village of Dibbine in southern Lebanon, killing at least three people. This attack is part of the broader escalation of violence along the Israeli-Lebanese border.","In addition, Israeli airstrikes also hit southern Lebanon, where at least three people were killed in the village of Dibbine, located in the Marjeyoun district.","Israeli airstrikes ASSAULT Residents of Dibbine","CONFLICT","ASSAULT","-0.9","Israeli airstrikes","Israeli airstrike","Israel (83)","Residents of Dibbine","Residents of Dibbine","Lebanon (95)","","","","Dibbine; southern Lebanon","","Lebanon (95); Lebanon (95)","1",""
"3372250a2e64","2024-12-07","Israeli military conducted airstrikes on two villages in southern Lebanon, resulting in the deaths of six individuals and injuries to five others. The strikes targeted Beit Lif village, where five fatalities occurred, and a drone strike hit Deir Seryan, killing one person. This incident poses a challenge to the fragile ceasefire that has been in effect for less than two weeks.","Israeli strikes on two southern Lebanese villages killed six people and wounded five, the Lebanese health ministry said on Saturday, in the latest potential challenge to a fragile ceasefire that has been in place for less than two weeks.","Israeli military ASSAULT Civilians in Beit Lif village and Deir Serya","CONFLICT","ASSAULT","-0.9","Israeli military","Israeli military","Israel (83)","Civilians in Beit Lif village; Civilians in Deir Serya","Civilians in Beit Lif; Civilians in Deir Serya","Lebanon (95); Lebanon (95)","","","","Beit Lif village; Deir Serya","","Lebanon (95); Lebanon (95)","3",""
"296e00a97211","2024-12-07","Israeli airstrikes in southern Lebanon resulted in the deaths of six individuals, including five in the town of Beit Lif and one in Deir Seryan, amid accusations of ceasefire violations by both Israel and Hezbollah. The strikes were part of Israeli military operations targeting Hezbollah militants perceived as threats to Israeli forces.","""The Israeli enemy's airstrike on the town of Beit Lif resulted in the martyrdom of five people and the injury of five others,"" a health ministry statement said, adding that in a separate incident a drone strike killed one person in Deir Seryan.","Israel ASSAULT Hezbollah militants and civilians in southern Lebanon","CONFLICT","ASSAULT","-0.9","Israel","Israel","Israel (83)","Hezbollah militants; Civilians in southern Lebanon","Hezbollah; Civilians in Lebanon","Lebanon (95); Lebanon (95)","","","","southern Lebanon; Beirut Lif; Deir Serya","","Lebanon (95); Lebanon (95); Lebanon (95)","1",""
"5dbad5dcc97f","2024-12-07","Israeli airstrikes in southern Lebanon resulted in the deaths of six individuals, including five in Beit Lif and one in a drone attack on Deir Seryan. This incident poses a significant threat to the fragile ceasefire that has been in place for two weeks, amidst ongoing tensions between Israel and Hezbollah.","Israeli airstrikes in southern Lebanon have claimed six lives, including five in Beit Lif and one in a drone attack on Deir Seryan.","Israeli military ASSAULT Civilians in southern Lebanon","CONFLICT","ASSAULT","-0.9","Israeli military","Israeli military","Israel (83)","Civilians in southern Lebanon","Civilians in Lebanon","Lebanon (95)","Hezbollah","Hezbollah","Lebanon (95)","southern Lebanon; Beit Lif; Deir Serya","","Lebanon (95); Lebanon (95); Lebanon (95)","1",""
"c75acbb74ff7","2024-12-07","The Israel Defense Forces (IDF) conducted an airstrike against a Hezbollah militant in southern Lebanon. The IDF stated that the militant posed a threat to Israeli troops in the area, which is in violation of the ceasefire agreements between Israel and Lebanon. This operation is part of ongoing IDF actions against perceived terrorist activities in southern Lebanon.","The Israel Defense Forces (IDF) said in a statement that its Air Force struck a Hezbollah militant in southern Lebanon on Saturday.","Israel Defense Forces ASSAULT Hezbollah militant","CONFLICT","ASSAULT","-0.9","Israel Defense Forces","Israeli military","Israel (83)","Hezbollah militant","Hezbollah","Lebanon (95)","Israeli troops","Israeli military","Israel (83)","southern Lebanon; southern Lebanon","","Lebanon (95); Lebanon (95)","2",""
"35f66a7aed08","2024-12-06","An Israeli airstrike targeted the village of Aitaroun in southern Lebanon, injuring five individuals. The airstrike involved the dropping of bombs on several houses, causing structural damage.","An Israeli airstrike targeted a border village in southern Lebanon, injuring five people, the Lebanese Health Ministry reported.","Israeli airstrike ASSAULT Residents of Aitaroun","CONFLICT","ASSAULT","-0.9","Israeli airstrike","Israeli airstrike","Israel (83)","Residents of Aitaroun","Residents of Aitaroun","Lebanon (95)","","","","Aitaroun","","Lebanon (95)","1",""
"deda4ee1cb65","2024-12-06","Israeli airstrikes targeted two border crossings between Lebanon and Syria on December 6, 2024, as reported by Lebanon’s transport minister, Ali Hamieh. The airstrikes rendered the Arida border crossing inoperable.","On Friday morning, Israeli airstrikes hit two border crossings between Lebanon and Syria, Lebanon’s transport minister, Ali Hamieh, said. The Syrian state news agency, Sana, said the Arida border crossing with Lebanon was out of service due to the attack.","Israeli airstrikes ASSAULT Lebanon and Syria","CONFLICT","ASSAULT","-0.9","Israeli airstrikes","Israeli airstrike","Israel (83)","Lebanon; Syria","Lebanon; Syria","Lebanon (95); Syria (169)","","","","Lebanon; Syria; Arida border crossing","","Lebanon (95); Syria (169); Lebanon (95)","1",""
"cfb8941a8499","2024-12-03","Israel is likely to continue its military operations targeting Hezbollah positions in Syria, while also expressing concern over the rapid territorial gains made by Islamist groups, particularly Hayat Tahrir al-Sham (HTS) and the Syrian National Army (SNA). This situation arises as these groups have recently seized Aleppo and advanced towards Hama, prompting Israel to reassess the implications for its security and the regional balance of power.","Israel is likely to continue striking Hezbollah targets in Syria but is also 'wary' of the rapid advance that the Islamist rebels opposing its regime have made, military analysts have told the JC.","Israel ACCUSE Hezbollah, Hayat Tahrir al-Sham (HTS), and the Syrian National Army (SNA)","CONFLICT","ACCUSE","-0.3","Israel","Israel","Israel (83)","Hezbollah; Hayat Tahrir al-Sham (HTS); Syrian National Army (SNA)","Hezbollah; Hayat Tahrir al-Sham (HTS); Syrian National Army (SNA)","Lebanon (95); Syria (169); Syria (169)","","","","Syria; Aleppo; Hama","","Syria (169); Syria (169); Syria (169)","1",""
"ca89afe54f8d","2024-12-03","The Israel Defence Forces (IDF) launched airstrikes on Hezbollah positions in southern Lebanon, resulting in the deaths of at least nine individuals. This action followed an alleged attack on an Israeli military post and occurred despite the ongoing ceasefire agreement.","At least nine people were killed by Israeli strikes on two southern Lebanese villages, according to the country's public health ministry.","Israel Defense Forces ASSAULT Hezbollah","CONFLICT","ASSAULT","-0.9","Israel Defense Forces","Israeli military","Israel (83)","Hezbollah","Hezbollah","Lebanon (95)","","","","southern Lebanon","","Lebanon (95)","1",""
"29b447965481","2024-12-03","An Israeli drone strike targeted the town of Shebaa in southern Lebanon, resulting in the death of one person. This incident occurred amid ongoing tensions and a fragile truce between Israel and Hezbollah.","“An Israeli enemy drone strike on the town of Shebaa killed one person,” a health ministry statement said.","Israeli drone strike ASSAULT Shebaa","CONFLICT","ASSAULT","-0.9","Israeli drone strike","Israeli drone strike","Israel (83)","Shebaa","Shebaa","Lebanon (95)","Hezbollah","Hezbollah","Lebanon (95)","Shebaa; Southern Lebanon","","Lebanon (95); Lebanon (95)","1",""
"58fe446474f5","2024-12-03","The Israeli military conducted an airstrike in Damascus, Syria, resulting in the death of Salman Jumaa, a senior Hezbollah figure responsible for liaising with the Syrian army. This operation was confirmed by the Israeli military and reported by a Lebanese security source earlier in the day.","The Israeli military confirmed on Tuesday that its forces had killed Salman Jumaa, a senior Hezbollah figure responsible for liaising with the Syrian army, in Damascus.","Israeli military ASSAULT Salman Jumaa","CONFLICT","ASSAULT","-0.9","Israeli military","Israeli military","Israel (83)","Salman Jumaa","Salman Jumaa","Lebanon (95)","Hezbollah; Syrian army","Hezbollah; Syrian military","Lebanon (95); Syria (169)","Damascus","","Syria (169)","2",""
"70d4d011253d","2024-12-03","The Israeli military conducted a drone strike targeting Haris municipality in southern Lebanon, resulting in the deaths of six Lebanese citizens, including a woman and a child, and injuring two others. This attack was part of ongoing hostilities that have escalated following repeated violations of a ceasefire agreement.","According to an al-Mayadeen report on Tuesday, the Zionist regime targeted Haris municipality in southern Lebanon with a drone. The report added that six Lebanese citizens, including a woman and a child, were martyred in this attack.","Israeli military ASSAULT Lebanese citizens","CONFLICT","ASSAULT","-0.9","Israeli military","Israeli military","Israel (83)","Lebanese citizens","Lebanese citizens","Lebanon (95)","","","","Harhar municipality; Southern Lebanon","","Lebanon (95); Lebanon (95)","1",""
"25e10d76c162","2024-12-03","Israeli forces conducted a drone strike targeting a house on the outskirts of Beit Lif, southern Lebanon, resulting in injuries to a civilian. This incident is part of ongoing ceasefire violations, which have included a significant increase in ground incursions and air attacks in the region.","Among the dozens of recorded ceasefire violations is a drone that targeted a house on the outskirts of the town of Beit Lif in southern Lebanon, wounding a citizen.","Israeli forces ASSAULT civilians in Beit Lif","CONFLICT","ASSAULT","-0.9","Israeli forces","Israeli military","Israel (83)","Civilians in Beit Lif","Civilians in Beit Lif","Lebanon (95)","","","","Beit Lif, southern Lebanon","","Lebanon (95)","1",""
"319ce45eab27","2024-12-02","Israeli warplanes conducted airstrikes on southern Lebanon, resulting in the deaths of at least nine individuals and injuries to three others. The strikes targeted Haris village and Tallouseh village in the Nabatieh Governorate, violating a ceasefire agreement established five days prior between Israeli authorities and the Lebanese Hezbollah group.","The Israeli Occupation warplanes launched a new wave of airstrikes on southern Lebanon on Monday night, killing at least nine people and wounding three others.","Israeli warplanes ASSAULT Lebanese civilians","CONFLICT","ASSAULT","-0.9","Israeli warplanes","Israeli warplanes","Israel (83)","Lebanese civilians","Lebanese civilians","Lebanon (95)","Lebanese Hezbollah","Hezbollah","Lebanon (95)","southern Lebanon; Harres village, Nabatieh Governorate; Tall Abbasah village, Nabatieh Governorate","","Lebanon (95); Lebanon (95); Lebanon (95)","1",""
"e9c77b949f7d","2024-12-02","The Israeli military conducted airstrikes targeting Hezbollah positions in southern Lebanon, resulting in at least 11 fatalities, including a State Security officer. This operation was described by the Israeli military as necessary to counter ongoing provocations from Hezbollah, which subsequently launched missiles at an Israeli military position in the Shebaa Farms area, marking its first operation since the ceasefire took effect.","Monday marked a significant escalation in tensions as Israeli strikes targeted Hezbollah positions in southern Lebanon. At least nine people were killed and three injured in the towns of Talousa and Haris, as reported by the Lebanese Health Ministry.","Israeli military ASSAULT Hezbollah","CONFLICT","ASSAULT","-0.9","Israeli military","Israeli military","Israel (83)","Hezbollah","Hezbollah","Lebanon (95)","State Security officer","State Security officer","Israel (83)","southern Lebanon; Shebaa Farms area","","Lebanon (95); Lebanon (95)","14",""
"38cb00d68526","2024-12-02","On December 2, 2024, Israel conducted military strikes in southern Lebanon, resulting in the deaths of four individuals in Tallouseh and one in Jdeidet Marjayoun. This action was described as a response to breaches of a ceasefire agreement by the Lebanese group Hezbollah, which had fired rockets into the Shebaa Farms area.","On that same day, Israel killed four people in Tallouseh and one person in Jdeidet Marjayoun, all in southern Lebanon.","Israel ASSAULT Lebanese group Hezbollah and civilians in southern Lebanon","CONFLICT","ASSAULT","-0.9","Israel","Israel","Israel (83)","Lebanese group Hezbollah; Civilians in southern Lebanon","Hezbollah; Civilians in Lebanon","Lebanon (95); Lebanon (95)","","","","Southern Lebanon; Tallouseh; Jdeidet Marjayoun; Shebaa Farms","","Lebanon (95); Lebanon (95); Lebanon (95); Lebanon (95)","1",""
"2c9a862196dc","2024-12-02","Israeli Prime Minister Benjamin Netanyahu accused Hezbollah of a serious violation of the ceasefire after the group targeted a military position in the occupied Shebaa Farms, a disputed area on the Israel-Lebanon border. Netanyahu stated that Israel will respond forcefully to uphold the ceasefire and address any violations by Hezbollah.","Hezbollah's firing at Har Dov (Shebaa Farms) is a serious violation of the ceasefire and Israel will respond forcefully. We are determined to uphold the ceasefire and respond to any violation by Hezbollah, no matter how minor or serious.","Benjamin Netanyahu THREATEN Hezbollah","CONFLICT","THREATEN","-0.6","Benjamin Netanyahu","Benjamin Netanyahu","Israel (83)","Hezbollah","Hezbollah","Lebanon (95)","","","","Shebaa Farms; Israel-Lebanon border","","Israel (83)","1",""
"65161f8dbe54","2024-12-02","Israel conducted air strikes on two southern Lebanese villages in response to an attack by Hezbollah on an Israeli military post. The strikes resulted in the deaths of at least 11 individuals, including a security officer, amid escalating tensions following a ceasefire agreement that had been in effect since the previous week.","At least 11 people, including a security officer, were killed by Israeli strikes on two southern Lebanese villages, as it continues its assaults on the country since the ceasefire with Hezbollah came into effect last week.","Israel ASSAULT Lebanese civilians and Hezbollah","CONFLICT","ASSAULT","-0.9","Israel","Israel","Israel (83)","Lebanese civilians; Hezbollah","Lebanese civilians; Hezbollah","Lebanon (95); Lebanon (95)","","","","Southern Lebanese villages","","Lebanon (95)","2",""
"3e4d3d5182be","2024-12-02","Israeli military conducted airstrikes in southern Lebanon, resulting in at least two fatalities. One strike occurred in Marjayoun, approximately 10 km from the UN-drawn blue line, and another involved an Israeli drone that killed a member of Lebanon's state security in Nabatieh, 12 km from the border. These actions were described by Lebanese officials as violations of a recent ceasefire agreement.","At least two people were killed on Monday in Israeli strikes on southern Lebanon, while the speaker of Lebanon’s parliament accused Israel of violating the recent ceasefire agreement 54 times.","Israeli military ASSAULT Lebanese civilians and Lebanese state security","CONFLICT","ASSAULT","-0.9","Israeli military","Israeli military","Israel (83)","Lebanese civilians; Lebanese state security","Lebanese civilians; Lebanese security forces","Lebanon (95); Lebanon (95)","United Nations","United Nations","United Nations","southern Lebanon; Marjayoun; Nabatieh","","Lebanon (95); Lebanon (95); Lebanon (95)","4",""
"8ec61a701469","2024-12-01","The Israeli Air Force (IAF) conducted airstrikes on four Hezbollah targets in Lebanon, including rocket launchers in Sidon and a military vehicle at a Hezbollah rocket manufacturing site. This action was taken after the IAF identified activities that posed a threat to Israel and violated a recent ceasefire agreement.","The Israeli Air Force (IAF) carried out airstrikes on four Hezbollah targets in Lebanon, according to a statement issued by the Israel Defense Forces (IDF), three days after a ceasefire between Israel and Hezbollah took effect.","Israeli Air Force ASSAULT Hezbollah","CONFLICT","ASSAULT","-0.9","Israeli Air Force","Israeli Air Force","Israel (83)","Hezbollah","Hezbollah","Lebanon (95)","","","","Lebanon; Sidon","","Lebanon (95); Lebanon (95)","2",""
"b5a351a2db5c","2024-11-30","An Israeli military strike targeted a vehicle in Majdal Zoun, south Lebanon, resulting in injuries to three individuals, including a seven-year-old child. This incident occurred amid a ceasefire between Israel and Hezbollah following two months of conflict.","“An Israeli enemy strike on a car in Majdal Zoun wounded three people including a seven-year-old child,” the health ministry said in a statement.","Israeli military ASSAULT Civilians in vehicle in Majdal Zoun, Lebanon","CONFLICT","ASSAULT","-0.9","Israeli military","Israeli military","Israel (83)","Civilians in vehicle","Civilians in the vehicle","Lebanon (95)","Hezbollah","Hezbollah","Lebanon (95)","Majdal Zoun","","Lebanon (95)","1",""
"d902aea78e2c","2024-11-30","An Israeli airstrike targeted a vehicle in Majdal Zoun, south Lebanon, wounding three individuals, including a seven-year-old child. This incident occurred amid a ceasefire between Israel and Hezbollah following two months of conflict.","“An Israeli enemy strike on a car in Majdal Zoun wounded three people including a seven-year-old child,” the health ministry said in a statement.","Israeli airstrike ASSAULT vehicle occupants in Majdal Zoun","CONFLICT","ASSAULT","-0.9","Israeli airstrike","Israeli airstrike","Israel (83)","Vehicle occupants in Majdal Zoun; Seven-year-old child in the vehicle","Vehicle occupants in Majdal Zoun; Seven-year-old child in the vehicle","Lebanon (95); Lebanon (95)","Hezbollah","Hezbollah","Lebanon (95)","Majdal Zoun","","Lebanon (95)","2",""
"14d8b15694bf","2024-11-28","An Israeli tank fired two rounds into the southern Lebanese town of Markaba, injuring two individuals who were subsequently hospitalized. This incident occurred in violation of a ceasefire that had been established 24 hours earlier to prevent military engagements following a prolonged conflict between Israel and Hezbollah.","In a dramatic flouting of the newly formed ceasefire, an Israeli tank fired two rounds into the southern Lebanese town of Markaba on Thursday, according to Lebanese security sources reporting to Reuters.","Israeli military ASSAULT Lebanese civilians","CONFLICT","ASSAULT","-0.9","Israeli military","Israeli military","Israel (83)","Lebanese civilians","Lebanese civilians","Lebanon (95)","Hezbollah","Hezbollah","Lebanon (95)","Markaka","","Lebanon (95)","4",""
"954337b5fca3","2024-11-28","The Israeli military opened fire on individuals in southern Lebanon, alleging that they were violating the ceasefire agreement with Hezbollah. This incident occurred in Markaba, resulting in at least two injuries.","The Israeli military has fired at people trying to return to certain areas of southern Lebanon on the second day of a ceasefire with the Hezbollah militant group.","Israeli military ASSAULT Individuals in southern Lebanon","CONFLICT","ASSAULT","-0.9","Israeli military","Israeli military","Israel (83)","Individuals in southern Lebanon","Lebanese people","Lebanon (95)","Hezbollah","Hezbollah","Lebanon (95)","Markaka; Southern Lebanon","","Lebanon (95); Lebanon (95)","1",""
"50bfdedef09f","2024-11-28","The Israeli Defense Forces (IDF) launched attacks targeting several towns in southern Lebanon, including Markaba, Wazzani, Kfarchouba, Khiyam, Taybe, and the agricultural plains around Marjayoun. This action was taken after the IDF accused Hezbollah of breaching a ceasefire agreement, leading to a nighttime curfew for individuals south of the Litani River, which is effective from 5:00 PM until 7:00 AM the following day.","Israel on Thursday announced a nighttime curfew for people in south Lebanon hours after it launched attacks targeting a number of towns in the region.","Israeli Defense Forces ASSAULT Hezbollah","CONFLICT","ASSAULT","-0.9","Israeli Defense Forces","Israeli military","Israel (83)","Hezbollah","Hezbollah","Lebanon (95)","","","","Southern Lebanon; Markaka; Wazzani; Kfarchouba; Khiam; Tebnineh; Agricultural plains around Marjayoun","","Lebanon (95); Lebanon (95); Lebanon (95); Lebanon (95); Lebanon (95); Lebanon (95); Lebanon (95)","27",""
"1e83361aa02c","2024-11-27","Israel issued a warning that it will launch an attack if Hezbollah violates the ceasefire agreement that was announced on November 26, 2024. This statement follows the implementation of the ceasefire early on November 27, which allowed displaced residents of southern Lebanon to begin returning to their homes.","Israel has said it will attack if Hezbollah breaks the ceasefire agreement, which was announced on Tuesday.","Israel THREATEN Hezbollah","CONFLICT","THREATEN","-0.6","Israel","Israel","Israel (83)","Hezbollah","Hezbollah","Lebanon (95)","","","","Israel; southern Lebanon","","Israel (83); Lebanon (95)","1",""
"7711bcc3af91","2024-11-27","A ceasefire in the ongoing conflict in Lebanon came into effect at 4am local time on November 27, 2024. This pause in fighting marks a significant step in diplomatic efforts in the Middle East, although Israel's military evacuation orders remain in place, affecting 1.2 million Lebanese citizens.","The pause in fighting came into effect at 4am local time (2am GMT) on Wednesday, marking a significant step in diplomatic efforts in the Middle East.","Israel ACCUSE Lebanese civilians","CONFLICT","ACCUSE","-0.2","Israel","Israel","Israel (83)","Lebanese civilians","Lebanese civilians","Lebanon (95)","","","","Lebanon","","Lebanon (95)","1",""
"a0118d383d28","2024-11-27","The Israeli army conducted military operations in Lebanon, violating a ceasefire agreement that came into effect on November 27, resulting in 60 reported violations, 2 fatalities, and 6 injuries. The attacks targeted various regions in Lebanon, including Nabatieh, South, and Baalbek, despite the terms of the ceasefire prohibiting military actions.","According to the Lebanese official agency NNA, since the first day of the ceasefire agreement signed between Lebanon and Israel on November 27, Israel's violations have continued unabated.","Israeli army ASSAULT Lebanon","CONFLICT","ASSAULT","-0.9","Israeli army","Israeli military","Israel (83)","Lebanon","Lebanon","Lebanon (95)","","","","Lebanon; Nabatieh; South Lebanon; Baalbek","","Lebanon (95); Lebanon (95); Lebanon (95); Lebanon (95)","1",""
"e97f7b214ade","2024-11-27","The Israel Defence Forces (IDF) fired tank shells at six locations in southern Lebanon, targeting individuals identified as 'suspects' who were allegedly violating the ceasefire agreement with Hezbollah. This action occurred shortly after the commencement of a 60-day ceasefire on Wednesday morning, aimed at reducing hostilities between Israel and Hezbollah.","The IDF opened fire toward them. The IDF remains in southern Lebanon and will actively enforce violations of the ceasefire agreement.","Israel Defense Forces ASSAULT suspected militants in southern Lebanon","CONFLICT","ASSAULT","-0.9","Israel Defense Forces","Israeli military","Israel (83)","Suspected militants in southern Lebanon","Lebanese militants","Lebanon (95)","Hezbollah","Hezbollah","Lebanon (95)","southern Lebanon","","Lebanon (95)","1",""
"bea1f2fb3dc9","2024-11-27","Israel imposed a curfew forbidding any Lebanese from crossing into the south of the country, effective immediately. This action coincides with a 60-day ceasefire agreement reached between Israel and Hezbollah, aimed at halting ongoing conflict and ensuring the area south of the Litani River remains free of Hezbollah weapons.","Starting in the early hours of this morning, Israel and Hezbollah agreed to a 60-day pause halting a conflict that has killed thousands in Lebanon and displaced many more.","Israel SANCTION Lebanese","CONFLICT","SANCTION","-0.6","Israel","Israel","Israel (83)","Lebanese","Lebanese","Lebanon (95)","Hezbollah","Hezbollah","Lebanon (95)","Israel; Lebanon","","Israel (83); Lebanon (95)","1",""
"d8d0c367673e","2024-11-27","Israel resumed air strikes on Lebanon, despite a ceasefire agreement that took effect on November 27, 2024. The Lebanese health ministry reported several injuries due to two Israeli strikes in south Lebanon, indicating ongoing tensions and accusations of ceasefire violations from both sides.","A truce between Israel and Lebanon took effect on Wednesday, but each side accused the other of breaching the ceasefire. In a statement, the Lebanese health ministry said several people were wounded in two Israeli strikes in south Lebanon.","Israel ASSAULT Lebanon","CONFLICT","ASSAULT","-0.9","Israel","Israel","Israel (83)","Lebanon","Lebanon","Lebanon (95)","","","","Lebanon; southern Lebanon","","Lebanon (95); Lebanon (95)","1",""
"538d9c912a1e","2024-11-27","Israel is set to implement a ceasefire in Lebanon following a campaign against Hezbollah, as announced by Prime Minister Benjamin Netanyahu. The ceasefire deal is awaiting final government approval and is expected to take effect on November 27, 2024, at 10am local time.","The ceasefire deal is almost ready, with only final approval from the government needed, he revealed. He did not provide any timeframe, stating only that 'the duration of the ceasefire depends on what takes place in Lebanon.'","Israel AGREE Lebanon","COOPERATION","AGREE","0.5","Israel","Israel","Israel (83)","Lebanon","Lebanon","Lebanon (95)","Hezbollah; Benjamin Netanyahu","Hezbollah; Benjamin Netanyahu","Lebanon (95); Israel (83)","Lebanon","","Lebanon (95)","1",""
"79cb0a2e9c41","2024-11-27","The Israeli army issued a warning to residents of southern Lebanon's villages, prohibiting their return to homes in areas north of the Litani River until further notice. This action is seen as an attempt to impose a buffer zone during the 60-day ceasefire period, which began on November 27, 2024.","In a statement to the residents, Israeli military spokesperson Avichay Adraee said they are barred from returning home 'until further notice.'","Israeli army THREATEN residents of southern Lebanon's villages","CONFLICT","THREATEN","-0.6","Israeli army","Israeli military","Israel (83)","Residents of southern Lebanon's villages","Residents of southern Lebanon","Lebanon (95)","","","","southern Lebanon's villages; areas north of the Litani River","","Lebanon (95); Lebanon (95)","1",""
"16f1f0b7bc69","2024-11-26","Israeli warplanes conducted airstrikes targeting buildings in Dahiyeh, Beirut, Lebanon, on November 26, 2024. The airstrikes were part of ongoing military operations in response to rocket fire from Lebanon into northern Israel.","Smoke rises following an Israeli airstrike on Dahiyeh, in Beirut, Lebanon, Tuesday, Nov. 26, 2024.","Israeli warplanes ASSAULT buildings in Dahiyeh, Beirut","CONFLICT","ASSAULT","-0.9","Israeli warplanes","Israeli warplanes","Israel (83)","Buildings in Dahiyeh, Beirut","Buildings in Dahiyeh, Beirut","Lebanon (95)","","","","Dahiyeh, Beirut","","Lebanon (95)","1",""
"ebbb2e8bcdce","2024-11-26","On November 26, 2024, Israel conducted a new wave of air strikes across greater Beirut, Lebanon, amidst reports of an imminent ceasefire. The strikes included at least one unannounced attack in central Beirut that resulted in the deaths of at least seven people, while more than 30 evacuation warnings were issued for various locations.","As reports of an imminent ceasefire streamed out on Tuesday, Israel unleashed an unprecedented new wave of air strikes across greater Beirut.","Israel ASSAULT Lebanese civilians","CONFLICT","ASSAULT","-0.9","Israel","Israel","Israel (83)","Lebanese civilians","Lebanese civilians","Lebanon (95)","","","","lesser Beirut; central Beirut","","Lebanon (95); Lebanon (95)","1",""
"383cf24e7483","2024-11-26","A ceasefire agreement between Israel and Hezbollah has been successfully maintained, allowing displaced Lebanese citizens to start returning to their homes after 14 months of conflict. This development represents a significant diplomatic achievement in the region.","In a significant diplomatic achievement, a ceasefire between Israel and Hezbollah has held strong, enabling displaced Lebanese citizens to begin returning to their homes after 14 months of intense conflict.","Israel and Hezbollah AGREE to a ceasefire and facilitate the return of displaced Lebanese citizens.","COOPERATION","AGREE","0.5","Israel; Hezbollah","Israel; Hezbollah","Israel (83); Lebanon (95)","Displaced Lebanese citizens","Displaced Lebanese citizens","Lebanon (95)","","","","Israel; Lebanon","","Israel (83); Lebanon (95)","1",""
"c3209a2aec83","2024-11-26","Israeli jets conducted airstrikes targeting multiple locations in Beirut, Lebanon, including a building in a commercial area and the Mar Elias neighborhood. This marked the first time Israeli jets targeted Beirut during the ongoing conflict with Hezbollah, which has lasted for 13 months. The strikes were part of a larger wave of attacks, with at least 30 targets hit in the southern suburbs, resulting in 13 reported injuries.","Israeli jets targeted a building in a bustling commercial area of Beirut for the first time since the start of the 13-month war between Hezbollah and Israel.","Israeli jets ASSAULT Lebanese civilians","CONFLICT","ASSAULT","-0.9","Israeli jets","Israeli fighter jets","Israel (83)","Lebanese civilians","Lebanese civilians","Lebanon (95)","Hezbollah","Hezbollah","Lebanon (95)","Beirut; Mar Elias neighborhood; Southern suburbs of Beirut","","Lebanon (95); Lebanon (95); Lebanon (95)","1",""
"d93fb2149ca1","2024-11-26","A ceasefire was established in Lebanon following weeks of intense conflict, providing temporary relief to the population. The ceasefire is viewed as a respite rather than a resolution, as over 3,500 Lebanese citizens have been killed and more than a million displaced due to Israeli strikes. The situation remains volatile with ongoing concerns about Hezbollah and regional tensions.","A fragile ceasefire in Lebanon has brought relief to many after weeks of intense conflict, reported Jeremy Bowen of the BBC.","Israel and Hezbollah RETREAT Lebanese civilians","COOPERATION","RETREAT","0.6","Israel; Hezbollah","Israel; Hezbollah","Israel (83); Lebanon (95)","Lebanese civilians","Lebanese civilians","Lebanon (95)","","","","Lebanon","","Lebanon (95)","1",""
"da9ac2266558","2024-11-26","Israel's security cabinet approved a ceasefire agreement brokered by the United States and France after deliberations. The agreement includes a requirement for Israeli troops to withdraw from southern Lebanon, while the Lebanese army will deploy 5,000 troops in the region. The deal is set to be formally unveiled in a joint statement from the US and France, and will be discussed by Lebanon's parliament.","The ceasefire agreement, brokered by the United States and France, was approved by Israel's security cabinet after deliberations on Tuesday, according to Israeli Channel 12.","Israel's security cabinet AGREE Lebanon","COOPERATION","AGREE","0.5","Israel's security cabinet","Israel's security cabinet","Israel (83)","Lebanon","Lebanon","Lebanon (95)","United States; France","United States; France","USA (185); France (62)","southern Lebanon","","Lebanon (95)","3",""
"1e6e1d38c8c4","2024-11-26","The governments of Israel and Lebanon agreed to a ceasefire proposal put forth by the United States, which includes the withdrawal of Israeli forces from Lebanon within 60 days. The Lebanese army will assume control of southern Lebanon, while Hezbollah will relocate its forces north of the Litani River. An international committee led by the United States will be established to monitor compliance with the ceasefire terms.","US President Joe Biden announced on Tuesday that the Israeli and Lebanese governments had agreed to Washington's ceasefire proposal, which includes the withdrawal of Israeli forces from Lebanon within 60 days.","Israel and Lebanon AGREE to a ceasefire and troop withdrawal plan.","COOPERATION","AGREE","0.5","Israel; Lebanon","Israel; Lebanon","Israel (83); Lebanon (95)","Lebanese army; Hezbollah","Lebanese army; Hezbollah","Lebanon (95); Lebanon (95)","United States; international committee","United States; International committee","USA (185)","Israel; Lebanon; southern Lebanon; northern Lebanon; Litani River","","Israel (83); Lebanon (95); Lebanon (95); Lebanon (95); Lebanon (95)","2",""
"c692396c4948","2024-11-26","The Israeli military conducted a series of airstrikes on Beirut's southern suburbs, targeting the Nweiri district and other areas, resulting in seven fatalities and 37 injuries. This operation is described as the largest simultaneous attack in the region to date, coinciding with ongoing discussions for a ceasefire between Israel and Lebanon.","Bombing rained down on Beirut's southern suburbs in a salvo that Reuters described as the largest simultaneous attack in the area so far.","Israeli military ASSAULT Civilians in Beirut's southern suburbs","CONFLICT","ASSAULT","-0.9","Israeli military","Israeli military","Israel (83)","Civilians in Beirut's southern suburbs","Civilians in Lebanon","Lebanon (95)","Israel; Lebanon","Israel; Lebanon","Israel (83); Lebanon (95)","Beirut's southern suburbs; Nweili district","","Lebanon (95); Lebanon (95)","13",""
"720739fcd18b","2024-11-25","The Israel Defense Forces (IDF) conducted airstrikes on several neighborhoods in Beirut, Lebanon, targeting areas including Barbour, Hamra, Salim Salam, and near the Kuwaiti embassy in Bir Hassan. The strikes resulted in at least three fatalities and ten injuries, causing panic among residents and prompting evacuations from affected areas.","Israel launched airstrikes on Beirut two days ago, hitting several neighbourhoods in the Lebanese capital and causing panic among residents, according to local sources and Israeli officials.","Israel Defense Forces ASSAULT residents of Beirut neighborhoods","CONFLICT","ASSAULT","-0.9","Israel Defense Forces","Israeli military","Israel (83)","Residents of Beirut neighborhoods","Residents of Beirut","Lebanon (95)","","","","Beirut; Barbour; Hambra; Salim Salam; Near the Kuwaiti embassy in Bir Hassan","","Lebanon (95); Lebanon (95); Lebanon (95); Lebanon (95); Lebanon (95)","1",""
"fac30e187a4d","2024-11-25","The Israeli Air Force conducted airstrikes in the Al-Qusayr area of southwestern Homs, Syria, targeting key infrastructure including bridges near the Lebanon border. The operation aimed to disrupt the transfer of weapons and ammunition to Hezbollah, resulting in two civilian injuries and reported material damage.","According to SANA, citing a military source, two civilians were injured, and material damage was reported following the Israeli strikes on the Qusayr area in Homs countryside.","Israeli Air Force ASSAULT Hezbollah and civilians in Al-Qusayr","CONFLICT","ASSAULT","-0.9","Israeli Air Force","Israeli Air Force","Israel (83)","Hezbollah; Civilians in Al-Qusayr","Hezbollah; Civilians in Al-Qusayr","Lebanon (95); Syria (169)","","","","Al-Qusayr, Homs Governorate; Southwestern Homs, Homs Governorate; Near the Lebanon border","","Syria (169); Syria (169); Syria (169)","1",""
"93ac08945fd9","2024-11-25","The Israeli military issued evacuation warnings for 20 buildings in the suburbs of Beirut, Lebanon, and the southern town of Naqoura, in preparation for potential strikes as part of ongoing military operations against Hezbollah. This action coincided with Israeli ground troops reaching parts of Lebanon's Litani River for the first time during the conflict, indicating a significant escalation in military engagement before a proposed ceasefire.","The Israeli military also issued warnings for 20 more buildings in Beirut’s suburbs to evacuate before they were also struck – a sign it was aiming to inflict punishment on Hezbollah down to the last moments before any ceasefire takes hold.","Israeli military ACCUSE residents of 20 buildings in the suburbs of Beirut and Naqoura","CONFLICT","ACCUSE","-0.3","Israeli military","Israeli military","Israel (83)","Residents of 20 buildings in the suburbs of Beirut; Residents of Naqoura","Residents of 20 buildings in the suburbs of Beirut; Residents of Naqoura","Lebanon (95); Lebanon (95)","Hezbollah","Hezbollah","Lebanon (95)","Suburbs of Beirut; Naqoura, Lebanon; Litani River","","Lebanon (95); Lebanon (95); Lebanon (95)","1",""
"0c5be9ee8fec","2024-11-25","Israeli officials, including Ambassador to the U.S. Mike Herzog, indicated that a cease-fire agreement between Israel and Iranian-backed Hezbollah militants in Lebanon is close to being finalized. The proposed deal, brokered by the U.S., aims for a 60-day pause in fighting, with the intention of establishing a lasting cease-fire based on United Nations Security Council Resolution 1701.","Israeli Ambassador to the U.S. Mike Herzog said Monday that the two sides are 'close to a deal' and that it 'can happen within days.'","Israeli officials and Ambassador Mike Herzog AGREE Hezbollah militants in Lebanon to a cease-fire agreement brokered by the United States.","COOPERATION","AGREE","0.5","Israeli officials; Ambassador to the U.S. Mike Herzog","Israeli officials; Ambassador to the U.S. Mike Herzog","Israel (83); Israel (83)","Hezbollah militants in Lebanon","Hezbollah","Lebanon (95)","United States; United Nations Security Council","United States; United Nations Security Council","USA (185)","Lebanon","","Lebanon (95)","1",""
"3010c55cabd2","2024-11-24","An Israeli airstrike targeted an army center in Lebanon, resulting in the death of one Lebanese soldier and injuries to 18 others. The strike occurred in the southwest region between Tyre and Naqoura, as reported by Lebanon's military.","Meanwhile, an Israeli strike on an army centre killed a Lebanese soldier and wounded 18 others in the southwest between Tyre and Naqoura, Lebanon's military said.","Israeli Air Force ASSAULT Lebanese Army","CONFLICT","ASSAULT","-0.9","Israeli Air Force","Israeli Air Force","Israel (83)","Lebanese Army","Lebanese army","Lebanon (95)","","","","Southwest Lebanon; Between Tyre and Naqoura","","Lebanon (95); Lebanon (95)","1",""
"2741fbec878a","2024-11-23","An Israeli airstrike targeted a vehicle carrying paramedics at the Deir Qanoun Ras El Ain junction in Lebanon, resulting in the deaths of three paramedics and injuries to three others. This incident is part of a broader escalation of conflict, with the Israeli army intensifying air attacks on Lebanon since September 23.","""For the second time today in a row, the Israeli occupation targeted a team affiliated with the Islamic Health Authority Association - Civil Defence, which led to the martyrdom of three paramedics and the injury of three others,"" it said.","Israeli air force ASSAULT Lebanese paramedics","CONFLICT","ASSAULT","-0.9","Israeli air force","Israeli Air Force","Israel (83)","Lebanese paramedics","Lebanese paramedics","Lebanon (95)","","","","Deir Qanoun Ras El Ain junction; Lebanon","","Lebanon (95); Lebanon (95)","1",""
"700e813ab985","2024-11-23","The Israeli military conducted a predawn airstrike on a densely populated area in the Basta district of central Beirut, Lebanon, resulting in the death of 29 individuals and injuring 67 others. The attack targeted a multistory building, reportedly aimed at a senior official from the Lebanese Hezbollah militia, and caused significant destruction in the area.","The predawn attack was unleashed without any advance warning from the Israeli military, Lebanon's state-run National News Agency reported.","Israeli military ASSAULT Civilians in a densely populated area in the Basta district of central Beirut, Lebanon, and a senior Hezbollah militia official.","CONFLICT","ASSAULT","-0.9","Israeli military","Israeli military","Israel (83)","Civilians in densely populated area in the Basta district; Senior Hezbollah militia official","Civilians in densely populated area in the Basta district; Hezbollah commanders","Lebanon (95); Lebanon (95)","","","","Basta district, central Beirut","","Lebanon (95)","2",""
"1bb22f16c2c0","2024-11-23","The Israel Defense Forces (IDF) conducted a series of airstrikes across Lebanon, targeting 12 Hezbollah command centers in Dahieh, Beirut, including sites used for intelligence and missile operations. The strikes aimed to eliminate a senior Hezbollah official and were part of Israel's intensified military campaign against Hezbollah, resulting in at least 29 fatalities from an attack that destroyed a residential building in the Basta area.","A series of Israeli airstrikes across Lebanon claimed dozens of lives, including 29 fatalities in a devastating attack that flattened a multi-story residential building in the densely populated Basta area of central Beirut.","Israel Defense Forces ASSAULT Hezbollah and a senior Hezbollah official","CONFLICT","ASSAULT","-0.9","Israel Defense Forces","Israeli military","Israel (83)","Hezbollah; Senior Hezbollah official","Hezbollah; Hezbollah commanders","Lebanon (95); Lebanon (95)","","","","Lebanon; Dahieh; Beirut; Basta","","Lebanon (95); Lebanon (95); Lebanon (95); Lebanon (95)","17",""
"dd3408f6cf3d","2024-11-20","Israeli forces conducted an airstrike on Jabalia al-Balad in northern Gaza, resulting in the deaths of 12 Palestinians. Concurrently, an Israeli airstrike on an army base in Sarafand, Lebanon, killed three Lebanese troops and injured at least 17 civilians. This escalation is part of the ongoing military campaign between Israel and Hezbollah.","Israeli forces killed 12 Palestinians in an airstrike on Jabalia al-Balad in northern Gaza on Wednesday. In Lebanon, three Lebanese troops were killed in an Israeli airstrike on an army base in the southern town of Sarafand, while at least 17 civilians were injured, according to the country's military and Ministry of Public Health.","Israeli forces ASSAULT Palestinians in Jabalia al-Balad and Lebanese civilians and military personnel in Sarafund","CONFLICT","ASSAULT","-0.9","Israeli forces","Israeli military","Israel (83)","Palestinians in Jabalia al-Balad; Lebanese civilians in Sarafend; Lebanese military personnel in Sarafund","Palestinians in Jabalia al-Balad; Lebanese civilians in Sarafend; Lebanese military personnel in Sarafund","Palestine (195); Lebanon (95); Lebanon (95)","Hezbollah","Hezbollah","Lebanon (95)","Jabalia al-Balad, northern Gaza; Sarafend, Lebanon","","Palestine (195); Lebanon (95)","1",""
"e04356bd6e6a","2024-11-19","A Lebanese soldier was killed and two others were injured due to an Israeli strike on a military vehicle in southern Lebanon, specifically on the Burj Al-Muluk-Qlayaa road. This incident is part of ongoing tensions along the Lebanese-Israeli border.","A soldier 'died of his wounds sustained due to the Israel army targeting of an army vehicle' in south Lebanon, according to a statement on X, following reports of two servicemen injured in the event near Qlayaa.","Israel ASSAULT Lebanese soldiers","CONFLICT","ASSAULT","-0.9","Israel","Israel","Israel (83)","Lebanese soldiers","Lebanese army","Lebanon (95)","","","","southern Lebanon; Burj Al-Muluk-Qlayta road","","Lebanon (95); Lebanon (95)","1",""
"53d094dd46bc","2024-11-18","Israel conducted airstrikes in Syria targeting Iranian-backed militant groups, including a strike that hit a meeting of Hezbollah and the Iraqi group al-Nujaba. This operation is part of a series of over 150 strikes documented in 2024, aimed at weakening these groups amidst ongoing hostilities in the region.","Last week, the Syrian government blamed Israel for an attack in the ancient town of Palmyra in central Syria that killed at least 36 people and wounded 50 others.","Israel ASSAULT Iranian-backed militant groups including Hezbollah and al-Nujaba in Syria.","CONFLICT","ASSAULT","-0.9","Israel","Israel","Israel (83)","Iranian-backed militant groups; Hezbollah; al-Nujaba","Hostages in Gaza; Hezbollah; al-Nujaba","Lebanon (95); Iraq (81)","","","","Syria","","Syria (169)","1",""
"dfa052286333","2024-11-18","Israeli government spokesman David Mencer stated that progress on a ceasefire with Hezbollah in Lebanon is contingent upon Israel's security demands, allowing evacuated Israelis from the border region to return home. The U.S. has presented ceasefire proposals to Lebanon, with Iran reportedly supporting an agreement to end the conflict, which may involve a return to UN Security Council Resolution 1701 from 2006.","Israeli government spokesman David Mencer told journalists Monday that progress on a ceasefire with Hezbollah in Lebanon depended on Israel’s security demands, so that Israelis evacuated from the border region can return to their homes.","Israeli government, U.S. government, and Iran CONSULT Hezbollah and Israel","COOPERATION","CONSULT","0.2","Israeli government; U.S. government; Iran","Israeli government; Donald Trump; Iran","Israel (83); USA (185); Iran (80)","Hezbollah; Israel","Hezbollah; Israel","Lebanon (95); Israel (83)","United Nations Security Council","United Nations Security Council","United Nations","Lebanon","","Lebanon (95)","1",""
"432f6096c1a7","2024-11-18","An Israeli airstrike targeted the Zoqaq al-Blat neighborhood in Beirut, Lebanon, resulting in the deaths of at least five individuals. The airstrike occurred in a densely populated area near significant government and diplomatic buildings, amidst ongoing U.S. efforts to negotiate a cease-fire in the region.","An Israeli airstrike slammed into a densely populated residential area in Lebanon’s capital near key government and diplomatic buildings late Monday, killing at least five people as the U.S. pressed ahead with cease-fire efforts.","Israeli airstrike ASSAULT Civilians in Zoqaq al-Blat neighborhood, Beirut","CONFLICT","ASSAULT","-0.9","Israeli airstrike","Israeli airstrike","Israel (83)","Civilians in Zoqaq al-Blat neighborhood, Beirut","Civilians in Lebanon","Lebanon (95)","United States","United States","USA (185)","Zoqaq al-Blat neighborhood, Beirut; Beirut","","Lebanon (95); Lebanon (95)","4",""
"e3cc53ed9bfa","2024-11-17","An Israeli airstrike targeted the Zuqaq al-Blat area in central Beirut, Lebanon, hitting a residential apartment and resulting in four fatalities and 18 injuries, as reported by the Lebanese Ministry of Health. This strike is part of escalating violence in the region.","The Lebanese Ministry of Health reported that the strike on Zuqaq al-Blat in Beirut has left four people dead and 18 others injured, according to preliminary figures.","Israeli military ASSAULT Lebanese civilians in Zuqaq al-Blat, central Beirut","CONFLICT","ASSAULT","-0.9","Israeli military","Israeli military","Israel (83)","Lebanese civilians in Zuqaq al-Blat, central Beirut","Civilians in Lebanon","Lebanon (95)","","","","Zuqaq al-Blat, central Beirut; Beirut","","Lebanon (95); Lebanon (95)","1",""
"9a6f9540b2af","2024-11-17","Hezbollah's chief spokesperson, Mohammed Afif, was killed in an Israeli Defense Forces (IDF) strike in Ras al-Nabaa, Beirut, Lebanon. The strike, which occurred during the day, resulted in the deaths of four individuals and was described by the IDF as a 'precise, intelligence-based strike' targeting Afif, who was identified as a key figure in Hezbollah's media relations and military operations.","The IDF stated that it carried out a 'precise, intelligence-based strike' that 'eliminated the terrorist Mohammed Afif, the chief propagandist and spokesperson of the Hezbollah terrorist organization.'","Israeli Defense Forces ASSAULT Hezbollah and Mohammed Afif","CONFLICT","ASSAULT","-0.9","Israeli Defense Forces","Israeli military","Israel (83)","Mohammed Afif; Hezbollah","Mohammed Afif; Hezbollah","Lebanon (95); Lebanon (95)","","","","Ras al-Nabaa, Beirut","","Lebanon (95)","1",""
"2f4d5a43d2cd","2024-11-17","Israel conducted intensified bombardments and raids in Lebanon, resulting in the deaths of over 200 children in the past two months, according to UNICEF. The attacks have been particularly severe in civilian areas, including Beirut and southern Lebanon.","Over 200 children have been killed in Lebanon over the past two months of Israel’s expanded aggression in Lebanon, according to UNICEF.","Israel ASSAULT Lebanon and Lebanese civilians","CONFLICT","ASSAULT","-0.9","Israel","Israel","Israel (83)","Lebanon; Lebanese civilians","Lebanon; Lebanese civilians","Lebanon (95); Lebanon (95)","UNICEF","UNICEF","United Nations","Lebanon; Beirut; Southern Lebanon","","Lebanon (95); Lebanon (95); Lebanon (95)","1",""
"925943e2fc63","2024-11-17","On November 17, 2024, Israel resumed its bombing campaign in northern Gaza, particularly around Jabalia, following the assassination of Hassan Nasrallah, the leader of Hezbollah, and Yahya Sinwar, the Hamas leader. This escalation included airstrikes on sites in Syria, Houthi-held territory in Yemen, and Hezbollah strongholds in Lebanon, resulting in the bombing of 14 banks allegedly linked to Hezbollah funding.","Far from yielding to this call for peace, however, Israel escalated. It resumed its bombing campaign in the north of Gaza, particularly around Jabalia. It also bombed sites in Syria and territory held by the Houthi in Yemen. It bombed Hezbollah strongholds in Lebanon and even went so far as to bomb 14 banks it claimed were channeling Hezbollah funds.","Israel ASSAULT Hezbollah, Hamas, and Hezbollah-linked banks","CONFLICT","ASSAULT","-0.9","Israel","Israel","Israel (83)","Hezbollah; Hamas; Banks linked to Hezbollah","Hezbollah; Hamas; Banks linked to Hezbollah","Lebanon (95); Palestine (195); Lebanon (95)","Yahya Sinwar; Yasser Nasrallah","Yahya Sinwar; Yasser Nasrallah","Palestine (195); Palestine (195)","Northern Gaza; Jabalia; Syria; Houthi-held territory in Yemen; Lebanon","","Palestine (195); Palestine (195); Syria (169); Yemen (191); Lebanon (95)","1",""
"23304cc897f1","2024-11-17","On November 17, 2024, two Israeli airstrikes targeted central Beirut, Lebanon, resulting in the deaths of six individuals, including Hezbollah's media relations chief Mohammed Afif. The first strike hit the Ras al-Nabaa district, killing four, while the second strike occurred in the Mar Elias area, killing two and injuring 22 others.","Lebanon said two Israeli strikes on central Beirut killed six people on Sunday, with Hezbollah confirming its spokesperson was among the dead.","Israeli Air Force ASSAULT Hezbollah and civilians in Beirut","CONFLICT","ASSAULT","-0.9","Israeli Air Force","Israeli Air Force","Israel (83)","Hezbollah; Mohammed Afif; Civilians in Beirut","Hezbollah; Mohammed Afif; Civilians in Lebanon","Lebanon (95); Lebanon (95); Lebanon (95)","","","","Central Beirut; Ras al-Nabaa district; Mar Elias area","","Lebanon (95); Lebanon (95); Lebanon (95)","1",""
"0cd900d68840","2024-11-17","Israeli warplanes targeted the southern suburbs of Beirut, Lebanon, as part of military operations against Hezbollah, following warnings for residents to evacuate. This marked a significant escalation, with strikes hitting central Beirut for the first time in weeks.","In Lebanon, Israeli warplanes pounded the southern suburbs of Beirut after the military warned people to evacuate from several buildings.","Israeli warplanes ASSAULT residents of Beirut","CONFLICT","ASSAULT","-0.9","Israeli warplanes","Israeli warplanes","Israel (83)","Residents of Beirut","Residents of Beirut","Lebanon (95)","Hezbollah","Hezbollah","Lebanon (95)","Southern suburbs of Beirut; Central Beirut","","Lebanon (95); Lebanon (95)","1",""
"b9174c9a7b25","2024-11-17","Mohammed Afif al-Naboulsi, a spokesman for the Iran-backed Hezbollah group, was killed in an Israeli airstrike on the Arab socialist Baath party's office in Beirut, Lebanon. The strike occurred amid ongoing tensions in West Asia and resulted in the deaths of four individuals and injuries to 14 others, including two children.","Iran-backed Hezbollah group's spokesman Mohammed Afif al-Naboulsi was killed in an Israeli strike on Sunday.","Israel ASSAULT Mohammad Afif al-Naboulsi, Hezbollah, and Palestinian civilians","CONFLICT","ASSAULT","-0.9","Israel","Israel","Israel (83)","Mohammad Afif al-Naboulsi; Hezbollah; Palestinian civilians","Mohammed Afif al-Naboulsi; Hezbollah; Palestinian civilians","Lebanon (95); Lebanon (95); Palestine (195)","Baath party","Baath party","Lebanon (95)","Beirut; West Asia","","Lebanon (95)","1",""
"e6b330428126","2024-11-17","The Israeli military conducted an airstrike in Beirut, Lebanon, targeting a building associated with the Arab Socialist Baath Party, resulting in the death of Hezbollah's chief spokesperson, Hajj Mohammed Afif al-Nabulsi, along with three others. The operation aimed to eliminate Afif, who was described as directly involved in Hezbollah's terrorist activities against Israel.","The Israeli military also released a statement, claiming responsibility for the operation in the Beirut area and Afif's death.","Israeli military ASSAULT Hezbollah and Hajj Mohammed Afif al-Nabulisi","CONFLICT","ASSAULT","-0.9","Israeli military","Israeli military","Israel (83)","Hajj Mohammed Afif al-Nabulisi; Hezbollah","Hajj Mohammed Afif al-Nabulisi; Hezbollah","Lebanon (95); Lebanon (95)","","","","Beirut","","Lebanon (95)","4",""
"657beaec178c","2024-11-16","An Israeli military attack targeted a Lebanese army post in the town of Mari, located in the Hasbaya district of southern Lebanon, resulting in the death of one Lebanese soldier and injuries to three others, one of whom is in critical condition. This incident marks an escalation in hostilities amid ongoing discussions to implement UN Resolution 1701.","A Lebanese army soldier was killed, and three others were injured—one critically—after a direct Israeli attack on a military post in the town of Mari, located in the Hasbaya district in southern Lebanon, according to a statement by the Lebanese Army.","Israeli military ASSAULT Lebanese army post and soldiers","CONFLICT","ASSAULT","-0.9","Israeli military","Israeli military","Israel (83)","Lebanese army post; Lebanese soldiers","Lebanese army post; Lebanese army","Lebanon (95); Lebanon (95)","United Nations","United Nations","United Nations","Mari; Hasbaya district","","Lebanon (95); Lebanon (95)","1",""
"c07d0317b258","2024-11-16","Israeli ground forces advanced into southern Lebanon, reaching their deepest position since the invasion six weeks prior, capturing a strategic hill in the village of Chamaa, approximately 5 kilometers from the Israeli border. Following fierce battles with Hezbollah militants, Israeli troops later withdrew from the hill, reportedly detonating the Shrine of Shimon the Prophet and several homes during their retreat.","Israeli ground forces reached their deepest point in Lebanon since they invaded six weeks ago, before pulling back early Saturday after fierce battles with Hezbollah militants, Lebanese state media reported.","Israeli ground forces ASSAULT Hezbollah militants","CONFLICT","ASSAULT","-0.9","Israeli ground forces","Israeli ground forces","Israel (83)","Hezbollah militants","Hezbollah","Lebanon (95)","","","","Southern Lebanon; Chamaa; Shimon the Prophet Shrine","","Lebanon (95); Lebanon (95); Lebanon (95)","5",""
"882e97d59064","2024-11-16","The Israeli military conducted a series of airstrikes on Saturday targeting the Dahiya area near Beirut, Lebanon, which is controlled by Hezbollah. The strikes resulted in the deaths of two paramedics, as reported by Lebanon's Health Ministry, and were part of a broader campaign against facilities used by Hezbollah, which Israel accuses of hiding terrorist infrastructure in residential areas.","The Israeli military pressed on Saturday with its dayslong bombing campaign targeting an area near Beirut dominated by Hezbollah, the Lebanese Shiite militia, while in the country’s south, Israeli airstrikes killed two paramedics, according to Lebanon’s Health Ministry.","Israeli military ASSAULT Hezbollah and Dahiya residents","CONFLICT","ASSAULT","-0.9","Israeli military","Israeli military","Israel (83)","Hezbollah; Dahiya residents","Hezbollah; Dahiya residents","Lebanon (95); Lebanon (95)","","","","Dahiya area near Beirut; Beirut","","Lebanon (95); Lebanon (95)","2",""
"bc27405cc8ea","2024-11-14","An Israeli air strike targeted an emergency response centre in Douris, near Baalbek, Lebanon, resulting in the deaths of at least 15 rescue workers, including the city's civil defence chief, Bilal Raad. This attack is noted as one of the deadliest against Lebanese emergency responders during the ongoing conflict.","An Israeli air strike on an emergency response centre in north-eastern Lebanon on Thursday killed at least 15 rescue workers, officials say, in one of the deadliest attacks of its kind involving Lebanese emergency responders in the war.","Israeli military ASSAULT Lebanese emergency responders and Bilal Raad","CONFLICT","ASSAULT","-0.9","Israeli military","Israeli military","Israel (83)","Lebanese emergency responders; Baalki civil defense chief, Bilal Raad","Lebanese civil defense team emergency personnel; Baalki civil defense chief, Bilal Raad","Lebanon (95); Lebanon (95)","","","","Douris; Baalbek","","Lebanon (95); Lebanon (95)","1",""
"4cb03c9502ce","2024-11-14","Israel is preparing a ceasefire plan in Lebanon, which was discussed with President-elect Donald Trump and Jared Kushner. The plan includes the withdrawal of Israeli forces from southern Lebanon within seven days of signing the agreement, with the Lebanese army taking over administration of the region. The United States is also involved in resolving key issues related to the ceasefire, including the monitoring of Hezbollah's withdrawal and Israel's operational rights in Lebanon.","An Israeli government minister discussed the proposal with Trump and Jared Kushner. An aide close to Israeli Prime Minister Benjamin Netanyahu told Trump and Kushner that Israel is rushing to move forward with a ceasefire agreement in Lebanon.","Israel and the United States AGREE with the Lebanese army","COOPERATION","AGREE","0.5","Israel; United States","Israel; United States","Israel (83); USA (185)","Lebanese army","Lebanese army","Lebanon (95)","Donald Trump; Jared Kushner; Hezbollah","Donald Trump; Jared Kushner; Hezbollah","USA (185); USA (185); Lebanon (95)","Lebanon; Southern Lebanon","","Lebanon (95); Lebanon (95)","1",""
"9e39fadc7e49","2024-11-13","Israeli air strikes targeted Hezbollah-controlled areas in the southern suburbs of Beirut, Lebanon, for the second consecutive day, resulting in the destruction of several buildings and the deaths of eight individuals, including three women and three children. This escalation occurred amid ongoing discussions regarding ceasefire proposals from Washington.","Israeli air strikes pounded Beirut's Hezbollah-controlled southern suburbs for a second consecutive day on Wednesday, as Lebanon waited to hear Washington's latest ceasefire proposals after a U.S. official expressed hope a truce could be reached.","Israeli military ASSAULT Hezbollah-controlled areas in southern Beirut and civilians in Lebanon","CONFLICT","ASSAULT","-0.9","Israeli military","Israeli military","Israel (83)","Hezbollah-controlled areas in southern Beirut; Civilians in Hezbollah-controlled areas","Civilians in Hezbollah-controlled areas; Civilians in Hezbollah-controlled areas","Lebanon (95); Lebanon (95)","Washington","Washington","USA (185)","southern suburbs of Beirut","","Lebanon (95)","9",""
"16af77b551af","2024-11-13","The Israel Defense Forces (IDF) conducted airstrikes in southern Lebanon, resulting in the deaths of three senior Hezbollah commanders: Ayman Muhammad Nabulsi, Hajj Ali Yussef Salah, and Muhammad Musa Salah. This operation aimed to neutralize Hezbollah's military capabilities amid escalating border tensions.","Three senior Hezbollah commanders were confirmed killed in Israeli airstrikes in southern Lebanon, the Israel Defense Forces (IDF) announced on Wednesday.","Israel Defense Forces ASSAULT Hezbollah and its senior commanders","CONFLICT","ASSAULT","-0.9","Israel Defense Forces","Israeli military","Israel (83)","Hezbollah; Ayman Muhammad Nabulisa; Hajj Ali Youssef Salah; Muhammad Musa Salah","Hezbollah; Ayman Muhammad Nabulisa; Hajj Ali Youssef Salah; Muhammad Musa Salah","Lebanon (95); Lebanon (95); Lebanon (95); Lebanon (95)","","","","southern Lebanon","","Lebanon (95)","1",""
"21e95aee4e12","2024-11-13","Israeli airstrikes targeted Hezbollah-controlled areas in Beirut, Lebanon, for the second consecutive day as part of a broader offensive against Hezbollah, which has been ongoing for over seven weeks. The strikes resulted in significant destruction in the Dahiyeh suburb and caused civilian casualties, including women and children, prompting Lebanon to seek ceasefire proposals from the United States.","In a tense development, Israeli airstrikes again targeted Hezbollah-controlled areas in Beirut for the second straight day on Wednesday.","Israeli airstrikes ASSAULT Hezbollah-controlled areas in Beirut and civilians in Dahiyeh suburb","CONFLICT","ASSAULT","-0.9","Israeli airstrikes","Israeli airstrike","Israel (83)","Hezbollah-controlled areas in Beirut; Civilians in Dahiyeh suburb","Civilians in Hezbollah-controlled areas; Civilians in Dahiyeh suburb","Lebanon (95); Lebanon (95)","United States","United States","USA (185)","Beirut; Dahiyeh suburb","","Lebanon (95); Lebanon (95)","1",""
"7915c2fb6b2d","2024-11-13","The Israeli Air Force conducted a series of airstrikes on Hezbollah's positions in the southern suburbs of Beirut, Lebanon, resulting in the deaths of six individuals. This marked the third wave of strikes within 24 hours, following earlier attacks that also killed six people in Aramoun, a densely populated area south of the capital.","Lebanese state media reported on Wednesday a third wave of Israeli raids on Hezbollah’s south Beirut bastion in 24 hours, after the health ministry said another strike south of the capital killed six people.","Israeli Air Force ASSAULT Hezbollah","CONFLICT","ASSAULT","-0.9","Israeli Air Force","Israeli Air Force","Israel (83)","Hezbollah","Hezbollah","Lebanon (95)","","","","southern suburbs of Beirut; Aradoun","","Lebanon (95); Lebanon (95)","1",""
"6865d24b33ae","2024-11-12","On November 12, 2024, Israel conducted a series of airstrikes in Beirut, Lebanon, targeting Hezbollah positions and resulting in over 20 deaths, according to Lebanon's Ministry of Health. The strikes also affected villages south of Beirut, amidst ongoing clashes between Israel and Hezbollah.","Reuters reported on Tuesday, November 12, that Israel launched a new wave of airstrikes against Hezbollah in Lebanon.","Israel ASSAULT Hezbollah and civilians in villages south of Beirut","CONFLICT","ASSAULT","-0.9","Israel","Israel","Israel (83)","Hezbollah; Civilians in villages south of Beirut","Hezbollah; Civilians in Lebanon","Lebanon (95); Lebanon (95)","","","","Beirut; Villages south of Beirut","","Lebanon (95); Lebanon (95)","1",""
"6197a4fa635d","2024-11-11","The Israel Defense Forces (IDF), under the direction of Chief of Staff Herzi Halevy, escalated military operations in southern Lebanon by deploying thousands of troops to enhance Israel's military presence in areas with significant Hezbollah activity. This operation aims to strengthen Israel's foothold in the region and target Hezbollah positions.","IDF Chief of Staff Herzi Halevy has approved an escalation of military activity in southern Lebanon, following new strategies endorsed by the Northern Command.","Israel Defense Forces MOBILIZE Hezbollah","CONFLICT","MOBILIZE","-0.6","Israel Defense Forces","Israeli military","Israel (83)","Hezbollah","Hezbollah","Lebanon (95)","","","","southern Lebanon","","Lebanon (95)","1",""
"a1f07e0cf05c","2024-11-10","Israeli airstrikes in Lebanon and Gaza resulted in significant casualties, with at least 23 people killed in Almat, Lebanon, and at least 33 people killed in Jabaliya, Gaza, including children and women. The strikes were part of ongoing military operations against Hamas, with Israel claiming to target militant sites.","The Lebanese health ministry said at least 23 people, including seven children, were killed in Israeli strikes on Sunday in the village of Almat, north of the capital Beirut. [...] an Israeli strike in northern Gaza struck a home sheltering displaced people in the refugee camp of Jabaliya, killing at least 33 people, including 13 children and nine women.","Israel ASSAULT Hamas and civilians in Lebanon and Gaza","CONFLICT","ASSAULT","-0.9","Israel","Israel","Israel (83)","Hamas; Civilians in Lebanon; Civilians in Gaza","Hamas; Civilians in Lebanon; Palestinian civilians in Gaza","Palestine (195); Lebanon (95); Palestine (195)","","","","Lebanon; Gaza; Almat; Jabalia","","Lebanon (95); Palestine (195); Lebanon (95); Palestine (195)","1",""
"04a9617719d1","2024-11-10","Israeli Defense Minister Israel Katz announced the defeat of Hezbollah during a handover ceremony at Israel's foreign ministry. He described the elimination of Hezbollah leader Hassan Nasrallah as the 'crowning achievement' in Israel's military operations against Hamas and Hezbollah amid ongoing conflicts in Gaza and Lebanon.","Israeli Defense Minister on Nov 10 announced that ‘Hezbollah has been defeated’. The incoming Israeli Defense Minister, Israel Katz said eliminating Hassan Nasrallah was the 'crowning achievement'.","Israel Katz ACCUSE Hezbollah and Hamas","CONFLICT","ACCUSE","-0.3","Israel Katz","Israel Katz","Israel (83)","Hezbollah; Hamas","Hezbollah; Hamas","Lebanon (95); Palestine (195)","Hezbollah leader Hassan Nasrallah","Hezbollah leader Hassan Nasrallah","Lebanon (95)","Israel's foreign ministry; Gaza; Lebanon","","Israel (83); Palestine (195); Lebanon (95)","1",""
"f556ebb0fb0b","2024-11-10","Israeli Special Forces conducted a raid on a Hezbollah official located 200 kilometers inside Lebanon. This operation is noted for its unusual nature and reflects ongoing tensions between Israel and Hezbollah.","Israeli Special Forces raid Hezbollah official in unusual operation 200 Kms Inside Lebanon.","Israeli Special Forces ASSAULT Hezbollah","CONFLICT","ASSAULT","-0.9","Israeli Special Forces","Israeli Special Forces","Israel (83)","Hezbollah","Hezbollah","Lebanon (95)","","","","200 kilometers inside Lebanon","","Lebanon (95)","1",""
"a6a9f2027f75","2024-11-10","An Israeli airstrike in Syria resulted in the death of Ali Mousa Daqduq, a high-ranking military leader of Hezbollah and deputy commander of the Radwan Unit. This action is part of Israel's ongoing military operations targeting Hezbollah commanders in the region.","A recent Israeli airstrike in Syria killed Ali Mousa Daqduq, one of Hezbollah’s most wanted military leaders who served as the deputy commander of the Radwan Unit at the time of his death, a senior US defense official confirmed to NBC News.","Israeli military ASSAULT Ali Mousa Daqweq","CONFLICT","ASSAULT","-0.9","Israeli military","Israeli military","Israel (83)","Ali Mousa Daqduq","Ali Mousa Daqduq","Lebanon (95)","Hezbollah; Radwan Unit","Hezbollah; Radwan Unit","Lebanon (95); Lebanon (95)","Syria","","Syria (169)","1",""
"d393e2f269d2","2024-11-10","Israel conducted airstrikes in Lebanon, targeting areas in the southern suburbs of Beirut, resulting in the deaths of 40 individuals, according to Lebanese authorities. This military action is part of Israel's ongoing operations amid escalating tensions in the region.","Earlier, Israeli airstrikes in Lebanon killed 40 people on Saturday, Lebanese authorities said. The IDF launched a fervid strike in the southern suburbs of the capital Beirut overnight.","Israel ASSAULT Lebanese civilians","CONFLICT","ASSAULT","-0.9","Israel","Israel","Israel (83)","Lebanese civilians","Lebanese civilians","Lebanon (95)","","","","Lebanon; Southern suburbs of Beirut","","Lebanon (95); Lebanon (95)","1",""
"4aaaefdea464","2024-11-10","Israel’s Strategic Affairs Minister Ron Dermer met with President-elect Trump at Mar-a-Lago in Florida to discuss a proposed Israeli cease-fire in Lebanon that involves cooperation from Western and Russian officials. The discussions included plans for Moscow to prevent Hezbollah from resupplying via Syrian land routes and relocating Hezbollah forces north of the Litani River, with the Lebanese military taking control of the border area for 60 days under U.S. and British oversight.","Sunday’s discussions at Mar-a-Lago centered on an Israeli cease-fire in Lebanon that involves Western and Russian cooperation, according to the Post.","Ron Dermer and President-elect Trump CONSULT Western officials, Russian officials, Hezbollah, and the Lebanese military","COOPERATION","CONSULT","0.2","Ron Dermer; President-elect Trump","Ron Dermer; Donald Trump","Israel (83); USA (185)","Western officials; Russian officials; Hezbollah; Lebanese military","Western officials; Russian officials; Hezbollah; Lebanese army","Russia (143); Lebanon (95); Lebanon (95)","Syria; United States; United Kingdom","Syria; United States; United Kingdom","Syria (169); USA (185); UK (183)","Mar-a-Lago, Florida; Lebanon; Syrian land routes; north of the Litani River","","USA (185); Lebanon (95); Syria (169); Lebanon (95)","1",""
"fd5687831f20","2024-11-10","The Israeli military conducted an airstrike on the Lebanese village of Aalmat, located north of Beirut, resulting in the deaths of at least 23 people, including children. The operation targeted what Israel claimed to be a Hezbollah weapons storage site, while Hezbollah officials denied the presence of any military assets at the location.","An Israeli airstrike on the Lebanese village of Aalmat, located north of Beirut, resulted in the deaths of at least 23 people. Israel's military reported that the target was a Hezbollah weapons storage site, and they are currently reviewing the operation.","Israeli military ASSAULT Lebanese civilians","CONFLICT","ASSAULT","-0.9","Israeli military","Israeli military","Israel (83)","Lebanese civilians","Lebanese civilians","Lebanon (95)","Hezbollah","Hezbollah","Lebanon (95)","Aalmat; Beirut","","Lebanon (95); Lebanon (95)","1",""
"507b641d74b8","2024-11-10","Israeli forces launched a significant air campaign in Lebanon targeting Hezbollah positions, marking an escalation in the ongoing conflict that has resulted in at least 3,050 fatalities and nearly 13,700 injuries since October 2023. This military action follows a series of cross-border confrontations between Israel and Hezbollah.","According to While the ceasefire efforts between and Hezbollah continue, it was announced that, Israel has launched a massive air campaign in Lebanon since late September against what it claims are Hezbollah targets in an escalation from year-long cross-border warfare between Israel and the Lebanese group since the start of Israel's brutal offensive on the Strip.","Israeli forces ASSAULT Hezbollah","CONFLICT","ASSAULT","-0.9","Israeli forces","Israeli military","Israel (83)","Hezbollah","Hezbollah","Lebanon (95)","","","","Lebanon","","Lebanon (95)","4",""
"3bb6a711cbec","2024-11-09","An Israeli airstrike in the village of Almat, located north of Beirut, Lebanon, resulted in the deaths of 20 individuals, including three children, and injured six others. This strike is part of ongoing military actions in the region amid the conflict that has escalated since late September.","The Israeli enemy strike on Almat in the Jbeil district killed 20 people including three children and injured six, in an updated toll.","Israeli military ASSAULT Civilians in Almat","CONFLICT","ASSAULT","-0.9","Israeli military","Israeli military","Israel (83)","Civilians in Almat","Civilians in Almat","Lebanon (95)","","","","Almat; Beirut","","Lebanon (95); Lebanon (95)","1",""
"4f5381afff5e","2024-11-09","The Israeli military conducted airstrikes in Lebanon's Mount Lebanon province, resulting in the deaths of at least 20 individuals, including three children, in Almat. Additionally, another airstrike in Mashghara in Western Bekaa caused three more fatalities and two injuries, while a separate attack in Sahmar led to one death and four injuries. The strikes were reportedly aimed at Hezbollah militants.","At least 20 people, including three children, were killed in an Israeli airstrike on Almat in Lebanon's Mount Lebanon province, according to the health ministry. The ministry reported three more fatalities and two injuries from another Israeli airstrike on Mashghara in Western Bekaa late Saturday night.","Israeli military ASSAULT Hezbollah militants and civilians in Mount Lebanon province","CONFLICT","ASSAULT","-0.9","Israeli military","Israeli military","Israel (83)","Hezbollah militants; Civilians in Mount Lebanon province","Hezbollah; Civilians in Lebanon","Lebanon (95); Lebanon (95)","","","","Mount Lebanon province; Almat; Mashqyha; Sahmaria","","Lebanon (95); Lebanon (95); Lebanon (95); Lebanon (95)","2",""
"a62fc4c8b2a1","2024-11-07","Lebanon condemned an Israeli drone strike that occurred in Sidon, southern Lebanon, which killed three civilians and injured several Lebanese soldiers and UN peacekeepers. The Lebanese army confirmed the attack was carried out by an Israeli drone targeting a vehicle, resulting in casualties among civilians and military personnel.","BEIRUT Lebanon condemned an Israeli drone strike Thursday in the southern city of Sidon that killed three civilians and injured several Lebanese soldiers and UN peacekeepers, labeling it a 'war crime.'","Israel ASSAULT Lebanon, Lebanese civilians, Lebanese military personnel, and UN peacekeepers","CONFLICT","ASSAULT","-0.9","Israel","Israel","Israel (83)","Lebanon; Lebanese civilians; Lebanese military personnel; UN peacekeepers","Lebanon; Lebanese civilians; Lebanese army; United Nations peacekeepers","Lebanon (95); Lebanon (95); Lebanon (95)","","","","Sidon","","Lebanon (95)","2",""
"23f9dd37d9f6","2024-11-07","Israeli Minister of Strategic Affairs Ron Dermer conducted a secret visit to Russia to negotiate a potential settlement with Lebanon. This visit occurred shortly after Israel's military action against Iran on October 26, and it is anticipated that Russia could facilitate a ceasefire agreement between Israel and Hezbollah to alter the situation in Lebanon and limit Hezbollah's armament.","Israeli Minister of Strategic Affairs Ron Dermer, who is close to Israeli Prime Minister Benjamin Netanyahu, has paid a secret visit to Russia in a bid to reach a settlement with Lebanon, the Israeli army radio reported.","Ron Dermer CONSULT Russia and Lebanon","COOPERATION","CONSULT","0.2","Ron Dermer","Ron Dermer","Israel (83)","Russia; Lebanon","Russia; Lebanon","Russia (143); Lebanon (95)","Israel; Hezbollah","Israel; Hezbollah","Israel (83); Lebanon (95)","Russia","","Russia (143)","1",""
"825d7a8b50a6","2024-11-06","Israeli airstrikes targeted the eastern city of Baalbek and the southern suburbs of Beirut, Lebanon, resulting in 40 deaths and 53 injuries, as reported by Lebanon's health ministry. The strikes were part of Israel's ongoing military operations against Hezbollah strongholds.","Israeli airstrikes on Lebanon has claimed 40 lives in and around the eastern city of Baalbek in the Bekaa Valley on Wednesday, as reported by the country’s health ministry.","Israel ASSAULT Hezbollah and civilians in Baalbek and southern Beirut","CONFLICT","ASSAULT","-0.9","Israel","Israel","Israel (83)","Hezbollah; Civilians in Baalbek and southern Beirut","Hezbollah; Civilians in Lebanon","Lebanon (95); Lebanon (95)","","","","Baalbek; Beirut","","Lebanon (95); Lebanon (95)","1",""
"b9b7323536cb","2024-11-05","The Israeli military conducted airstrikes on weapons storage facilities in Al-Qusayr, Syria, used by Hezbollah's munitions unit. This action was taken in response to the unit's expanded activities near the Syria-Lebanon border, aiming to disrupt military infrastructure associated with Hezbollah.","Israel's military said on Tuesday it struck weapons storage facilities in Syria used by Hezbollah, the Lebanese militant group and political party.","Israeli military ASSAULT Hezbollah's munities unit","CONFLICT","ASSAULT","-0.9","Israeli military","Israeli military","Israel (83)","Hezbollah's munitions unit","Hezbollah's munitions unit","Lebanon (95)","","","","Al-Qusayr","","Syria (169)","1",""
"30a392f8042a","2024-11-05","An Israeli airstrike targeted a building in Barja, Lebanon, resulting in at least 20 fatalities and 14 injuries. The strike occurred in the Chouf district, approximately 20 kilometers south of Beirut, as part of Israel's ongoing military operations in Lebanon that have intensified since late September.","The preliminary death toll from the Israeli enemy's raid on Barja in the Chouf district of Mount Lebanon has risen to 20 martyrs and 14 wounded.","Israeli military ASSAULT Lebanese civilians","CONFLICT","ASSAULT","-0.9","Israeli military","Israeli military","Israel (83)","Lebanese civilians","Lebanese civilians","Lebanon (95)","","","","Barja; Chouf district; Beirut","","Lebanon (95); Lebanon (95); Lebanon (95)","1",""
"358790ae8f47","2024-11-04","The Israel Defense Forces (IDF) conducted an airstrike in southern Lebanon, resulting in the death of Abu Ali Rida, the commander of Hezbollah's Baraachit area. The IDF stated that Rida was responsible for rocket and anti-tank missile attacks on Israeli forces and commanded Hezbollah units in the Nabatieh area.","The Israel Defense Forces said Monday that it killed Hezbollah's commander of the Baraachit area of southern Lebanon in an airstrike.","Israel Defense Forces ASSAULT Abu Ali Rida","CONFLICT","ASSAULT","-0.9","Israel Defense Forces","Israeli military","Israel (83)","Abu Ali Rida","Abu Ali Rida","Lebanon (95)","Hezbollah","Hezbollah","Lebanon (95)","southern Lebanon; Nabatieh area; Baraahtit area","","Lebanon (95); Lebanon (95); Lebanon (95)","1",""
"774a39d9018b","2024-11-04","The Israeli Air Force conducted an airstrike targeting Hezbollah intelligence assets near Damascus, Syria. This operation aimed at key infrastructure, which the Israeli military stated included an independent intelligence gathering and coordination network. Syria's defense ministry reported that the strike also hit civilian sites in the Sayeda Zeinab area.","Israel's Air Force said on Monday it had struck Hezbollah intelligence assets near Damascus in an attack on key infrastructure in Syria that Syria said had targeted civilian sites.","Israeli Air Force ASSAULT Hezbollah and Syrian civilians","CONFLICT","ASSAULT","-0.9","Israeli Air Force","Israeli Air Force","Israel (83)","Hezbollah; Syrian civilians","Hezbollah; Syrian civilians","Lebanon (95); Syria (169)","","","","Near Damascus; Sayeda Zeinab area","","Syria (169); Syria (169)","2",""
"81679d44f8bf","2024-11-04","Lebanon's Health Ministry reported that the death toll from the ongoing conflict between Israel and Hezbollah has risen to over 3,000, with at least 13,492 others wounded. This report reflects the casualties from 13 months of fighting that intensified following the surprise attack by Hamas on Israel on October 7, 2023.","On Monday, Lebanon's Health Ministry reported its new death toll from 13 months of conflict between Israel and Hezbollah, noting that at least 13,492 others have been wounded.","Israel and Hezbollah ASSAULT Lebanon","CONFLICT","ASSAULT","-0.9","Israel; Hezbollah","Israel; Hezbollah","Israel (83); Lebanon (95)","Lebanon","Lebanon","Lebanon (95)","Hamas","Hamas","Palestine (195)","Lebanon","","Lebanon (95)","1",""
"7f0676ec2516","2024-11-03","The Israel Defense Forces (IDF) targeted and killed Jaafar Khader Faour, the commander overseeing Hezbollah's missile and rocket operations, in a precision airstrike conducted by an Israeli Air Force fighter jet in the village of Jouaiyya, southern Lebanon.","The Israel Defense Forces (IDF) has said that they killed Jaafar Khader Faour, the commander overseeing Hezbollah's missile and rocket operations in its Nasser unit.","Israel Defense Forces ASSAULT Jaafar Khader Faour","CONFLICT","ASSAULT","-0.9","Israel Defense Forces","Israeli military","Israel (83)","Jaafar Khader Faour","Jaafar Khader Faour","Lebanon (95)","Hezbollah","Hezbollah","Lebanon (95)","Jouaiya, southern Lebanon","","Lebanon (95)","1",""
"b7546d453dfa","2024-11-03","An Israeli airstrike in Haret Saida, a densely populated area near Sidon, Lebanon, resulted in the deaths of three individuals and injuries to nine others. The attack is part of a broader escalation of hostilities, with Israel indicating a resumption of targeting Hezbollah positions in the region.","On Sunday, Lebanon's health ministry reported that an Israeli airstrike near the southern city of Sidon resulted in the deaths of three individuals on Sunday.","Israel ASSAULT Hezbollah and civilians in Haret Saida and Sidon","CONFLICT","ASSAULT","-0.9","Israel","Israel","Israel (83)","Hezbollah; Civilians in Haret Saida and Sidon","Hezbollah; Civilians in Haret Saida and Sidon","Lebanon (95); Lebanon (95)","","","","Haret Saida; Sidon","","Lebanon (95); Lebanon (95)","1",""
"f5697ace793d","2024-11-03","Israeli Prime Minister Benjamin Netanyahu stated that Hezbollah must be pushed back beyond the Litani River, regardless of a ceasefire agreement, to ensure the safety of evacuated residents in northern Israel. He emphasized the need to prevent Hezbollah from rearming and to respond forcefully to any actions against Israel during his visit to the border with Lebanon.","""With or without an agreement, the key to returning our (evacuated) residents in the north safely to their homes is to keep back Hezbollah beyond the Litani, to strike its every attempt rearm, and to respond forcefully against all action against us,"" Netanyahu said during a visit to the border with Lebanon.","Benjamin Netanyahu REQUEST Hezbollah","CONFLICT","REQUEST","-0.2","Benjamin Netanyahu","Benjamin Netanyahu","Israel (83)","Hezbollah","Hezbollah","Lebanon (95)","Evacuated residents in northern Israel","Evacuated Israelis","Israel (83)","Litani River; Northern Israel; Border with Lebanon","","Lebanon (95); Israel (83); Lebanon (95)","1",""
"9090b6cb1118","2024-11-02","Israeli naval forces captured a senior Hezbollah operative in northern Lebanon, specifically in the Batroun area. This operation is part of ongoing tensions between Israel and Hezbollah, with the operative being transferred to Israeli territory for investigation.","Israeli naval forces captured a senior Hezbollah operative in northern Lebanon, as reported by the Associated Press, citing an Israeli military official on Saturday.","Israeli naval forces COERCE a senior Hezbollah operative","CONFLICT","COERCE","-0.6","Israeli naval forces","Israeli Navy","Israel (83)","Senior Hezbollah operative","Hezbollah commanders","Lebanon (95)","","","","Batrouun, northern Lebanon","","Lebanon (95)","2",""
"7871f7be8e37","2024-11-02","Israel conducted extensive airstrikes on northeastern villages in Lebanon, resulting in the deaths of 52 individuals according to the Lebanese Health Ministry. This military action occurred amid ongoing ceasefire negotiations and heightened tensions in the region.","Israel conducted extensive airstrikes on Lebanon's northeastern villages, claiming 52 lives, according to the Lebanese Health Ministry.","Israel ASSAULT Lebanese civilians","CONFLICT","ASSAULT","-0.9","Israel","Israel","Israel (83)","Lebanese civilians","Lebanese civilians","Lebanon (95)","","","","Northeastern villages in Lebanon","","Lebanon (95)","1",""
"efa3f4a1e293","2024-11-01","The Israel Air Force conducted heavy airstrikes on the Dahiyeh suburb of Beirut, Lebanon, resulting in significant destruction to numerous buildings across various neighborhoods. This action is part of Israel's ongoing military operations in the region amidst escalating violence.","Israel’s air force launched heavy strikes on Beirut’s southern suburb of Dahiyeh overnight, causing significant destruction to dozens of buildings across multiple neighbourhoods, according to Lebanon’s state-run National News Agency on Friday, Associated Press reported.","Israel Defense Forces ASSAULT Civilians in Dahiyeh suburb, Beirut","CONFLICT","ASSAULT","-0.9","Israel Defense Forces","Israeli military","Israel (83)","Civilians in Dahiyeh suburb, Beirut","Civilians in Dahiyeh suburb","Lebanon (95)","","","","Dahiyeh suburb, Beirut; Various neighborhoods, Beirut","","Lebanon (95); Lebanon (95)","1",""
"425241e4c61a","2024-11-01","Israeli airstrikes targeted nine villages in northeastern Lebanon, resulting in at least 41 casualties, as confirmed by Bachir Khodr, the governor of Baalbek. This escalation in violence is part of Israel's ongoing campaign against Hezbollah, coinciding with efforts by the Biden administration to negotiate temporary ceasefire agreements.","Bachir Khodr, the governor of Baalbek, confirmed on Friday that airstrikes on nine villages resulted in 41 additional casualties, surpassing initial reports by the National News Agency.","Israeli airstrikes ASSAULT villages in northeastern Lebanon","CONFLICT","ASSAULT","-0.9","Israeli airstrikes","Israeli airstrike","Israel (83)","Villages in northeastern Lebanon","Residents of southern Lebanon","Lebanon (95)","Biden administration; Hezbollah","President Joe Biden; Hezbollah","USA (185); Lebanon (95)","Northeastern Lebanon; Baalbek","","Lebanon (95); Lebanon (95)","1",""
"69eaf6fcf790","2024-11-01","Israeli naval troops conducted a ground operation in northern Lebanon, raiding a house and arresting Imad Fadel Amhaz, a senior member of Hezbollah's military wing. The operation aimed to target Hezbollah operatives, as reported by various sources including Al-Hadath and Lebanese officials.","Israeli naval troops operated on the ground in northern Lebanon on Friday, raiding a house and arresting a Hezbollah operative, according to a source close to Hezbollah and a report by the Saudi media outlet Al-Hadath.","Israeli naval troops COERCE Imad Fadel Amash and Hezbollah operatives","CONFLICT","COERCE","-0.6","Israeli naval troops","Israeli Navy","Israel (83)","Imad Fadel Amash; Hezbollah operatives","Imad Fadel Amash; Hezbollah","Lebanon (95); Lebanon (95)","","","","Northern Lebanon","","Lebanon (95)","1",""
"bc99bcff46ad","2024-11-01","Israeli special forces, specifically the Shayetet 13 marine commando unit, conducted a military operation in Batroun, northern Lebanon, where they captured a senior Hezbollah operative. This operation was characterized as a rare incursion into Lebanese territory and has led to diplomatic tensions, prompting the Lebanese government to file a complaint with the UN Security Council.","In the early hours of Friday morning, Israeli commandos reportedly captured a senior Hezbollah operative in the town of Batroun, marking a rare incursion into Lebanon’s northern regions.","Shayetet 13 marine commando unit ACCUSE senior Hezbollah operative","CONFLICT","ACCUSE","-0.3","Shayetet 13 marine commando unit","Shayetet 13 marine commando unit","Israel (83)","Senior Hezbollah operative","Hezbollah commanders","Lebanon (95)","Lebanese government; UN Security Council","Lebanese government; United Nations Security Council","Lebanon (95)","Batroun","","Lebanon (95)","1",""
"f27d33b3752a","2024-11-01","Negotiations for a ceasefire between Israel and its adversaries, Hamas and Hezbollah, collapsed in Israel, leading to extensive Israeli airstrikes in Gaza and Beirut. The airstrikes resulted in at least 64 reported deaths in Gaza and significant damage in Beirut's southern suburbs.","Negotiations aimed at achieving a ceasefire between Israel and its adversaries, Hamas and Hezbollah, collapsed on Friday, resulting in extensive casualties from Israeli airstrikes in Gaza and Beirut.","Israel ASSAULT Hamas and Hezbollah","CONFLICT","ASSAULT","-0.9","Israel","Israel","Israel (83)","Hamas; Hezbollah","Hamas; Hezbollah","Palestine (195); Lebanon (95)","","","","Israel; Gaza; Beirut","","Israel (83); Palestine (195); Lebanon (95)","1",""
"c53a52ede7de","2024-10-31","The Israeli military conducted airstrikes on Qusayr in Homs province, Syria, targeting weapons storage facilities and command centers used by the militant group Hezbollah. This action was part of Israel's ongoing efforts to disrupt the transfer of weapons from Iran to Hezbollah, which has been reported to have spread into the town of Al-Qusayr, near the Syrian-Lebanese border.","The Israeli military, which typically does not comment on specific reports of strikes in Syria, said in a statement it had hit 'weapons storage facilities and command centers' used by militant group Hezbollah in the area of Al-Qusayr.","Israeli military ASSAULT Hezbollah","CONFLICT","ASSAULT","-0.9","Israeli military","Israeli military","Israel (83)","Hezbollah","Hezbollah","Lebanon (95)","Iran","Iran","Iran (80)","Qusayr, Homs province; Al-Qusayr, near the Syrian-Lebanese border","","Syria (169); Syria (169)","3",""
"1f93c255333a","2024-10-30","The Israeli army conducted a targeted airstrike in Nabatieh, southern Lebanon, resulting in the assassination of Mustafa Ahmad Shahadi, the deputy commander of Hezbollah's Radwan Force. This operation was based on precise intelligence and is viewed as a significant blow to Hezbollah's operational capabilities, as Shahadi was involved in orchestrating attacks against Israel.","The Israeli army on Wednesday announced a significant development in its ongoing conflict with Hezbollah, claiming the assassination of Mustafa Ahmad Shahadi, the deputy commander of the militant group’s Radwan Force.","Israeli army ASSAULT Mustafa Ahmad Shahadi","CONFLICT","ASSAULT","-0.9","Israeli army","Israeli military","Israel (83)","Mustafa Ahmad Shahadi","Mustafa Ahmad Shahadi","Lebanon (95)","Hezbollah","Hezbollah","Lebanon (95)","Nabatieh","","Lebanon (95)","1",""
"f374a4f37788","2024-10-29","The Israeli government, with the support of the United States and Western European countries, has escalated military actions against Middle Eastern countries, including attacks on Palestinian territories in the Gaza Strip and the West Bank. This expansionist policy includes direct attacks on regional countries such as Yemen, Lebanon, Syria, and Iran, violating their national sovereignty.","With the full and unconditional support of the United States and Western European countries, the Israeli government has been attacking Middle Eastern countries and committing genocide against Palestinians living in the Gaza Strip.","Israeli government, United States, and Western European countries ASSAULT Palestinian territories, Yemen, Lebanon, Syria, and Iran","CONFLICT","ASSAULT","-0.9","Israeli government; United States; Western European countries","Israeli government; United States; Western countries","Israel (83); USA (185)","Palestinian territories; Yemen; Lebanon; Syria; Iran","Palestinian territories; Yemen; Lebanon; Syria; Iran","Palestine (195); Yemen (191); Lebanon (95); Syria (169); Iran (80)","","","","Gaza Strip; West Bank; Yemen; Lebanon; Syria; Iran","","Palestine (195); Palestine (195); Yemen (191); Lebanon (95); Syria (169); Iran (80)","1",""
"f1734b362ca2","2024-10-25","The Israeli military conducted an airstrike on the Jousieh crossing between Israel and Lebanon, rendering it inoperable. This action is part of a series of strikes that have targeted key border crossings, which Israel accuses Hezbollah of using for military logistics.","The Jousieh crossing was struck on Friday.","Israeli military ASSAULT Hezbollah","CONFLICT","ASSAULT","-0.9","Israeli military","Israeli military","Israel (83)","Hezbollah","Hezbollah","Lebanon (95)","","","","Joushle crossing; Israel; Lebanon","","Lebanon (95); Israel (83); Lebanon (95)","1",""
"bb3a98bdef56","2024-10-25","An Israeli airstrike targeted a residence of journalists in Hasbaya, Lebanon, resulting in the deaths of three journalists and injuries to three others. This incident has raised significant concerns regarding the impact of Israeli airstrikes on civilians and humanitarian operations in the region.","the Israeli attack on journalists’ residence in Hasbaya led to three deaths and left three others wounded.","Israeli airstrike ASSAULTED journalists in Hasbaya, Lebanon.","CONFLICT","ASSAULT","-0.9","Israeli airstrike","Israeli airstrike","Israel (83)","Journalists in Hasbaya","Journalists in Hasbaya","Lebanon (95)","","","","Hasbaya","","Lebanon (95)","2",""
"5aa4ecc39a15","2024-10-25","Lebanese Prime Minister Najib Mikati accused Israel of committing war crimes by targeting journalists, hospitals, and rescue workers during a military strike in southern Lebanon. This accusation followed an Israeli attack that resulted in the deaths of three media workers in Hasbaya, which Mikati described as a deliberate act aimed at terrorizing the media.","""The new Israeli aggression targeting journalists"" was among the ""war crimes committed by the Israeli enemy,” Mikati said in a statement, adding the attack was ""deliberate"" and ""aims to terrorize the media to cover up crimes and destruction.""","Israel ACCUSE Lebanese journalists, hospitals, and rescue workers of war crimes","CONFLICT","ACCUSE","-0.3","Israel","Israel","Israel (83)","Lebanese journalists; Lebanese hospitals; Lebanese rescue workers","Lebanese journalists; Lebanese hospitals; Lebanese rescue workers","Lebanon (95); Lebanon (95); Lebanon (95)","","","","southern Lebanon; Hasbaya","","Lebanon (95); Lebanon (95)","1",""
"c27df7667cc7","2024-10-25","An Israeli airstrike in southern Lebanon resulted in the deaths of three journalists, according to Lebanese officials. This incident occurred amidst ongoing violence in the region, including retaliatory actions by Hezbollah, which killed two individuals in northern Israel.","An Israeli strike killed three journalists in southern Lebanon on Friday, Lebanese officials said, while Hezbollah killed two people in northern Israel and violence raged in Gaza as Washington pressed for a way out of the conflict.","Israeli military ASSAULT Lebanese journalists","CONFLICT","ASSAULT","-0.9","Israeli military","Israeli military","Israel (83)","Lebanese journalists","Lebanese journalists","Lebanon (95)","Hezbollah","Hezbollah","Lebanon (95)","southern Lebanon; northern Israel","","Lebanon (95); Israel (83)","3",""
"bc4c623b6efc","2024-10-25","Israeli airstrikes targeted over 200 Hezbollah positions in southern Lebanon, while Israeli Defence Forces (IDF) troops conducted operations against Hamas in northern Gaza. The operations resulted in the death of Abbas Adnan Moslem, a Hezbollah commander, and the elimination of a Hezbollah squad preparing an ambush. In Gaza, IDF troops killed dozens of Hamas terrorists and dismantled terror infrastructure.","Israeli airstrikes hit more than 200 Hezbollah targets in southern Lebanon, while troops simultaneously continued raids against Hamas's efforts to regroup in northern Gaza in the past day, the Israel Defence Forces said on Friday morning.","Israeli airstrikes and IDF troops ASSAULT Hezbollah and Hamas","CONFLICT","ASSAULT","-0.9","Israeli airstrikes; Israeli Defense Forces (IDF) troops","Israeli airstrike; Israel Defense Forces (IDF)","Israel (83); Israel (83)","Hezbollah; Hamas","Hezbollah; Hamas","Lebanon (95); Palestine (195)","","","","southern Lebanon; northern Gaza","","Lebanon (95); Palestine (195)","1",""
"84d95ac4c5e7","2024-10-23","Hezbollah confirmed the death of Hashem Safieddine, a cleric tipped to succeed the group’s leader Hassan Nasrallah, following an Israeli airstrike in southern Lebanon. The group stated that he was killed alongside other Hezbollah fighters in what they described as a 'criminal and aggressive Zionist raid'.","Hezbollah on Wednesday confirmed the death of Hashem Safieddine, a cleric tipped to succeed the group’s leader Hassan Nasrallah, a day after the Zionist army announced his death.","Israel ASSAULT Hezbollah","CONFLICT","ASSAULT","-0.9","Israel","Israel","Israel (83)","Hezbollah","Hezbollah","Lebanon (95)","Hashem Safieddine; Hassan Nasrallah","Hashem Safieddine; Hassan Nasrallah","Lebanon (95); Lebanon (95)","southern Lebanon","","Lebanon (95)","1",""
"2d7b6ffd8fb1","2024-10-23","Israeli jets conducted airstrikes in Tyre, Lebanon, targeting buildings and resulting in large clouds of smoke. This action coincided with the confirmation from Hezbollah that a prominent official, anticipated to be the group's next leader, was killed in an Israeli strike. Additionally, an Israeli strike in the nearby town of Maarakeh resulted in three fatalities.","Israeli jets struck buildings in Lebanon’s southern coastal city of Tyre on Wednesday, sending up large clouds of black smoke, while Hezbollah confirmed that a top official widely expected to be the militant group’s next leader was killed in an Israeli strike.","Israeli jets ASSAULT Lebanese civilians","CONFLICT","ASSAULT","-0.9","Israeli jets","Israeli fighter jets","Israel (83)","Lebanese civilians","Lebanese civilians","Lebanon (95)","Hezbollah; Next leader of Hezbollah","Hezbollah; Next leader of Hezbollah","Lebanon (95); Lebanon (95)","Tyre; Lebanon; Maarakeh","","Lebanon (95); Lebanon (95); Lebanon (95)","1",""
"ee9cef5c297b","2024-10-22","The Israeli military conducted a missile strike on a residential building in the Tayouneh neighborhood of Beirut, Lebanon, resulting in the complete collapse of the structure. This action occurred amid ongoing clashes between Israel and Hezbollah, and was preceded by a warning from an Israeli military spokesperson for residents to evacuate the area.","The video of an Israeli missile striking a residential building in Beirut, Lebanon, on Tuesday is going viral across various social media platforms amid ongoing clashes between Israel and Hezbollah in Lebanon.","Israeli military ASSAULT Residents of a residential building in Tayouneh","CONFLICT","ASSAULT","-0.9","Israeli military","Israeli military","Israel (83)","Residents of the residential building in Tayouneh","Residents of the 11-story building in Tayouneh","Lebanon (95)","Hezbollah","Hezbollah","Lebanon (95)","Tayouneh neighborhood, Beirut","","Lebanon (95)","1",""
"293fc94de4d5","2024-10-22","The Israeli military conducted airstrikes near Rafik Hariri University Hospital in Beirut, Lebanon, resulting in at least 18 fatalities, including four children, and numerous injuries. The strikes targeted a Hezbollah position, but the hospital was damaged due to debris from the attack, raising concerns about the protection of civilians under international humanitarian law.","The Israeli military said its jets hit a Hezbollah target close to the Rafik Hariri University Hospital, but denied targeting the hospital.","Israeli military ASSAULT Hezbollah and civilians in Rafik Hariri Hospital","CONFLICT","ASSAULT","-0.9","Israeli military","Israeli military","Israel (83)","Hezbollah; Civilians in Rafik Hariri Hospital","Hezbollah; Civilians in Rafik Hariri Hospital","Lebanon (95); Lebanon (95)","","","","Rafik Hariri Hospital, Beirut","","Lebanon (95)","7",""
"e0a2c078a175","2024-10-22","The Israeli military conducted an air strike on a high-rise building in Ghobeiry, a suburb of Beirut, Lebanon, resulting in the building's collapse and significant destruction. This strike occurred amidst ongoing hostilities with Hezbollah and coincided with US Secretary of State Antony Blinken's visit to Israel aimed at reviving ceasefire talks.","Dramatic video shows an Israeli air strike destroying high-rise flats in a Beirut suburb in seconds as its military continued to trade blows with Hezbollah despite a renewed US push for ceasefire talks in the Middle East.","Israeli military ASSAULTED a high-rise building in Ghobeya, Lebanon.","CONFLICT","ASSAULT","-0.9","Israeli military","Israeli military","Israel (83)","High-rise building in Ghobeiy","High-rise building in Ghobeiy","Lebanon (95)","Hezbollah; Antony Blinken","Hezbollah; Antony Blinken","Lebanon (95); USA (185)","Ghouta, suburb of Beirut","","Lebanon (95)","1",""
"1d4dedd7cd87","2024-10-21","The Israeli military's chief spokesman, Rear Admiral Daniel Hagari, made claims regarding Hezbollah allegedly storing hundreds of millions of dollars in cash and gold in a bunker beneath the Sahel Hospital in Beirut, Lebanon. This statement was made without providing evidence and was directed at the Lebanese government and international organizations to prevent Hezbollah from using the funds for terrorism.","There are hundreds of millions of dollars in cash and gold inside the bunker right now. I'm calling on the Lebanese government, Lebanese authorities, and the international organizations - don't allow Hezbollah to use the money for terror and to attack Israel.","Rear Admiral Daniel Hagari ACCUSE Lebanese government and international organizations","CONFLICT","ACCUSE","-0.2","Rear Admiral Daniel Hagari","Rear Admiral Daniel Hagari","Israel (83)","Lebanese government; International organizations","Lebanese government; Hostages in Gaza","Lebanon (95)","Hezbollah","Hezbollah","Lebanon (95)","Beirut; Sahel Hospital","","Lebanon (95); Lebanon (95)","1",""
"91707104c88c","2024-10-21","The Israeli army announced the elimination of a commander responsible for funding the Lebanese Hezbollah group in Syria. This commander led Hezbollah's Unit 4400, which managed financial transfers from Iran, and was targeted in a military operation.","The Israeli army said Monday that the latest commander responsible for funding the Lebanese Hezbollah group was 'eliminated' in Syria.","Israeli army ASSAULT Lebanese Hezbollah group and Hezbollah's Unit 4400 commander","CONFLICT","ASSAULT","-0.9","Israeli army","Israeli military","Israel (83)","Lebanese Hezbollah group; Hezbollah's Unit 4400 commander","Hezbollah; Hezbollah 4400 unit","Lebanon (95); Lebanon (95)","Iran","Iran","Iran (80)","Syria","","Syria (169)","1",""
"61fdc7ae3b52","2024-10-20","Hundreds of residents in Beirut, Lebanon, evacuated their homes due to multiple explosions as Israel prepared to conduct military operations against sites associated with Hezbollah's financial activities. The Israeli government issued warnings for civilians to leave those areas immediately.","Hundreds of Beirut residents fled their homes late Sunday, with multiple explosions heard across the Lebanese capital, as Israel prepared to attack sites linked to the financial operations of Lebanon's Hezbollah group and told people to leave those areas immediately.","Israel THREATEN Civilians in Beirut","CONFLICT","THREATEN","-0.6","Israel","Israel","Israel (83)","Civilians in Beirut","Civilians in Lebanon","Lebanon (95)","Hezbollah","Hezbollah","Lebanon (95)","Beirut","","Lebanon (95)","1",""
"6d11bf7de7c7","2024-10-20","The Israeli Air Force conducted two air strikes targeting southern Beirut, Lebanon, specifically hitting a residential building in Haret Hreik. This action followed an urgent warning from the Israeli military for civilians to evacuate areas associated with Hezbollah, in response to accusations from Israeli Prime Minister Benjamin Netanyahu regarding an assassination attempt by Hezbollah.","""Enemy (Israeli) airplanes carried out two strikes this morning on Beirut's southern suburbs, one of them hitting a residential building in Haret Hreik"" near a mosque and a hospital, the National News Agency reported.","Israeli Air Force ASSAULT Residents of Haret Hreik","CONFLICT","ASSAULT","-0.9","Israeli Air Force","Israeli Air Force","Israel (83)","Residents of Haret Hreik","Residents of Haret Hreik","Lebanon (95)","Hezbollah; Benjamin Netanyahu","Hezbollah; Benjamin Netanyahu","Lebanon (95); Israel (83)","Southern Beirut; Haret Hreik","","Lebanon (95); Lebanon (95)","1",""
"84415e9cbc89","2024-10-20","Israel outlined its conditions for a diplomatic resolution to the ongoing conflict in Lebanon, demanding measures to prevent Hezbollah from rearming and reconstructing military capabilities near the border. Key demands include permission for Israeli armed forces to enforce these conditions and freedom of movement for Israeli air forces within Lebanese airspace.","Israel has reportedly outlining its conditions for a diplomatic resolution to the ongoing conflict in Lebanon.","Israel REQUEST Lebanon and Hezbollah","CONFLICT","REQUEST","-0.2","Israel","Israel","Israel (83)","Lebanon; Hezbollah","Lebanon; Hezbollah","Lebanon (95); Lebanon (95)","","","","Lebanon; Lebanese airspace","","Lebanon (95); Lebanon (95)","1",""
"0b2d72fdb6b8","2024-10-16","An Israeli airstrike targeted the municipal headquarters in Nabatieh, Lebanon, resulting in 16 fatalities, including the mayor, and injuring over 50 individuals. This attack is noted as the most significant on a state building since the start of Israel's air campaign, with Lebanese officials condemning it as a strategic shift in Israel's military operations against Hezbollah.","An Israeli airstrike has levelled the municipal headquarters in Nabatieh, a key town in southern Lebanon, resulting in 16 fatalities including the mayor.","Israeli military ASSAULT Lebanese civilians and Nabatieh municipal government","CONFLICT","ASSAULT","-0.9","Israeli military","Israeli military","Israel (83)","Lebanese civilians; Nabatieh municipal government","Lebanese civilians; Municipal government of Nabatiya","Lebanon (95); Lebanon (95)","Hezbollah","Hezbollah","Lebanon (95)","Nabatieh","","Lebanon (95)","2",""
"dc76c1989308","2024-10-16","The Israeli army discovered advanced Russian-made weapons during inspections of Hezbollah bases in southern Lebanon. This discovery was reported by Israeli Prime Minister Benjamin Netanyahu, who stated that Hezbollah has constructed numerous tunnels and storage depots in the region, and the findings raise concerns about the sophistication of Hezbollah's arsenal.","Israeli Prime Minister Benjamin Netanyahu stated that the country’s army discovered Russian-made weapons during inspections of Hezbollah bases in southern Lebanon.","Israeli army ACCUSE Hezbollah","CONFLICT","ACCUSE","-0.3","Israeli army","Israeli military","Israel (83)","Hezbollah","Hezbollah","Lebanon (95)","","","","southern Lebanon","","Lebanon (95)","1",""
"2b47736596b9","2024-10-16","Israel conducted an air strike on the municipal building in Nabatiyeh, Lebanon, resulting in the deaths of five individuals, including the town's mayor. This strike is part of a series of escalations along the Israel-Lebanon border amid rising tensions related to the ongoing conflict between Israel and Hamas.","Five people were killed in an Israeli air strike on the municipal building in the southern Lebanese town of Nabatiyeh, Lebanon’s health ministry said on Wednesday.","Israel ASSAULT municipal building and civilians in Nabatiyah, Lebanon","CONFLICT","ASSAULT","-0.9","Israel","Israel","Israel (83)","Municipal building in Nabatiyah, Lebanon; Civilians in Nabatiyah, Lebanon","Municipal building in Nabatiyah, Lebanon; Civilians in Lebanon","Lebanon (95); Lebanon (95)","Hamas","Hamas","Palestine (195)","Nabatiyah","","Lebanon (95)","1",""
"027f019ae9ff","2024-10-16","Israeli fighter jets conducted airstrikes on the southern suburbs of Beirut, Lebanon, targeting areas identified as Hezbollah assets, including a weapons warehouse located beneath a residential building in the Haret Hreik neighborhood. This action marks the first airstrike in six days and follows increased tensions with Hezbollah, which has been launching rockets into Israel since October 8.","Israel launched airstrikes on the southern suburbs of Beirut early Wednesday, the first such attack in six days, according to Lebanese state media.","Israeli fighter jets ASSAULT Hezbollah","CONFLICT","ASSAULT","-0.9","Israeli fighter jets","Israeli fighter jets","Israel (83)","Hezbollah","Hezbollah","Lebanon (95)","","","","southern suburbs of Beirut; Haret Hreik neighborhood, Beirut","","Lebanon (95); Lebanon (95)","1",""
"271d092fe8b8","2024-10-16","Israeli forces conducted 11 air strikes on the municipality of Nabatiyeh, Lebanon, resulting in the deaths of at least six individuals, including the mayor, Ahmad Kahil. The strikes targeted the municipality building and surrounding areas, leading to significant casualties and damage.","The mayor of Nabatiyeh, among others... was martyred. It's a massacre,","Israeli forces ASSAULT Civilians in Nabatiyah and Mayor Ahmad Kahil","CONFLICT","ASSAULT","-0.9","Israeli forces","Israeli military","Israel (83)","Civilians in Nabatiyah; Mayor Ahmad Kahil","Civilians in Nabatiyah; Mayor Ahmad Kahil","Lebanon (95); Lebanon (95)","","","","Nabatiyah","","Lebanon (95)","1",""
"78118fb14dc3","2024-10-16","The Israeli military conducted airstrikes in the Haret Hreik area of south Beirut, Lebanon, following Israeli Prime Minister Benjamin Netanyahu's rejection of a ceasefire that would allow Hezbollah to remain near Israel's border. The strikes occurred after an Israeli military order for residents to evacuate the area.","The Israeli military launched strikes in south Beirut on Wednesday, after Netanyahu rejected the idea of a ceasefire in Lebanon that would leave Hezbollah close to his country’s border.","Israeli military ASSAULT residents of Haret Hreik, south Beirut","CONFLICT","ASSAULT","-0.9","Israeli military","Israeli military","Israel (83)","Residents of Haret Hreik, south Beirut","Residents of Haret Hreik, south Beirut","Lebanon (95)","Benjamin Netanyahu; Hezbollah","Benjamin Netanyahu; Hezbollah","Israel (83); Lebanon (95)","Haret Hreik, south Beirut","","Lebanon (95)","1",""
"924b6668e9b8","2024-10-15","An Israeli airstrike targeted residential buildings in the town of Qana, southern Lebanon, resulting in at least 10 fatalities and 15 injuries. The airstrike is part of a broader escalation of violence in the region, which has seen increased Israeli military actions against areas associated with Hezbollah since October 8, 2023.","At least 10 people were killed and 15 others wounded on Tuesday night due to a violent Israeli airstrike on southern Lebanon, according to the Lebanese Health Ministry.","Israeli military ASSAULT civilians in residential buildings in Qana","CONFLICT","ASSAULT","-0.9","Israeli military","Israeli military","Israel (83)","Civilians in residential buildings in Qana","Civilians in residential buildings in Qana","Lebanon (95)","Hezbollah","Hezbollah","Lebanon (95)","Qana; Southern Lebanon","","Lebanon (95); Lebanon (95)","1",""
"8903af091f50","2024-10-15","Israel conducted military operations against Hezbollah in Lebanon, targeting key leaders, weapons, and military sites to weaken Iran's proxy network. This action is part of Israel's broader strategy to diminish Iran's influence in the region.","As Israel continues its assault on Hezbollah in Lebanon, Iran appears increasingly backed into a corner.","Israel ASSAULT Hezbollah and Iran","CONFLICT","ASSAULT","-0.9","Israel","Israel","Israel (83)","Hezbollah; Iran","Hezbollah; Iran","Lebanon (95); Iran (80)","","","","Lebanon","","Lebanon (95)","2",""
"1dbf4395a5eb","2024-10-15","An Israeli airstrike targeted a Hezbollah-linked site in Aito, northern Lebanon, resulting in at least 22 fatalities. The Israeli military stated it would investigate civilian casualties, while the United Nations' human rights office called for independent scrutiny of the incident due to concerns about adherence to the laws of war.","An Israeli airstrike on a northern Lebanon apartment building, resulting in at least 22 fatalities, requires independent scrutiny, the United Nations' human rights office insisted on Tuesday.","Israeli military ASSAULT Hezbollah-linked site and civilians in Aita","CONFLICT","ASSAULT","-0.9","Israeli military","Israeli military","Israel (83)","Hezbollah-linked site; Civilians in Aita","Hezbollah-linked site; Civilians in Aita","Lebanon (95); Lebanon (95)","United Nations Human Rights Office","United Nations Human Rights Office","United Nations","Aita, northern Lebanon","","Lebanon (95)","1",""
"6f18855cf3ef","2024-10-15","The Israeli military conducted attacks on Jabalia, resulting in the deaths of dozens of individuals. Concurrently, rocket attacks occurred between Israel and Lebanon, with the Israeli army intercepting two missiles aimed at Haifa. The Israeli forces also targeted 200 locations in Lebanon, including the discovery of a secret headquarters of the Al-Ridwan Force.","Israel has continued its attacks and siege on Jabalia, where the violent raids resulted in the deaths of dozens.","Israeli military ASSAULT Al-Ridwan Force and Lebanese civilians","CONFLICT","ASSAULT","-0.9","Israeli military","Israeli military","Israel (83)","Al-Ridwan Force; Lebanese civilians","Al-Ridwan Force; Lebanese civilians","Lebanon (95); Lebanon (95)","","","","Jabha; Haifa; Lebanon","","Lebanon (95); Lebanon (95); Lebanon (95)","1",""
"a5d4875756ad","2024-10-15","The Israeli military conducted multiple air strikes in eastern Lebanon, specifically targeting Hezbollah strongholds in the Bekaa Valley. This military action follows a vow from Israeli Prime Minister Benjamin Netanyahu to intensify operations against Hezbollah, and it has resulted in significant damage, including putting a hospital in Baalbek out of service.","Israel’s military launched several strikes on eastern Lebanon on Oct 15, a day after Israeli Prime Minister Benjamin Netanyahu vowed to 'mercilessly strike Hezbollah in all parts of Lebanon – including Beirut'.","Israeli military ASSAULT Hezbollah","CONFLICT","ASSAULT","-0.9","Israeli military","Israeli military","Israel (83)","Hezbollah","Hezbollah","Lebanon (95)","Benjamin Netanyahu","Benjamin Netanyahu","Israel (83)","Eastern Lebanon; Bekaaouni; Baalbek","","Lebanon (95); Lebanon (95); Lebanon (95)","3",""
"3df9e6d6517c","2024-10-14","The Israel Defense Forces (IDF) conducted an airstrike in the Nabatieh region of southern Lebanon, resulting in the death of Hezbollah commander Muhammad Kamal Naim, who was responsible for the elite Radwan Force's anti-tank weapons. The IDF stated that Naim was involved in planning and executing various terrorist activities, including attacks on Israeli forces.","The Israel Defense Forces said Monday it killed a Hezbollah commander responsible for anti-tank missile forces.","Israel Defense Forces ASSAULTED Muhammad Kamal Naim and Hezbollah","CONFLICT","ASSAULT","-0.9","Israel Defense Forces","Israeli military","Israel (83)","Muhammad Kamal Naim; Hezbollah","Muhammad Kamal Naim; Hezbollah","Lebanon (95); Lebanon (95)","","","","Nabatieh region","","Lebanon (95)","1",""
"1e30bec76856","2024-10-14","The United Nations reported that over 400,000 children have been displaced in Lebanon due to the ongoing conflict between Israel and Hezbollah over the past three weeks. UNICEF Deputy Director Ted Chaiban highlighted the severe impact on children, warning of a potential 'lost generation' and emphasizing the deprivation of educational opportunities for many displaced children.","Ted Chaiban, Deputy Director of the United Nations Children’s Fund (UNICEF), stated in a note on Monday, October 14, that Lebanon is facing the threat of a 'lost generation.'","Israel and Hezbollah ACCUSE displaced children in Lebanon","CONFLICT","ACCUSE","-0.3","Israel; Hezbollah","Israel; Hezbollah","Israel (83); Lebanon (95)","Displaced children in Lebanon","Displaced Lebanese citizens","Lebanon (95)","United Nations; UNICEF","United Nations; UNICEF","United Nations; United Nations","Lebanon","","Lebanon (95)","1",""
"9264b2f3f66e","2024-10-14","An Israeli airstrike targeted a residential building in the village of Aito, located in the Christian-majority Zgharta district of Lebanon, resulting in the deaths of at least 21 people and injuries to eight others. The building housed families displaced from southern Lebanon and was struck shortly after a man arrived in a car.","The Israeli enemy strike on the village of Aito... killed in a preliminary toll 21 people and injured eight.","Israeli airstrike ASSAULT Residents of the Aito residential building","CONFLICT","ASSAULT","-0.9","Israeli airstrike","Israeli airstrike","Israel (83)","Residents of the Aito residential building","Residents of the Aito residential building","Lebanon (95)","","","","Aito; Zgharta district","","Lebanon (95); Lebanon (95)","1",""
"a83d9b82f5e4","2024-10-14","Israeli Prime Minister Benjamin Netanyahu announced a military response to Hezbollah's recent attack, vowing to strike Hezbollah 'without mercy' throughout Lebanon, including Beirut. This declaration followed a Hezbollah drone strike that resulted in the deaths of at least four Israeli soldiers and injuries to over 60 others.","We will continue to strike Hezbollah without mercy everywhere in Lebanon — including Beirut.","Benjamin Netanyahu THREATEN Hezbollah","CONFLICT","THREATEN","-0.6","Benjamin Netanyahu","Benjamin Netanyahu","Israel (83)","Hezbollah","Hezbollah","Lebanon (95)","","","","Lebanon; Beirut","","Lebanon (95); Lebanon (95)","1",""
"b1eea16892c9","2024-10-12","On October 12, 2024, Israel ordered further evacuations and launched military strikes on new targets in northern Lebanon, specifically targeting the Iran-backed Hezbollah group. This offensive resulted in at least five deaths and 15 injuries, while Hezbollah retaliated by firing hundreds of projectiles into Israel, leading to closures in certain areas of northern Israel.","In a dramatic escalation of hostilities, Israel ordered further evacuations and launched strikes on new targets in northern Lebanon on Saturday.","Israel ASSAULT Hezbollah","CONFLICT","ASSAULT","-0.9","Israel","Israel","Israel (83)","Hezbollah","Hezbollah","Lebanon (95)","Iran","Iran","Iran (80)","Northern Lebanon; Northern Israel","","Lebanon (95); Israel (83)","2",""
"689831606740","2024-10-12","Israeli military conducted airstrikes in multiple locations in Lebanon, resulting in at least 15 fatalities and numerous injuries. The strikes targeted the village of Maaysra, north of Beirut, where nine people were killed and 15 wounded. Additional casualties were reported in Deir Billa and Barja, with two fatalities in Deir Billa and four in Barja.","The ministry reported the highest death toll from an attack on the village of Maaysra, situated north of Beirut. It said 'nine dead and 15 wounded' in an 'Israeli enemy strike' on the village of Maaysra north of Beirut, raising an earlier toll of five dead.","Israeli military ASSAULT Lebanese civilians","CONFLICT","ASSAULT","-0.9","Israeli military","Israeli military","Israel (83)","Lebanese civilians","Lebanese civilians","Lebanon (95)","","","","Maaretzra; Deir Billa; Barja; Lebanon","","Lebanon (95); Lebanon (95); Lebanon (95); Lebanon (95)","2",""
"6abe3b273bda","2024-10-12","The Israeli military ordered evacuations for residents in 23 southern Lebanese villages, directing them to move north of the Awali River due to increased Hezbollah activities. This decision was made to ensure the safety of residents amid ongoing military operations, which included airstrikes that resulted in casualties in Lebanon.","The Israeli military said evacuations were necessary for the safety of residents due to increased Hezbollah activities, claiming the group was using sites to conceal weapons and launch attacks on Israel.","Israeli military REQUEST residents of 23 southern Lebanese villages","CONFLICT","REQUEST","-0.2","Israeli military","Israeli military","Israel (83)","Residents of 23 southern Lebanese villages","Residents of southern Lebanon","Lebanon (95)","Hezbollah","Hezbollah","Lebanon (95)","Southern Lebanese villages; North of the Awali River","","Lebanon (95); Lebanon (95)","1",""
"d2a2e8dd9874","2024-10-12","The Israeli Defense Forces (IDF) intensified military operations in Lebanon, conducting airstrikes that resulted in at least five fatalities and over 15 injuries in northern Lebanon. This operation included the destruction of an Ottoman-era market in the town of Nebatiyeh, amidst ongoing tensions with Hezbollah.","In a targeted attack, at least five people were killed, and more than 15 were injured in northern Lebanon, which had previously been considered a safe area.","Israeli Defense Forces ASSAULT Lebanon and Hezbollah","CONFLICT","ASSAULT","-0.9","Israeli Defense Forces","Israeli military","Israel (83)","Lebanon; Hezbollah","Lebanon; Hezbollah","Lebanon (95); Lebanon (95)","","","","Lebanon; Nabatieyah; Northern Lebanon","","Lebanon (95); Lebanon (95); Lebanon (95)","1",""
"60e29aa12957","2024-10-12","The Israeli military issued a warning to residents of south Lebanon, advising them not to return to their homes due to ongoing military operations against Hezbollah militants in the area. The warning emphasized the risks involved in returning and advised health workers to avoid using ambulances, which the military claims are being misused by Hezbollah.","The Israeli military on Saturday warned residents of south Lebanon 'not to return' to their homes as troops continued fighting Hezbollah militants in the area.","Israeli military THREATEN residents of south Lebanon and health workers in south Lebanon","CONFLICT","THREATEN","-0.6","Israeli military","Israeli military","Israel (83)","Residents of south Lebanon; Health workers in south Lebanon","Residents of southern Lebanon; Health workers in south Lebanon","Lebanon (95); Lebanon (95)","Hezbollah militants","Hezbollah","Lebanon (95)","South Lebanon","","Lebanon (95)","3",""
"576f4c11279e","2024-10-11","The Israeli military ordered the evacuation of residents from 23 southern Lebanese villages and launched new airstrikes in northern Lebanon, resulting in at least five fatalities and 15 injuries. This action was taken in response to increased Hezbollah activity, with Israel claiming the sites are used for weapon storage and attacks.","The Israeli military has mandated the evacuation of residents from 23 southern Lebanese villages, citing increased Hezbollah activity in the area.","Israeli military ASSAULT residents of 23 southern Lebanese villages","CONFLICT","ASSAULT","-0.9","Israeli military","Israeli military","Israel (83)","Residents of 23 southern Lebanese villages","Residents of southern Lebanon","Lebanon (95)","Hezbollah","Hezbollah","Lebanon (95)","Southern Lebanese villages; Northern Lebanon","","Lebanon (95); Lebanon (95)","1",""
"a5cb31dd2ec7","2024-10-10","The Israeli military released a video showing weapons stored in a house in a Shia village in southern Lebanon, indicating Hezbollah's use of civilian structures for military purposes. This was part of a broader operation where Israeli forces were conducting house-to-house searches to dismantle Hezbollah's capabilities.","The military’s chief spokesman, Rear Adm. Daniel Hagari, appears in the video, saying it was filed in a 'Shia village in Lebanon near the Israeli border.'","Israeli military ACCUSE Hezbollah","CONFLICT","ACCUSE","-0.3","Israeli military","Israeli military","Israel (83)","Hezbollah","Hezbollah","Lebanon (95)","Civilians in Shia village","Civilians in Shia village","Lebanon (95)","Shia village, southern Lebanon","","Lebanon (95)","1",""
"5b5f2e77f3f8","2024-10-10","An Israeli airstrike in central Beirut targeted a senior Hezbollah figure, resulting in the deaths of two individuals and injuries to nine others. This attack is part of a broader offensive by Israeli forces against Hezbollah amid escalating regional tensions.","An Israeli airstrike in central Beirut killed two and injured nine others, according to security sources.","Israeli airforce ASSAULT senior Hezbollah figure and Hezbollah fighters","CONFLICT","ASSAULT","-0.9","Israeli airforce","Israeli Air Force","Israel (83)","Senior Hezbollah figure; Hezbollah fighters","Hezbollah commanders; Hezbollah","Lebanon (95); Lebanon (95)","","","","Central Beirut","","Lebanon (95)","2",""
"259d08922cb5","2024-10-10","Israeli airstrikes targeted neighborhoods in Beirut, Lebanon, resulting in the deaths of at least 22 individuals and injuring 117 others. The strikes aimed at a senior Hezbollah member, Wafiq Safa, who managed to evade the attack. This military action coincided with ongoing raids by Israeli troops in southern Lebanon and retaliatory rocket attacks by Hezbollah on Israeli cities.","Israeli airstrikes shook previously untouched neighbourhoods in Beirut on Thursday evening, killing at least 22 people and wounding 117 others, according to Lebanon's health ministry.","Israeli military ASSAULT Lebanese civilians in Beirut and Wafiq Safi","CONFLICT","ASSAULT","-0.9","Israeli military","Israeli military","Israel (83)","Lebanese civilians in Beirut; Wafiq Safa","Civilians in Lebanon; Wafiq Safi","Lebanon (95); Lebanon (95)","Hezbollah","Hezbollah","Lebanon (95)","Beirut; Southern Lebanon; Israeli cities","","Lebanon (95); Lebanon (95); Israel (83)","9",""
"db9cba51d424","2024-10-10","Israel deployed over 20,000 troops in response to ongoing conflicts with Hezbollah in Lebanon, where Hezbollah artillery targeted and destroyed an Israeli Defense Forces (IDF) Humvee, resulting in injuries to an Israeli soldier. This military mobilization is part of Israel's efforts to counter Hezbollah's advances.","Israel Deploys Over 20,000 Troops As Hezbollah Fights IDF Advances In Lebanon; Hezbollah Artillery Blows Up IDF's Humvee In South Lebanon; Israeli Soldier Hit.","Israel MOBILIZE Hezbollah and Israeli soldiers","CONFLICT","MOBILIZE","-0.6","Israel","Israel","Israel (83)","Hezbollah; Israeli soldiers","Hezbollah; Israeli military","Lebanon (95); Israel (83)","","","","Lebanon","","Lebanon (95)","1",""
"9f44b8bd6d34","2024-10-10","The Israeli Air Force conducted an airstrike in the Ras al Nabaa area of central Beirut, Lebanon, targeting senior Hezbollah member Wafiq Safa, who is responsible for internal security issues. The airstrike resulted in the destruction of a residential area, leading to 22 fatalities and 117 injuries, marking the deadliest attack on the capital since the onset of hostilities.","On Thursday another major Israeli airstrike targeting central Beirut was an attempt to assassinate senior Hezbollah member Wafiq Safa, responsible for internal security issues, according to officials cited on Israeli Army Radio.","Israeli Air Force ASSAULT Wafiq Safi and Hezbollah","CONFLICT","ASSAULT","-0.9","Israeli Air Force","Israeli Air Force","Israel (83)","Wafiq Safi; Hezbollah","Wafiq Safi; Hezbollah","Lebanon (95); Lebanon (95)","","","","Ras al Nabaa, central Beirut; Beirut","","Lebanon (95); Lebanon (95)","1",""
"7eba401aa0f6","2024-10-10","A senior Hezbollah official, Wafiq Safa, narrowly escaped an assassination attempt by Israel in Beirut. The attack occurred amid intensified Israeli airstrikes that targeted Hezbollah, resulting in 22 fatalities and 117 injuries in a densely populated residential area.","A senior Hezbollah official narrowly escaped an Israeli assassination attempt in Beirut on Thursday, according to three security sources.","Israel ASSAULT Wafiq Safi and Hezbollah","CONFLICT","ASSAULT","-0.9","Israel","Israel","Israel (83)","Wafiq Safi; Hezbollah","Wafiq Safi; Hezbollah","Lebanon (95); Lebanon (95)","","","","Beirut","","Lebanon (95)","1",""
"dd997b8e57fa","2024-10-09","On the night of October 9, an Israeli air attack targeted and destroyed Saint George’s church in Dardghaya, Southern Lebanon. The attack resulted in the destruction of the church, the parish’s offices, and the local priest’s residence, as well as causing casualties, including at least eight deaths, among them five members of the Civil Defense Rescue Team.","On Wednesday night, October 9, an Israeli air attack destroyed Saint George’s church in Dardghaya, in Southern Lebanon, reported the 'Aid to the Church in Need' (ACN) organization.","Israeli military ASSAULTED and destroyed Saint George's church in Dardechaya, Southern Lebanon, along with its parish and members of the Civil Defense Rescue Team.","CONFLICT","ASSAULT","-0.9","Israeli military","Israeli military","Israel (83)","Saint George's church in Dardechaya; Local parish in Dardechaya; Local priest in Dardechaya; Civil Defense Rescue Team members in Dardechaya","Saint George's church in Dardechaya; Local parish in Dardechaya; Local priest in Dardechaya; Civil Defense Rescue Team members in Dardechaya","Lebanon (95); Lebanon (95); Lebanon (95); Lebanon (95)","","","","Dardechaya, Southern Lebanon","","Lebanon (95)","1",""
"ff74f3886e2a","2024-10-08","The IDF conducted a precision, intelligence-driven strike in Beirut that resulted in the death of Suhail Hussein Husseini, identified as Hezbollah's chief of staff. This action is part of the ongoing military operations against Hezbollah.","Earlier, the IDF announced that a 'precision, intelligence-driven strike' in Beirut killed Suhail Hussein Husseini, who is identified as Hezbollah's chief of staff.","Israel Defense Forces (IDF) ASSAULT Suhail Hussein Husseili","CONFLICT","ASSAULT","-0.9","Israel Defense Forces (IDF)","Israel Defense Forces (IDF)","Israel (83)","Suhail Hussein Husseini","Suhail Hussein Husseini","Lebanon (95)","Hezbollah","Hezbollah","Lebanon (95)","Beirut","","Lebanon (95)","1",""
"ed318dcef8de","2024-10-07","The Israeli military announced plans to launch operations along the southern coast of Lebanon, advising residents to avoid beaches and fishermen to stay clear of the sea within a 60-kilometre stretch of the Mediterranean. This warning follows intensified airstrikes targeting Hezbollah positions and limited ground incursions near the border, amid ongoing tensions with Hezbollah.","The Israeli military on Monday, October 7, said that it will soon launch operations along the southern coast of Lebanon, advising residents to avoid the beaches and fishermen to steer clear of the sea within a 60-kilometre (36-mile) stretch of the Mediterranean, according to reports from the Associated Press.","Israeli military THREATEN residents of southern Lebanon and fishermen in southern Lebanon","CONFLICT","THREATEN","-0.6","Israeli military","Israeli military","Israel (83)","Residents of southern Lebanon; Fishermen in southern Lebanon","Residents of southern Lebanon; Fishermen in southern Lebanon","Lebanon (95); Lebanon (95)","Hezbollah","Hezbollah","Lebanon (95)","Southern Lebanon; Lebanon","","Lebanon (95); Lebanon (95)","1",""
"a638d278b0dd","2024-10-07","On October 7, 2024, Israel intercepted multiple rockets launched from Lebanon amid the ongoing conflict with the Lebanese armed movement Hezbollah. The interception resulted in damage to a house in Haifa, northern Israel.","Amid ongoing conflict between Israel and the Lebanese armed movement Hezbollah, rockets from Lebanon were intercepted by Israel, house has been damaged in Haifa in northern Israel.","Israel ASSAULT Lebanese armed movement Hezbollah","CONFLICT","ASSAULT","-0.9","Israel","Israel","Israel (83)","Lebanese armed movement Hezbollah","Hezbollah movement","Lebanon (95)","","","","Haifa; Lebanon","","Israel (83); Lebanon (95)","1",""
"26fc18accbe2","2024-10-07","Israeli ground forces entered Southern Lebanon on October 1, 2024, following a series of attacks, including the targeted detonation of pagers belonging to Hezbollah members. This military action has resulted in significant civilian casualties, with Lebanon’s Health Ministry reporting over 2,000 deaths, including 127 children.","Following a series of attacks on the country, including the targeted detonation of pagers belonging to Hezbollah members, Israeli ground forces entered Southern Lebanon on October 1.","Israeli ground forces ASSAULT Hezbollah and civilians in Southern Lebanon","CONFLICT","ASSAULT","-0.9","Israeli ground forces","Israeli ground forces","Israel (83)","Hezbollah; Civilians in Southern Lebanon","Hezbollah; Civilians in Lebanon","Lebanon (95); Lebanon (95)","","","","Southern Lebanon","","Lebanon (95)","1",""
"4661c091be4d","2024-10-06","Israel has been conducting a ground operation in southern Lebanon since October 1, 2024, while continuing aerial bombardments. The operation aims to create conditions for the return of 60,000 residents who fled the shelling in the north, amidst ongoing conflict with Hezbollah, which is actively engaging Israeli troops and launching rockets across the border.","Since October 1, Israel has been conducting a ground operation in southern Lebanon, while continuing aerial bombardment.","Israel ASSAULT Hezbollah and Lebanese residents","CONFLICT","ASSAULT","-0.9","Israel","Israel","Israel (83)","Hezbollah; Lebanese residents","Hezbollah; Residents of southern Lebanon","Lebanon (95); Lebanon (95)","","","","southern Lebanon; northern Lebanon","","Lebanon (95); Lebanon (95)","1",""
"0cac78e0621e","2024-10-06","Israel conducted a military strike in South Beirut targeting Hezbollah leaders, including a top general of Quds forces, Esmail Qaani. This action is part of Israel's intensified campaign to neutralize major Hezbollah figures in response to perceived threats from the group.","According to The Jerusalem Post, Hashem Safieddine was presumed to be Hassan Nasrallah's successor in terms of the hold and authority he had over Hezbollah forces in the Middle East and Israel, who has vowed to terminate major Hezbollah leaders, has, in recent weeks, conducted multiple military strikes in suspected locations of Hezbollah leaders, with the biggest one being Hassan Nasrallah.","Israel ASSAULT Hezbollah leaders and Esmail Qaani","CONFLICT","ASSAULT","-0.9","Israel","Israel","Israel (83)","Hezbollah leaders; Esmail Qaani","Hezbollah; Esmail Qaani","Lebanon (95); Lebanon (95)","","","","South Beirut","","Lebanon (95)","1",""
"833bdb7d3d29","2024-10-06","The Israeli Defense Forces (IDF) intensified their offensive against Hezbollah by executing targeted airstrikes on key strongholds in Beirut, Lebanon. The airstrikes focused on Hezbollah weapon depots and terror infrastructure, particularly near Lebanon's international airport and the former site of Al-Manar broadcaster, resulting in significant destruction and chaos in the area.","In a significant escalation, the Israeli Defense Forces (IDF) intensified their offensive against Hezbollah in Lebanon, executing targeted airstrikes on key strongholds in Beirut.","Israeli Defense Forces ASSAULT Hezbollah","CONFLICT","ASSAULT","-0.9","Israeli Defense Forces","Israeli military","Israel (83)","Hezbollah","Hezbollah","Lebanon (95)","","","","Beirut; Lebanon; International Airport in Beirut; Al-Manara border crossing","","Lebanon (95); Lebanon (95); Lebanon (95); Lebanon (95)","12",""
"ee2948b99b30","2024-10-05","The Israeli military conducted an airstrike on the northern Lebanese city of Tripoli, targeting a Palestinian refugee camp, which resulted in the deaths of a Hamas official and his family. This action represents a significant escalation in the ongoing hostilities involving Hezbollah and Hamas, amidst intensified Israeli operations in Lebanon following months of tensions.","An Israeli strike on the northern Lebanese city of Tripoli early Saturday marked a significant escalation in the ongoing hostilities involving Hezbollah and Hamas.","Israeli military ASSAULT Palestinian refugee camp in Tripoli and Hamas official and his family","CONFLICT","ASSAULT","-0.9","Israeli military","Israeli military","Israel (83)","Palestinian refugee camp in Tripoli; Hamas official and his family","Palestinian refugee camp in Tripoli; Hamas official and his family","Lebanon (95); Palestine (195)","","","","Tripoli","","Lebanon (95)","1",""
"30a1b3ed0637","2024-10-05","A series of explosions occurred in the southern suburbs of Beirut, Lebanon, following an Israeli military order for residents to evacuate the area. This incident is linked to the ongoing conflict between the Israeli military and Hezbollah.","Beirut's southern suburbs witnessed a series of explosions in the early hours of Saturday, news agencies Reuters and AFP reported.","Israeli military ASSAULT Residents of the southern suburbs of Beirut","CONFLICT","ASSAULT","-0.9","Israeli military","Israeli military","Israel (83)","Residents of the southern suburbs of Beirut","Residents of Beirut","Lebanon (95)","Hezbollah","Hezbollah","Lebanon (95)","Southern suburbs of Beirut","","Lebanon (95)","1",""
"fe54a90009f3","2024-10-04","Hashem Safieddine, the leader of Hezbollah and a potential successor to Hassan Nasrallah, was reportedly killed by an Israeli airstrike in Beirut. This incident is significant as it involves a key figure in Hezbollah's leadership amidst the ongoing conflict between Israel and Hezbollah.","On Friday morning, reports emerged of an Israeli airstrike targeting Hashem Safieddine, a prominent Hezbollah leader, in Beirut.","Israel ASSAULT Hashem Safieddine","CONFLICT","ASSAULT","-0.9","Israel","Israel","Israel (83)","Hashem Safieddine","Hashem Safieddine","Lebanon (95)","Hezbollah; Hassan Nasrallah","Hezbollah; Hassan Nasrallah","Lebanon (95); Lebanon (95)","Beirut","","Lebanon (95)","1",""
"f97dd2fa6438","2024-10-04","Israel conducted an airstrike on the Lebanon-Syria border, targeting a road that serves as the main humanitarian crossing for thousands of Lebanese fleeing to Syria. This action was confirmed by Lebanese Transport Minister Ali Hamieh, who stated that the strike has cut off access to this critical route.","Lebanese Transport Minister Ali Hamieh said an Israeli airstrike on the Lebanon-Syria border has cut off the main international road connecting the two countries. 'The road that leads to the main humanitarian crossing for thousands of Lebanese into Syria is now cut off after an Israeli strike,' he said.","Israel ASSAULT Lebanese fleeing to Syria","CONFLICT","ASSAULT","-0.9","Israel","Israel","Israel (83)","Lebanese fleeing to Syria","Lebanese refugees","Lebanon (95)","Ali Hamieh","Ali Hamieh","Lebanon (95)","Lebanon-Syria border","","Unknown","1",""
"6409c1932dbd","2024-10-03","Israeli airstrikes targeted an underground bunker in Beirut, Lebanon, resulting in the death of senior Hezbollah official Hashem Safieddine, who was believed to be attending a meeting of senior officials at the time. The airstrikes are reported to have been larger and more deadly than previous strikes, with the exact number of casualties still unknown.","Senior Hezbollah official Hashem Safieddine, widely viewed as the likely successor to Hezbollah Chief Hassan Nasrallah, was killed in Israeli airstrikes on Beirut at midnight on Thursday.","Israeli airstrikes ASSAULT Hezbollah and its senior official Hashem Safieddine","CONFLICT","ASSAULT","-0.9","Israeli airstrikes","Israeli airstrike","Israel (83)","Hezbollah; Hashem Safieddine","Hezbollah; Hashem Safieddine","Lebanon (95); Lebanon (95)","","","","Beirut","","Lebanon (95)","1",""
"030a82c3c0bb","2024-10-03","The Israeli military issued a warning for residents to evacuate the city of Nabatieh and other communities in southern Lebanon, north of the UN-declared buffer zone, indicating a potential expansion of its ground operation against the Hezbollah militant group. This warning follows clashes that resulted in the deaths of at least eight Israeli soldiers and comes amid heightened tensions after an Iranian ballistic missile attack.","The Israeli military on Thursday warned people to evacuate a city and other communities in southern Lebanon that are north of a UN-declared buffer zone, signaling that it may widen a ground operation launched earlier this week against the Hezbollah militant group.","Israeli military THREATEN residents of Nabatieh and other communities in southern Lebanon","CONFLICT","THREATEN","-0.6","Israeli military","Israeli military","Israel (83)","Residents of Nabatieh and other communities in southern Lebanon","Residents of Nabatieh and other communities in southern Lebanon","Lebanon (95)","Hezbollah militant group","Hezbollah","Lebanon (95)","Nabatieh; southern Lebanon","","Lebanon (95); Lebanon (95)","1",""
"4e6a241448b9","2024-10-03","Seven paramedics affiliated with the Hezbollah-linked Islamic Health Authority were killed in an Israeli airstrike on a civil defense center located in the Zqaq el-Blat neighborhood of Beirut, Lebanon. This attack is part of a broader Israeli military campaign targeting Hezbollah positions across Lebanon.","Seven paramedics with the Hezbollah-affiliated Islamic Health Authority were killed in an Israeli strike on a civil defense center in the Lebanese capital Beirut on Thursday, the emergency medical service said.","Israel ASSAULT Islamic Health Authority","CONFLICT","ASSAULT","-0.9","Israel","Israel","Israel (83)","Islamic Health Authority","Islamic Health Authority","Lebanon (95)","Hezbollah","Hezbollah","Lebanon (95)","Zuqaq el-Blat neighborhood, Beirut","","Lebanon (95)","1",""
"f8858dd469d6","2024-10-03","Israeli airstrikes targeted various locations in Lebanon, resulting in 37 deaths and 151 injuries, as reported by the Lebanese Health Ministry. The strikes included nine fatalities in Beirut, two in Mount Lebanon, and significant casualties in the Nabatieh and Bekaa regions, amidst ongoing military actions between Israel and Hezbollah.","The death toll from Israeli airstrikes on different areas in Lebanon over the past 24 hours reached 37 while injuries stood at 151, the Lebanese Health Ministry reported.","Israel ASSAULT Lebanese civilians","CONFLICT","ASSAULT","-0.9","Israel","Israel","Israel (83)","Lebanese civilians","Lebanese civilians","Lebanon (95)","Hezbollah","Hezbollah","Lebanon (95)","Lebanon; Beirut; Mount Lebanon; Nabatieh; Bekaa","","Lebanon (95); Lebanon (95); Lebanon (95); Lebanon (95); Lebanon (95)","4",""
"67d8d0d4006d","2024-10-03","An Israeli military strike targeted the Bachoura neighborhood in central Beirut, Lebanon, resulting in two fatalities and 11 injuries, according to the Lebanese health ministry. This incident is part of the escalating conflict in the region.","An Israeli strike on central Beirut's Bachoura neighbourhood early on Thursday left two killed and 11 wounded, the Lebanese health ministry said in a statement.","Israeli military ASSAULT Lebanese civilians in Bachoura neighborhood","CONFLICT","ASSAULT","-0.9","Israeli military","Israeli military","Israel (83)","Lebanese civilians in Bachoura neighborhood","Lebanese civilians in Bachoura neighborhood","Lebanon (95)","","","","Bachoura neighborhood, central Beirut","","Lebanon (95)","1",""
"dbcaa4ec4c1b","2024-10-03","The Israeli military conducted a series of 11 airstrikes on southern Beirut, Lebanon, targeting a meeting of senior Hezbollah figures. This operation is part of an ongoing military campaign that began last week, coinciding with Hezbollah's attacks on northern Israel.","The Israeli military launched a series of strikes on southern Beirut on Thursday night, in one of the most intense bombardments on the city since the campaign began last week as Hezbollah continued to attack northern Israel.","Israeli military ASSAULT Hezbollah senior figures","CONFLICT","ASSAULT","-0.9","Israeli military","Israeli military","Israel (83)","Hezbollah senior figures","Hezbollah commanders","Lebanon (95)","","","","southern Beirut; northern Israel","","Lebanon (95); Israel (83)","1",""
"3da8978e18c5","2024-10-03","The Israeli military expanded the evacuation zone in southern Lebanon, warning residents north of the Litani River to flee due to ongoing ground operations against Hezbollah. This decision follows approximately 200 airstrikes on Hezbollah targets and comes after a Lebanese soldier was killed by an Israeli airstrike while assisting in evacuations, marking a significant escalation in the conflict.","The Israeli Defence Forces warned those living in the communities north of the Litani River to flee the area following some 200 strikes against Hezbollah targets in the south.","Israeli military THREATEN residents north of the Litani River in southern Lebanon and Hezbollah","CONFLICT","THREATEN","-0.6","Israeli military","Israeli military","Israel (83)","Residents north of the Litani River in southern Lebanon; Hezbollah","Residents north of the Litani River in southern Lebanon; Hezbollah","Lebanon (95); Lebanon (95)","Lebanese soldier","Lebanese civilians","Lebanon (95)","southern Lebanon; north of the Litani River","","Lebanon (95); Lebanon (95)","2",""
"abe58c74dff1","2024-10-03","Israel conducted airstrikes on the Bashoura neighborhood in central Beirut, Lebanon, resulting in at least five fatalities and eight injuries. This attack occurred in the context of escalating tensions in the region following the death of Hezbollah leader Hassan Nasrallah.","Israel conducted airstrikes on the Bashoura neighborhood, a central district in Beirut, Lebanon’s capital.","Israel ASSAULT Civilians in the Bashoura neighborhood","CONFLICT","ASSAULT","-0.9","Israel","Israel","Israel (83)","Civilians in the Bashoura neighborhood","Civilians in the Bashoura neighborhood","Lebanon (95)","Hezbollah; Hassan Nasrallah","Hezbollah; Hassan Nasrallah","Lebanon (95); Lebanon (95)","Bashoura neighborhood, central Beirut","","Lebanon (95)","1",""
"77dc752dd4f0","2024-10-03","The Israeli Air Force conducted a significant airstrike in Beirut, Lebanon, targeting Hashem Safieddine, a senior Hezbollah official, during a meeting of Hezbollah leaders in an underground bunker. This operation is part of Israel's intensified military actions against Hezbollah following the death of the group's leader, Hassan Nasrallah.","A massive Israeli airstrike in Beirut reportedly targeted Hashem Safieddine, a senior Hezbollah official widely considered the likely successor to the group's slain leader Hassan Nasrallah.","Israeli Air Force ASSAULT Hashem Safieddine","CONFLICT","ASSAULT","-0.9","Israeli Air Force","Israeli Air Force","Israel (83)","Hashem Safieddine","Hashem Safieddine","Lebanon (95)","Hezbollah; Hassan Nasrallah","Hezbollah; Hassan Nasrallah","Lebanon (95); Lebanon (95)","Beirut; Underground bunker in Beirut","","Lebanon (95); Lebanon (95)","1",""
"4f179f4e0970","2024-10-02","The Israeli Defense Forces (IDF) conducted airstrikes on a health center in the central suburbs of Bachoura, Beirut, Lebanon, resulting in the deaths of at least six individuals and injuries to seven others. This action is reported to have targeted a facility associated with the Hezbollah-linked Islamic Health Organisation amidst ongoing military operations in the region.","On Wednesday night, the Lebanese health ministry said that at least six people were killed and seven others were injured after Israel struck a health centre in the central suburbs of Bachoura.","Israeli Defense Forces ASSAULT Islamic Health Organization and civilians in a health center in Bachoura, Beirut, Lebanon.","CONFLICT","ASSAULT","-0.9","Israeli Defense Forces","Israeli military","Israel (83)","Islamic Health Organization; Civilians in the health center","Islamic Health Authority; Civilians in the health center","Lebanon (95); Lebanon (95)","Hezbollah","Hezbollah","Lebanon (95)","Bachoura, Beirut","","Lebanon (95)","1",""
"78944fcc1d75","2024-10-02","An Israeli airstrike destroyed a building in Beirut, Lebanon, as journalists and local residents visited the site during a press tour. This incident is part of the ongoing conflict in the Middle East.","Smoke rises from a building destroyed by an Israeli airstrike as journalists and local residents visit during a press tour on October 2, 2024 in Beirut, Lebanon.","Israeli airstrike ASSAULT Residents of Beirut and local residents in Beirut","CONFLICT","ASSAULT","-0.9","Israeli airstrike","Israeli airstrike","Israel (83)","Residents of Beirut; Local residents in Beirut","Residents of Beirut; Residents of Beirut","Lebanon (95); Lebanon (95)","","","","Beirut","","Lebanon (95)","1",""
"f1a058f7695c","2024-10-02","An Israeli airstrike conducted in the Mazzeh Western Villas neighborhood of Damascus resulted in the deaths of two Lebanese nationals, including Hassan Jafar Qasir, who is the son-in-law of the slain Hezbollah leader Sayyed Hassan Nasrallah. The strike targeted a building used by Hezbollah and Iranian Revolutionary Guard Corps leaders, leading to a total of three fatalities and several injuries.","An Israeli airstrike killed two Lebanese nationals, including Hassan Jafar Qasir, the son-in-law of slain Hezbollah leader Sayyed Hassan Nasrallah. The strike was conducted in the Mazzeh Western Villas neighborhood of Damascus, reports said citing a war monitor.","Israeli Air Force ASSAULT Hezbollah, Iranian Revolutionary Guard Corps leaders, and Lebanese civilians","CONFLICT","ASSAULT","-0.9","Israeli Air Force","Israeli Air Force","Israel (83)","Hezbollah; Iranian Revolutionary Guard Corps leaders; Lebanese civilians","Hezbollah; Iran's Revolutionary Guard; Lebanese civilians","Lebanon (95); Iran (80); Lebanon (95)","","","","Mazzeh Western Villas; Damascus","","Syria (169); Syria (169)","1",""
"d1f24da26e63","2024-10-01","The Israeli army conducted an airstrike in Beirut, Lebanon, killing top Hezbollah commander Muhammad Jaafar Qasir, who was responsible for weapons transfers from Iran to Hezbollah and oversaw the development of the organization's missile capabilities. This action is part of Israel's ongoing military operations against Hezbollah amid escalating regional tensions.","The Israeli army said late Tuesday that it killed another top Hezbollah commander in an airstrike in the Lebanese capital Beirut.","Israeli army ASSAULTED Muhammad Jaafar Qasir","CONFLICT","ASSAULT","-0.9","Israeli army","Israeli military","Israel (83)","Muhammad Jaafar Qasir","Muhammad Jaafar Qasir","Lebanon (95)","Hezbollah; Iran","Hezbollah; Iran","Lebanon (95); Iran (80)","Beirut","","Lebanon (95)","1",""
"8d753f805827","2024-10-01","Israeli commando and paratroop units conducted limited ground incursions into southern Lebanon on October 1, 2024, as part of ongoing operations against Hezbollah. This action was taken amidst heightened tensions, with reports of missile fire from Hezbollah into Israel, including targeting the Israeli spy agency near Tel Aviv.","Israel earlier said that its commando and paratroop units launched raids into Lebanon on Tuesday as part of a 'limited' ground incursion, while Iran-backed Hezbollah said it had fired a barrage of missiles into Israel, including at its spy agency near Tel Aviv.","Israeli commando and paratrooper units ASSAULT Hezbollah","CONFLICT","ASSAULT","-0.9","Israeli commando and paratrooper units","Israeli commando and paratrooper units","Israel (83)","Hezbollah","Hezbollah","Lebanon (95)","Israel; Israeli spy agency","Israel; Israels spyy agency","Israel (83); Israel (83)","southern Lebanon; Tel Aviv","","Lebanon (95); Israel (83)","1",""
"acb0315fbc18","2024-10-01","The Israeli army declared areas south of the Litani River in southern Lebanon a 'military zone' and initiated limited ground operations, prompting hundreds of Lebanese civilians to flee the area. This action follows a series of airstrikes targeting Hezbollah, which have resulted in significant casualties.","Hundreds of Lebanese fled their areas south of the Litani River in southern Lebanon on Tuesday amid reports of an Israeli ground operation.","Israeli army COERCE Lebanese civilians","CONFLICT","COERCE","-0.6","Israeli army","Israeli military","Israel (83)","Lebanese civilians","Lebanese civilians","Lebanon (95)","Hezbollah","Hezbollah","Lebanon (95)","Southern Lebanon; Areas south of the Litani River","","Lebanon (95); Lebanon (95)","1",""
"63f3c2cfa19a","2024-10-01","Israeli Defense Minister Yoav Gallant briefed US Defense Secretary Lloyd Austin on ground operations conducted by the Israeli Defense Forces (IDF) targeting Hezbollah positions in southern Lebanon. The operations involved localized and targeted raids against Hezbollah terror targets in the border area.","The minister discussed the localized and targeted raids that the IDF (Israeli army) launched overnight, against Hezbollah terror targets in the border area of southern Lebanon.","Israeli Defense Forces ACCUSE Hezbollah","CONFLICT","ACCUSE","-0.3","Israeli Defense Forces","Israeli military","Israel (83)","Hezbollah","Hezbollah","Lebanon (95)","Yoav Gallant; Lloyd Austin","Yoav Gallant; Lloyd Austin","Israel (83); USA (185)","southern Lebanon; border area between Israel and Lebanon","","Lebanon (95)","1",""
"d4079e616d49","2024-10-01","Israeli defense expert Brig. Gen. (Res) Yossi Kuperwasser discussed Israel's military objectives regarding Hamas in Gaza and Hezbollah in Lebanon during a recent interview. He stated that Israel aims to dismantle the leadership of Hamas and restore control to the Lebanese state, emphasizing the need to reduce Iran's influence in the region for a meaningful resolution.","Kuperwasser stated, 'A realistic solution involves removing Hamas from power in Gaza and restoring the Lebanese state's control over its territory, which has been lost.'","Brig. Gen. (Res) Yossi Korenstein ACCUSE Hamas, Hezbollah, and Iran","CONFLICT","ACCUSE","-0.3","Brig. Gen. (Res) Yossi Korenstein","Brig. Gen. (Res) Yossi Korenstein","Israel (83)","Hamas; Hezbollah; Iran","Hamas; Hezbollah; Iran","Palestine (195); Lebanon (95); Iran (80)","Israel; Lebanese state","Israel; Lebanese state","Israel (83); Lebanon (95)","Gaza; Lebanon","","Palestine (195); Lebanon (95)","1",""
"6ee79e03399e","2024-10-01","Over 200,000 people have been displaced from southern Lebanon due to evacuation orders issued by the Israeli military, with more than 100,000 individuals moving into Syria. The Israeli Defense Forces (IDF) continued to issue evacuation orders in 30 villages in south Lebanon between October 1 and October 2, prompting this mass displacement.","The UN Office for the Coordination of Humanitarian Affairs (OCHA) warned that the number of those displaced is expected to rise as the Israeli Defense Forces (IDF) continued to issue evacuation orders — including in 30 villages in south Lebanon — between Monday and Tuesday, said Stephane Dujarric, chief spokesperson for UN secretary-general Antonio Guterres.","Israeli Defense Forces ASSAULT Residents of southern Lebanon","CONFLICT","ASSAULT","-0.9","Israeli Defense Forces","Israeli military","Israel (83)","Residents of southern Lebanon","Residents of southern Lebanon","Lebanon (95)","","","","Southern Lebanon; Syria","","Lebanon (95); Syria (169)","1",""
"91ff9bd59995","2024-10-01","At least 600 residents from the Christian village of Ain Ebl in Lebanon sought refuge in a monastery in Rmeish after the Israeli military issued an evacuation warning. The military indicated it would target homes used by the armed group Hezbollah, prompting the residents to flee to safety while awaiting an army convoy to escort them to Beirut.","At least 600 people sought refuge in a monastery on the Israel-Lebanon border on Tuesday after the Israeli military warned them to flee their Christian village of Ain Ebl, local residents said.","Israeli military THREATEN residents of Ain Eib","CONFLICT","THREATEN","-0.6","Israeli military","Israeli military","Israel (83)","Residents of Ain Eib","Residents of Ain Eib","Lebanon (95)","Hezbollah","Hezbollah","Lebanon (95)","Ain Eib; Rmeish; Beirut","","Lebanon (95); Lebanon (95); Lebanon (95)","1",""
"d420efe4c5ce","2024-10-01","Israel launched a ground operation in Lebanon following intense shelling of Lebanese cities. This military action was described by Russian Permanent Representative to the UN, Vassily Nebenzia, as a response to a series of political assassinations, including that of Hamas Executive Council Head Haniyeh and Hezbollah Secretary General Nasrallah.","After intense shelling of Lebanese cities, its southern neighbor launched a ground operation in that country.","Israel ASSAULT Lebanese armed forces","CONFLICT","ASSAULT","-0.9","Israel","Israel","Israel (83)","Lebanese armed forces","Lebanese army","Lebanon (95)","Hamas; Hezbollah; Vassily Nebenzia; United Nations","Hamas; Hezbollah; Vassily Nebenzia; United Nations","Palestine (195); Lebanon (95); Russia (143)","Lebanon","","Lebanon (95)","1",""
"ba91ce1379b4","2024-09-30","Israel intensified its military operations against Iranian-backed forces, including Hezbollah and the Houthi, raising concerns about potential supply disruptions in the Middle East oil-producing region. This escalation contributed to a rise in oil prices, with Brent crude futures increasing by 16 cents to $72.14 a barrel.","Oil prices edged higher on Monday on increasing concerns of potential supply disruptions from the Middle East producing region after Israel stepped up attacks on Iranian-backed forces.","Israel ASSAULT Iranian-backed forces, Hezbollah, and the Houthi","CONFLICT","ASSAULT","-0.9","Israel","Israel","Israel (83)","Iranian-backed forces; Hezbollah; Houthi","Iranian-backed forces; Hezbollah; Houthis","Iran (80); Lebanon (95); Yemen (191)","","","","Israel; Iran; Middle East oil-producing region","","Israel (83); Iran (80)","1",""
"807f0106c4ca","2024-09-30","Israel informed the United States about limited ground operations targeting Hezbollah infrastructure inside Lebanon. The operations are focused on destroying missile launchers, weapons caches, and other infrastructure near the border, with plans for a withdrawal after the operation.","""I've seen reports about ground operations. We've had some conversations with them about that; they have at this time told us that those are limited operations focused on Hezbollah infrastructure near the border,"" State Department spokesman Matthew Miller told journalists.","Israel COERCE Hezbollah","CONFLICT","COERCE","-0.6","Israel","Israel","Israel (83)","Hezbollah","Hezbollah","Lebanon (95)","United States","United States","USA (185)","Lebanon","","Lebanon (95)","1",""
"419475d49218","2024-09-30","The Israeli military conducted drone strikes in Beirut's Kola district, targeting a flat associated with the Lebanese Islamist group Jamaa Islamiya and resulting in the deaths of three members of the Popular Front for the Liberation of Palestine (PFLP). The deceased included military security chief Mohammad Abdel-Aal, military commander Imad Odeh, and Abdelrahman Abdel-Aal. This action is part of Israel's broader campaign against Hezbollah and its allies in Lebanon.","The Popular Front for the Liberation of Palestine (PFLP), a secular left-wing group, said three of its members were killed in Monday's strike on Beirut's Kola district.","Israeli military ASSAULT Jamaa Islamiya and PFLP members","CONFLICT","ASSAULT","-0.9","Israeli military","Israeli military","Israel (83)","Jamaa Islamiya; Popular Front for the Liberation of Palestine (PFLP)","Jamaa Islamiya; Popular Front for the Liberation of Palestine (PFLP)","Lebanon (95); Lebanon (95)","Hezbollah","Hezbollah","Lebanon (95)","Kola district, Beirut","","Lebanon (95)","8",""
"e00b0b576a82","2024-09-30","Israeli intelligence conducted an operation that sabotaged thousands of Hezbollah beepers and walkie-talkies, resulting in the deaths of dozens of Hezbollah members and wounding thousands more. This operation is part of the ongoing escalation in the Israel-Hezbollah conflict, referred to by Israel as Operation Northern Arrows.","In mid-September 2024, Israeli intelligence sabotaged thousands of Hezbollah beepers and walkie-talkies, detonating them in an operation that killed dozens of group members and wounded thousands more.","Israeli intelligence ASSAULT Hezbollah","CONFLICT","ASSAULT","-0.9","Israeli intelligence","Israeli intelligence officials","Israel (83)","Hezbollah","Hezbollah","Lebanon (95)","","","","Lebanon","","Lebanon (95)","1",""
"2aa6515fd698","2024-09-30","The Israel Defense Forces (IDF) began limited ground operations in Lebanon amid escalating tensions with Hezbollah, following a recent strike that resulted in the death of Hezbollah chief Hassan Nasrallah. The United Nations and world leaders, including US President Joe Biden, expressed concerns over the potential for these operations to escalate into a full-scale invasion, warning of severe consequences for civilians and violations of Lebanese sovereignty.","After Israel said its troops were engaged in 'limited raids' in Lebanon, the United Nations warned against those raids turning into a 'large-scale ground invasion'.","Israel Defense Forces ASSAULT Hezbollah","CONFLICT","ASSAULT","-0.9","Israel Defense Forces","Israeli military","Israel (83)","Hezbollah","Hezbollah","Lebanon (95)","United Nations; World leaders; US President Joe Biden; Civilians in Lebanon","United Nations; Hostages in Gaza; President Joe Biden; Civilians in Lebanon","USA (185); Lebanon (95)","Lebanon","","Lebanon (95)","62",""
"786f5b086a94","2024-09-30","Israel's Defence Minister Yoav Gallant announced that Israeli ground troops could soon join the fight against Hezbollah, following the killing of the group's chief, Hassan Nasrallah. This statement was made during a meeting with local council heads in northern Israel, indicating a new phase in the ongoing conflict with Hezbollah.","Defence minister Yoav Gallant said that the killing of the Lebanese group's chief Hassan Nasrallah is an 'important step, but not the final one'. 'The next stage in the war against Hezbollah will begin soon,' Gallant told a meeting of local council heads in northern Israel.","Israel Defense Minister Yoav Gallant THREATEN Hezbollah","CONFLICT","THREATEN","-0.6","Israel Defense Minister Yoav Gallant","Israeli Defense Minister Yoav Gallant","Israel (83)","Hezbollah","Hezbollah","Lebanon (95)","Local council heads in northern Israel","Local council heads in northern Israel","Israel (83)","Northern Israel","","Israel (83)","1",""
"17c622440cdc","2024-09-30","The Israeli intelligence agency Mossad executed a covert operation against Hezbollah, involving the modification of pagers to carry explosives. This operation resulted in an attack that killed nine individuals and injured thousands, highlighting the extensive planning involved in modern military tactics.","The shell company that had been created is something that is a masterstroke by the Israelis. And for that, it requires years and years of preparation.","Mossad ASSAULT Hezbollah","CONFLICT","ASSAULT","-0.9","Mossad","Mossad","Israel (83)","Hezbollah","Hezbollah","Lebanon (95)","","","","Lebanon","","Lebanon (95)","1",""
"ac8c8a4398eb","2024-09-30","The Israeli army conducted a raid in the Cola area of Beirut, Lebanon, resulting in four deaths and four injuries. This marks the first time the Israeli forces have targeted the heart of Beirut since the conflict began, amidst ongoing military operations that have seen 216 raids across Lebanon in a single day.","A raid shortly after midnight on a building in the Cola area resulted in four deaths and four injuries.","Israeli army ASSAULT Civilians in the Cola area, Beirut","CONFLICT","ASSAULT","-0.9","Israeli army","Israeli military","Israel (83)","Civilians in the Cola area, Beirut","Civilians in the Cola area, Beirut","Lebanon (95)","","","","Cola area, Beirut; Beirut","","Lebanon (95); Lebanon (95)","1",""
"4e07c6954c8c","2024-09-29","Israeli occupation forces launched 216 raids on various towns in Lebanon, escalating military actions amid tensions following the assassination of Hezbollah Secretary-General Hassan Nasrallah. The raids occurred in multiple areas, including the southern suburb of Beirut.","The Disaster Risk Unit in Lebanon revealed on Sunday that the Israeli occupation launched 216 raids on different areas in Lebanon during the past 24 hours.","Israeli occupation forces ASSAULT Lebanese civilians","CONFLICT","ASSAULT","-0.9","Israeli occupation forces","Israeli occupation forces","Israel (83)","Lebanese civilians","Lebanese civilians","Lebanon (95)","Hezbollah; Hassan Nasrallah","Hezbollah; Hassan Nasrallah","Lebanon (95); Lebanon (95)","Various towns in Lebanon; Southern suburb of Beirut","","Lebanon (95); Lebanon (95)","1",""
"fd273e4c97b9","2024-09-29","Israeli agencies conducted an airstrike that resulted in the death of Hezbollah leader Hassan Nasrallah. This operation was reportedly the culmination of years of intelligence gathering and surveillance efforts by Israel to locate and target Nasrallah.","The recent airstrike by Israel on Hassain Nasrallah, is reportedly a result of Israel's years of efforts into gathering intelligence inputs, surveillance and so much more, that actually helped the country to plan and pinpoint the Hezbollah leader's location and initiate the airstrike.","Israeli agencies ASSAULT Hezbollah leader Hassan Nasrallah","CONFLICT","ASSAULT","-0.9","Israeli agencies","Israel Security Agency","Israel (83)","Hezbollah leader Hassan Nasrallah","Hezbollah leader Hassan Nasrallah","Lebanon (95)","","","","Immaterial","","Immaterial","1",""
"ef7661a2fe8d","2024-09-29","The Israeli military conducted an airstrike near the city of Sidon, Lebanon, resulting in the deaths of 24 individuals and injuring 29 others. This attack is part of a week of intensified bombardment in the region.","""The Israeli enemy's attack on Ain al-Delb killed, in a preliminary toll, 24 people and injured 29,"" the ministry said in a statement.","Israeli military ASSAULT Civilians in Sidon","CONFLICT","ASSAULT","-0.9","Israeli military","Israeli military","Israel (83)","Civilians in Sidon","Civilians in Sidon","Lebanon (95)","","","","Sidon","","Lebanon (95)","1",""
"500bebb78839","2024-09-29","The Israeli military conducted an airstrike near the southern city of Sidon, Lebanon, resulting in the deaths of 45 individuals and injuring 70 others. The strike targeted a building in Ain al-Delb, which subsequently collapsed. Additionally, another Israeli strike in southern Lebanon killed six paramedics from Hezbollah's Islamic Health Organization.","Lebanon said Monday that an Israeli strike a day earlier near the southern city of Sidon killed 45 people, raising an earlier toll.","Israeli military ASSAULT civilians in southern Lebanon and Hezbollah's Islamic Health Organization paramedics","CONFLICT","ASSAULT","-0.9","Israeli military","Israeli military","Israel (83)","Civilians in southern Lebanon; Hezbollah's Islamic Health Organization paramedics","Civilians in Lebanon; Hezbollah paramedics","Lebanon (95); Lebanon (95)","","","","Southern Sidon; Ain al-Teib; Southern Lebanon","","Lebanon (95); Lebanon (95); Lebanon (95)","1",""
"28581b59c0b6","2024-09-29","Israel conducted multiple airstrikes targeting Houthi rebels in Yemen and Hezbollah in Lebanon. The strikes in Lebanon resulted in at least 24 fatalities near Sidon and 21 fatalities in Baalbek Hermel, while the strikes in Yemen targeted Houthi military assets, including power stations and a seaport, in response to a recent missile attack on Israel.","Israel on Sunday carried out multiple airstrikes targeting Houthi rebels in Yemen and launched a fresh barrage against the Hezbollah group in Lebanon, which is still reeling from a series of deadly blows to its command structure as well as the killing of its leader, Hassan Nasrallah.","Israel ASSAULT Houthi rebels and Hezbollah","CONFLICT","ASSAULT","-0.9","Israel","Israel","Israel (83)","Houthi rebels; Hezbollah","Houthi rebels; Hezbollah","Yemen (191); Lebanon (95)","","","","Israel; Lebanon; Yemen","","Israel (83); Lebanon (95); Yemen (191)","2",""
"09068c641296","2024-09-29","The Israeli military conducted air raids on Yemen and Lebanon, including central Beirut, resulting in over 100 fatalities reported by Lebanon's health ministry. This action follows the assassination of Hezbollah leader Hassan Nasrallah and is part of ongoing hostilities in the region.","Lebanon’s health ministry reported that over 100 people were killed by Israeli air raids on Sunday, with a total of more than 1,000 fatalities and 6,000 injuries in the past two weeks.","Israeli military ASSAULT Yemen and Lebanon","CONFLICT","ASSAULT","-0.9","Israeli military","Israeli military","Israel (83)","Yemen; Lebanon","Yemen; Lebanon","Yemen (191); Lebanon (95)","Hezbollah; Hassan Nasrallah","Hezbollah; Hassan Nasrallah","Lebanon (95); Lebanon (95)","Yemen; Lebanon; Central Beirut","","Yemen (191); Lebanon (95); Lebanon (95)","1",""
"6a119354f05b","2024-09-28","The Israeli military conducted an airstrike in the southern suburb of Shiyyah, Beirut, targeting and killing Sheikh Nabil Qaouq, a high-ranking official in Hezbollah and former deputy head of its Executive Council. This action is part of a series of strikes that have recently targeted senior Hezbollah commanders.","The military said Sunday that it killed Sheikh Nabil Qaouq, the former deputy head of Hezbollah's Executive Council, in an airstrike the day before.","Israeli military ASSAULT Sheikh Nabil Qaouq","CONFLICT","ASSAULT","-0.9","Israeli military","Israeli military","Israel (83)","Sheikh Nabil Qaouq","Sheikh Naim Qassem","Lebanon (95)","Hezbollah","Hezbollah","Lebanon (95)","Southern suburb of Shiyyah, Beirut","","Lebanon (95)","1",""
"a2b7b4742131","2024-09-28","The State of Israel conducted an operation that resulted in the assassination of Hezbollah leader Hassan Nasrallah. Israeli Prime Minister Benjamin Netanyahu stated that this action was essential for achieving Israel's war goals and emphasized the necessity of eliminating Nasrallah to prevent him from rebuilding Hezbollah's capabilities.","Yesterday, the State of Israel eliminated the arch-murderer Hassan Nasrallah. We have settled accounts with someone who was responsible for the murders of countless Israelis and many nationals of other countries, including hundreds of Americans and dozens of French.","State of Israel ASSAULT Hezbollah and Hassan Nasrallah","CONFLICT","ASSAULT","-0.9","State of Israel","State of Israel","Israel (83)","Hezbollah; Hassan Nasrallah","Hezbollah; Hassan Nasrallah","Lebanon (95); Lebanon (95)","","","","Immaterial","","Immaterial","1",""
"b61ec5b174db","2024-09-28","The Israeli military conducted a strike in a southern Beirut suburb, resulting in the death of Nabil Kaouk, a high-ranking official in Hezbollah and deputy head of its Central Council. This action is part of Israel's ongoing military operations targeting Hezbollah in Lebanon.","The Israeli military said it killed Nabil Kaouk, a high-ranking Hezbollah official, in a strike in a southern Beirut suburb on Saturday.","Israeli military ASSAULT Nabil Kaouk","CONFLICT","ASSAULT","-0.9","Israeli military","Israeli military","Israel (83)","Nabil Kaouk","Nabil Kaouk","Lebanon (95)","Hezbollah","Hezbollah","Lebanon (95)","Southern Beirut suburbs","","Lebanon (95)","1",""
"68b5fd225b48","2024-09-28","On September 28, 2024, Israeli warplanes conducted an airstrike in Lebanon, resulting in the death of Hassan Nasrallah, the leader of Hezbollah. This action was taken without prior notification to U.S. President Joe Biden, despite earlier discussions about the potential consequences of targeting Nasrallah.","On Saturday, Israel announced that it had killed Nasrallah after warplanes dropped more than 80 bombs on four apartment buildings in Lebanon, where the Hezbollah leader of more than three decades had gone to meet his top lieutenants.","Israeli warplanes ASSAULT Hezbollah and Hassan Nasrallah","CONFLICT","ASSAULT","-0.9","Israeli warplanes","Israeli warplanes","Israel (83)","Hezbollah; Hassan Nasrallah","Hezbollah; Hassan Nasrallah","Lebanon (95); Lebanon (95)","U.S. President Joe Biden","President Joe Biden","USA (185)","Lebanon","","Lebanon (95)","1",""
"ba13f50a9cb7","2024-09-28","Israeli Prime Minister Benjamin Netanyahu announced the assassination of Hezbollah leader Hassan Nasrallah, describing it as a 'historic turning point' in the Middle East. The action was supported by U.S. President Joe Biden, who confirmed that the airstrike in Beirut also resulted in the death of an Iranian general and emphasized U.S. support for Israel's right to self-defense.","Netanyahu declared on Saturday that Nasrallah, described as 'not a terrorist, he was the terrorist,' was a significant threat. Netanyahu expressed that the assassination was a step towards restoring security and altering the regional power dynamics.","Benjamin Netanyahu ACCUSE Hezbollah and Hassan Nasrallah","CONFLICT","ACCUSE","-0.3","Benjamin Netanyahu","Benjamin Netanyahu","Israel (83)","Hezbollah; Hassan Nasrallah","Hezbollah; Hassan Nasrallah","Lebanon (95); Lebanon (95)","Joe Biden; Iran; Israel","President Joe Biden; Iran; Israel","USA (185); Iran (80); Israel (83)","Beirut","","Lebanon (95)","2",""
"4ced3a4e7c4d","2024-09-27","Israeli jets conducted several heavy airstrikes on Beirut's southern suburb, targeting the main headquarters of the Lebanese group Hezbollah. The airstrikes involved approximately 10 attacks, resulting in significant smoke plumes over the area, and were reported to have occurred in a Hezbollah stronghold.","Earlier on Friday, Israeli jets conducted several heavy airstrikes on Beirut's southern suburb area, claiming to have attacked the main headquarters of Lebanese group Hezbollah.","Israeli jets ASSAULT Hezbollah","CONFLICT","ASSAULT","-0.9","Israeli jets","Israeli fighter jets","Israel (83)","Hezbollah","Hezbollah","Lebanon (95)","","","","Beirut's southern suburb; Hezbollah stronghold in Beirut","","Lebanon (95); Lebanon (95)","1",""
"936d3d9b6700","2024-09-27","Hezbollah confirmed that Hashem Safieddine, a prominent leader and apparent successor to Hassan Nasrallah, was killed in an Israeli air strike in Beirut’s southern suburbs. The strike reportedly occurred three weeks prior to the announcement, which was made in the context of ongoing tensions between Hezbollah and Israel.","Hezbollah confirmed on Wednesday that Israel killed Hashem Safieddine, the apparent successor of its slain leader Hassan Nasrallah, in a strike, without saying when or where it happened.","Israel ASSAULT Hezbollah leader Hashem Safieddine","CONFLICT","ASSAULT","-0.9","Israel","Israel","Israel (83)","Hashem Safieddine","Hashem Safieddine","Lebanon (95)","Hezbollah; Israel","Hezbollah; Israel","Lebanon (95); Israel (83)","Beirut's southern suburbs","","Lebanon (95)","1",""
"6e3f3405f2e1","2024-09-27","Israeli fighter jets conducted a series of airstrikes on a crowded area in Beirut, Lebanon, specifically targeting the southern suburbs known as Dahiyeh. The strikes resulted in widespread destruction, flattening at least six residential buildings and causing extensive damage to nearby structures, with fears of a significant death toll.","Israeli fighter jets launched a series of massive airstrikes on a crowded area in the Lebanese capital Beirut on Friday, causing widespread destruction with fears of a large death toll.","Israeli fighter jets ASSAULT residents of Dahiyeh","CONFLICT","ASSAULT","-0.9","Israeli fighter jets","Israeli fighter jets","Israel (83)","Residents of Dahiyeh","Residents of Dahiyeh","Lebanon (95)","","","","Beirut; Dahiyeh","","Lebanon (95); Lebanon (95)","1",""
"a6a94c580e54","2024-09-27","On September 27, 2024, Israeli warplanes conducted airstrikes on Hezbollah's main headquarters in Dahieh, southern suburbs of Beirut, Lebanon, resulting in the death of Hezbollah leader Sayyed Hassan Nasrallah and several other group commanders. The airstrikes also caused significant casualties, with at least six people killed and 91 injured, alongside extensive damage to residential buildings and infrastructure.","On Friday evening, Israeli warplanes launched airstrikes on Hezbollah's main headquarters in Dahieh, which Israeli military said killed Nasrallah along with some other group commanders, Xinhua news agency reported.","Israeli warplanes ASSAULT Hezbollah and Sayyed Hassan Nasralla","CONFLICT","ASSAULT","-0.9","Israeli warplanes","Israeli warplanes","Israel (83)","Hezbollah; Sayyed Hassan Nasrallah","Hezbollah; Hassan Nasrallah","Lebanon (95); Lebanon (95)","","","","Dahieh, southern suburbs of Beirut","","Lebanon (95)","3",""
"4b057acf9e37","2024-09-27","Israeli Prime Minister Benjamin Netanyahu delivered an address at the United Nations General Assembly in New York, declaring that Israel would continue its military operations against Hezbollah in Lebanon until it achieves its strategic goals. This statement was made amidst faltering diplomatic efforts for a ceasefire and escalating airstrikes on Hezbollah targets.","Israeli Prime Minister Benjamin Netanyahu delivered a decisive address at the United Nations General Assembly on Friday, declaring that Israel would maintain its military operations against Hezbollah in Lebanon.","Benjamin Netanyahu ACCUSE Hezbollah","CONFLICT","ACCUSE","-0.2","Benjamin Netanyahu","Benjamin Netanyahu","Israel (83)","Hezbollah","Hezbollah","Lebanon (95)","United Nations General Assembly","United Nations General Assembly","United Nations","New York; Lebanon","","USA (185); Lebanon (95)","3",""
"40b9c356b825","2024-09-27","Israel conducted airstrikes in Beirut, resulting in the death of Iranian Revolutionary Guards deputy commander Brigadier General Abbas Nilforoushan and Hezbollah chief Hassan Nasrallah. In response, Iranian Foreign Minister Abbas Araqchi condemned the strikes as a 'horrible crime' and stated that it would not go unanswered, while Iranian parliament speaker Mohammad Baqer Qalibaf declared that Iran-aligned armed groups would continue to confront Israel with Tehran's support.","""There is no doubt that this horrible crime committed by the Zionist regime (Israel) will not go unanswered,"" Araqchi said in a statement addressed to the commander of the Islamic Revolutionary Guard Corps, Major General Hossein Salami.","Israel ASSAULT Iranian Revolutionary Guard Corps and Hezbollah","CONFLICT","ASSAULT","-0.9","Israel","Israel","Israel (83)","Iranian Revolutionary Guard Corps; Hezbollah","Iran's Revolutionary Guard; Hezbollah","Iran (80); Lebanon (95)","Abbas Araqchi; Mohammad Baqer Qalibaf; Tehran","Abbas Araghchi; Mohammad Bagher Qalibaf; Tehran","Iran (80); Iran (80); Iran (80)","Beirut","","Lebanon (95)","121",""
"65645b783cdc","2024-09-26","Hezbollah confirmed the martyrdom of Mohammad Hussein Srour, also known as Haj Abu Saleh, following an Israeli airstrike in the southern suburbs of Beirut, Lebanon. The airstrike, which occurred on Thursday, targeted a residential apartment and resulted in the deaths of two individuals and injuries to 15 others, including a critically injured woman. This incident is part of a series of Israeli strikes aimed at Hezbollah officials.","He was martyred on the path to Al-Quds as a result of a treacherous Israeli assassination operation in the southern suburbs of Beirut.","Israel ASSAULT Hezbollah and Mohammad Hussein Srour (Haj Abu Saleh)","CONFLICT","ASSAULT","-0.9","Israel","Israel","Israel (83)","Hezbollah; Mohammad Hussein Srour (Haj Abu Saleh)","Hezbollah; Mohammad Hussein Srour (Haj Abu Saleh)","Lebanon (95); Lebanon (95)","","","","Southern suburbs of Beirut","","Lebanon (95)","1",""
"8f06c1af5ea4","2024-09-26","Israeli fighter jets conducted airstrikes on infrastructure located on the Lebanese-Syrian border to prevent the transfer of weapons from Syria to Hezbollah in Lebanon. This military action was taken to counter Hezbollah's use of such weapons against Israeli citizens.","Israeli fighter jets on Thursday hit infrastructure on the Lebanese-Syrian border to stop the transfer of weapons from Syria to Hezbollah in Lebanon, Israel’s military said.","Israeli fighter jets ASSAULT Lebanese infrastructure","CONFLICT","ASSAULT","-0.9","Israeli fighter jets","Israeli fighter jets","Israel (83)","Lebanese infrastructure","Lebanese infrastructure","Lebanon (95)","Hezbollah; Syrian government; Israeli citizens","Hezbollah; Syrian government; Israeli citizens","Lebanon (95); Syria (169); Israel (83)","Lebanese-Syrian border; Lebanon","","Lebanon (95); Lebanon (95)","1",""
"121d5eda96dc","2024-09-26","The Israeli government, led by Prime Minister Benjamin Netanyahu, officially denied any agreement to a ceasefire with the Lebanese armed group Hezbollah and Lebanese political parties. This statement followed a ceasefire proposal that was brokered by the United States and France, which Netanyahu's office stated he did not respond to.","In a statement, Israeli Prime Minister Benjamin Netanyahu's office said that 'the report on a ceasefire is untrue.'","Israeli government REJECT Lebanese armed group Hezbollah and Lebanese political parties","CONFLICT","REJECT","-0.3","Israeli government","Israeli government","Israel (83)","Lebanese armed group Hezbollah; Lebanese political parties","Hezbollah; Lebanese parties","Lebanon (95); Lebanon (95)","United States; France","United States; France","USA (185); France (62)","Immaterial","","Immaterial","1",""
"fdd15e71b998","2024-09-26","Israel's Prime Minister Benjamin Netanyahu rejected a ceasefire proposal with Hezbollah in Lebanon that was presented by the United States and France. Netanyahu's office stated that there has been no response to the proposal, and Israel's Foreign Minister Yisrael Katz confirmed that there will be no ceasefire, emphasizing the continuation of military operations against Hezbollah.","On Thursday, Netanyahu’s office stated, 'This is a U.S.-French proposal that the Prime Minister has not yet responded to.'","Israel's Prime Minister Benjamin Netanyahu and Foreign Minister Yisrael Katz REJECT Hezbollah","CONFLICT","REJECT","-0.5","Benjamin Netanyahu; Yisrael Katz","Benjamin Netanyahu; Israel Katz","Israel (83); Israel (83)","Hezbollah","Hezbollah","Lebanon (95)","United States; France","United States; France","USA (185); France (62)","Lebanon","","Lebanon (95)","7",""
"d6b4312cf0ba","2024-09-26","The Israel Defence Forces (IDF) released a video accusing Hezbollah of storing weapons in civilian neighborhoods in Lebanon. The IDF claims that Hezbollah has placed military assets within populated areas for over 20 years, using civilians as human shields to protect its operations from Israeli airstrikes.","Hezbollah has transformed southern Lebanon into a launch pad for attacks against Israel, deliberately placing their military assets within civilian homes,” the IDF stated.","Israel Defense Forces ACCUSE Hezbollah","CONFLICT","ACCUSE","-0.3","Israel Defense Forces","Israeli military","Israel (83)","Hezbollah","Hezbollah","Lebanon (95)","Civilians in Lebanon","Civilians in Lebanon","Lebanon (95)","Lebanon","","Lebanon (95)","2",""
"88f0b8b9dc1d","2024-09-26","The Israeli military intercepted a missile fired from Yemen, successfully using the 'Arrow' Aerial Defense System. This event occurred in central Israel, where sirens were activated as a result of the missile launch, amidst ongoing tensions and bombardment of Hezbollah in Lebanon.","The missile that was fired from Yemen was successfully intercepted by the 'Arrow' Aerial Defense System. Sirens and explosions were heard following the interception and falling shrapnel.","Israeli military COOPERATE Hezbollah","COOPERATION","COOPERATE","0.8","Israeli military","Israeli military","Israel (83)","Hezbollah","Hezbollah","Lebanon (95)","","","","central Israel; Lebanon","","Israel (83); Lebanon (95)","1",""
"4bb98f40d3d1","2024-09-25","An Israeli airstrike targeted a building in the village of Younine, Lebanon, resulting in the deaths of twenty-three Syrian refugees and injuries to four other Syrians and four Lebanese individuals. This incident occurred amidst escalating tensions, with Israel's military preparing for a potential ground operation in Lebanon.","Twenty-three Syrian refugees were killed in Lebanon after an Israeli airstrike destroyed a building housing workers, Lebanon’s state-run news agency reported Thursday.","Israeli airstrike ASSAULT Syrian refugees and Lebanese civilians in Younine, Lebanon","CONFLICT","ASSAULT","-0.9","Israeli airstrike","Israeli airstrike","Israel (83)","Syrian refugees; Syrian civilians; Lebanese civilians","Syrian refugees; Syrian civilians; Lebanese civilians","Syria (169); Syria (169); Lebanon (95)","","","","Younine","","Lebanon (95)","1",""
"327b8e75fb97","2024-09-25","An Israeli airstrike occurred near the city of Baalbek, Lebanon, resulting in the deaths of 23 Syrians and injuries to four Syrians and four Lebanese. The strike targeted a building housing Syrians in the Bekaa Valley, an area along the Syrian border.","Lebanon 's state-run National News Agency says an Israeli airstrike late on Wednesday killed 23 Syrians near the city of Baalbek, according to the Associated Press.","Israeli military ASSAULT Syrian and Lebanese civilians","CONFLICT","ASSAULT","-0.9","Israeli military","Israeli military","Israel (83)","Syrian civilians; Lebanese civilians","Syrian civilians; Lebanese civilians","Syria (169); Lebanon (95)","","","","Baalbeck; Bekaa Valley; Syrian border","","Lebanon (95); Lebanon (95); Syria (169)","1",""
"5f01cc660860","2024-09-25","The Israel Defense Forces (IDF) activated reserve troops and prepared for a potential ground offensive into Lebanon, targeting Hezbollah. This decision was communicated by IDF Chief Lt. Gen. Herzi Halevi, who instructed troops to prepare for an incursion aimed at decisively destroying Hezbollah. The IDF called up two reserve brigades for operational missions in the northern region.","Israeli soldiers have been told to prepare for a possible ground offensive into Lebanon, as Israel activated reserve troops in the country’s north and launched a barrage of strikes it said were targeting Hezbollah.","Israel Defense Forces MOBILIZE Hezbollah","CONFLICT","MOBILIZE","-0.6","Israel Defense Forces","Israeli military","Israel (83)","Hezbollah","Hezbollah","Lebanon (95)","","","","Lebanon; Northern region of Israel","","Lebanon (95); Israel (83)","1",""
"8cc31172b325","2024-09-25","Israeli Prime Minister Benjamin Netanyahu approved a temporary cease-fire with Hezbollah in Lebanon to facilitate negotiations, following calls from the US, EU, and nine other nations for a 21-day cease-fire amid escalating cross-border warfare. Despite opposition from several Israeli ministers, the cease-fire is seen as serving Israel's political interests.","Israeli Prime Minister Benjamin Netanyahu has greenlighted a temporary cease-fire with Hezbollah in Lebanon, Israeli media said on Thursday.","Benjamin Netanyahu AGREE Hezbollah","COOPERATION","AGREE","0.5","Benjamin Netanyahu","Benjamin Netanyahu","Israel (83)","Hezbollah","Hezbollah","Lebanon (95)","United States; European Union; Nine other nations","United States; European Union; Hostages in Gaza","USA (185)","Lebanon","","Lebanon (95)","1",""
"41d9461a692d","2024-09-25","An Israeli airstrike targeted the town of Qantara in southern Lebanon, resulting in the death of Kamel Karaki, a photojournalist working for al-Manar television. This airstrike is part of a broader escalation in cross-border warfare between Israel and Hezbollah, which has seen at least 19 fatalities and numerous injuries on the same day.","A photojournalist working for local television station al-Manar was killed in an Israeli airstrike in southern Lebanon on Wednesday.","Israeli airstrike ASSAULT Kamel Karouri","CONFLICT","ASSAULT","-0.9","Israeli airstrike","Israeli airstrike","Israel (83)","Kamel Karoui","Kamel Karoui","Lebanon (95)","Hezbollah","Hezbollah","Lebanon (95)","Qantara","","Lebanon (95)","1",""
"6c4201eabddc","2024-09-25","Israeli Prime Minister Benjamin Netanyahu announced that Israel will continue its military operations against Hezbollah until residents in northern Israel can safely return to their homes. This statement was made during a press briefing where he emphasized the intensity and strategy of the military actions. Additionally, Israeli army chief Herzi Halevi instructed soldiers to prepare for a potential ground operation in Lebanon, reaffirming the commitment to attack Hezbollah.","We are striking Hezbollah with blows it never imagined. We are doing this with full force, we are doing this with guile. One thing I promise you: we will not rest until they return home","Israel and its military leaders THREATEN Hezbollah and residents of northern Israel","CONFLICT","THREATEN","-0.6","Israel; Benjamin Netanyahu; Herzi Halevi","Israel; Benjamin Netanyahu; Herzi Halevi","Israel (83); Israel (83); Israel (83)","Hezbollah; Residents of northern Israel","Hezbollah; Residents of northern Israel","Lebanon (95); Israel (83)","","","","Northern Israel; Lebanon","","Israel (83); Lebanon (95)","3",""
"14f1f4417192","2024-09-24","The Israeli military conducted a targeted strike in Ghobeiri, a southern suburb of Beirut, Lebanon, resulting in the deaths of six individuals and injuries to fifteen others. This strike marks the second attack on the capital within two days, targeting a residential building and causing significant damage to the surrounding area.","The 'Israeli enemy raid on Ghobeiri in 's southern suburbs killed six people and 15,' 's health ministry said in a statement.","Israeli military ASSAULT Civilians in Ghobeye","CONFLICT","ASSAULT","-0.9","Israeli military","Israeli military","Israel (83)","Civilians in Ghobeide","Civilians in Ghobeide","Lebanon (95)","","","","Ghobeidi; Beirut","","Lebanon (95); Lebanon (95)","1",""
"cc47acf6a6f1","2024-09-23","On September 23, 2024, Israel conducted extensive airstrikes in Lebanon, targeting approximately 1,600 Hezbollah positions, resulting in nearly 500 fatalities, including 35 children. This marked the deadliest day of airstrikes on Lebanon since 2006, prompting Iran's President Masoud Pezeshkian to assert that Hezbollah cannot stand alone against Israel and to call for international intervention to prevent further escalation.","On Monday, nearly 500 people, including 35 children, were killed in Israeli strikes in Lebanon, according to the country’s health ministry.","Israel ASSAULT Hezbollah","CONFLICT","ASSAULT","-0.9","Israel","Israel","Israel (83)","Hezbollah","Hezbollah","Lebanon (95)","Iran; Masoud Pezeshkian","Iran; Masoud Pezeshkian","Iran (80); Iran (80)","Lebanon","","Lebanon (95)","64",""
"cf9896bd6d06","2024-09-23","Israel Defense Forces (IDF) spokesperson Rear Admiral Daniel Hagari announced Israel's readiness for a full ground invasion of Lebanon following a significant escalation in violence, which resulted in the deaths of 492 individuals, including 35 children. This statement was made during a televised news conference in response to ongoing clashes with Hezbollah.","Israel has warned that it is prepared for a full ground invasion of Lebanon if needed - after the deadliest day of clashes between the two countries in nearly two decades.","Israel Defense Forces THREATEN Lebanon","CONFLICT","THREATEN","-0.6","Israel Defense Forces","Israeli military","Israel (83)","Lebanon","Lebanon","Lebanon (95)","Hezbollah","Hezbollah","Lebanon (95)","Israel; Lebanon","","Israel (83); Lebanon (95)","1",""
"1592a8372c4a","2024-09-23","The Israeli military prepared to expand strikes across Lebanon targeting Hezbollah's 'terrorist infrastructure' as tensions escalated in the border conflict. The Israel Defense Forces (IDF) announced plans for extensive and precise strikes against terror targets throughout Lebanon, advising civilians in affected areas to evacuate for their safety.","Shortly, the IDF will engage in extensive, precise strikes, against terror targets which have been embedded widely throughout Lebanon.","Israeli military THREATEN Hezbollah and Lebanese civilians","CONFLICT","THREATEN","-0.6","Israeli military","Israeli military","Israel (83)","Hezbollah; Lebanese civilians","Hezbollah; Lebanese civilians","Lebanon (95); Lebanon (95)","","","","Lebanon","","Lebanon (95)","3",""
"18dd5a8825f4","2024-09-23","Israeli warplanes conducted airstrikes on multiple towns in southern Lebanon for a third consecutive day, targeting areas affected by ongoing conflict with Hezbollah. The strikes began early in the morning, leading to reported casualties and prompting hundreds of thousands of civilians to flee their homes to escape the violence.","Lebanese officials said hundreds of thousands of civilians have fled their homes in the south this week to avoid fighting between Hezbollah and the Israeli military. Lebanon's official National News Agency said Israeli warplanes launched raids on multiple towns in the south from 5:00 am (0200 GMT), adding 'casualties were reported' from other strikes overnight.","Israeli warplanes ASSAULT Lebanese civilians","CONFLICT","ASSAULT","-0.9","Israeli warplanes","Israeli warplanes","Israel (83)","Lebanese civilians","Lebanese civilians","Lebanon (95)","Hezbollah","Hezbollah","Lebanon (95)","southern Lebanon","","Lebanon (95)","4",""
"fc7490159cb1","2024-09-22","Israeli air forces conducted air raids across eastern and southern Lebanon, resulting in at least 100 deaths and over 400 injuries, as reported by Lebanon's Health Ministry. The attacks have raised concerns about a potential full-scale war, prompting Lebanon's Prime Minister to call for intervention from the United Nations and the Security Council to halt Israeli aggression.","Israeli air raids across eastern and southern Lebanon have resulted in at least 100 deaths and over 400 injuries, according to Lebanon ’s Health Ministry.","Israeli air forces ASSAULT Lebanon","CONFLICT","ASSAULT","-0.9","Israeli air forces","Israeli Air Force","Israel (83)","Lebanon","Lebanon","Lebanon (95)","United Nations; United Nations Security Council","United Nations; United Nations Security Council","United Nations; United Nations","eastern Lebanon; southern Lebanon","","Lebanon (95); Lebanon (95)","1",""
"f68462e99bfb","2024-09-20","Israeli airstrikes targeted the southern suburbs of Beirut, Lebanon, resulting in the deaths of 14 individuals and injuring 66 others, with nine in critical condition. The strikes aimed at Ibrahim Aqil, a top military commander of Hezbollah, as part of ongoing military actions in the region.","The attack that jolted Beirut... the main target of the attack was Ibrahim Aqil, a top military commander of the Lebanese group Hezbollah.","Israeli airstrikes ASSAULT civilians in southern Beirut and Hezbollah commander Ibrahim Aqil","CONFLICT","ASSAULT","-0.9","Israeli airstrikes","Israeli airstrike","Israel (83)","Civilians in southern Beirut; Ibrahim Aqil","Civilians in Lebanon; Ibrahim Aqil","Lebanon (95); Lebanon (95)","Hezbollah","Hezbollah","Lebanon (95)","Southern suburbs of Beirut","","Lebanon (95)","1",""
"d8c0e0f26905","2024-09-20","Israeli warplanes conducted an airstrike on a crowded suburban block in Beirut, Lebanon, resulting in 37 casualties, including seven women and three children, with 68 others wounded. The strike is reported to be the deadliest on Beirut in decades, targeting Hezbollah leaders, including Ibrahim Akil.","By Saturday, the number of casualties from Friday's airstrike, which hit a crowded suburban block in the Lebanese capital, had risen to 37, according to the health ministry.","Israeli warplanes ASSAULT Hezbollah leaders including Ibrahim Akil","CONFLICT","ASSAULT","-0.9","Israeli warplanes","Israeli warplanes","Israel (83)","Hezbollah leaders; Ibrahim Akil","Hezbollah; Ibrahim Akil","Lebanon (95); Lebanon (95)","","","","Beirut","","Lebanon (95)","1",""
"b697624ca4ad","2024-09-19","Israel conducted air strikes on southern Lebanon, resulting in the deaths of 37 individuals, including two children, and injuring over 3,000. This military action has escalated tensions with Hezbollah, whose leader Hassan Nasrallah vowed to retaliate. The situation prompted UK Foreign Secretary David Lammy to express concern to Lebanese Prime Minister Najib Mikati about rising tensions and civilian casualties, emphasizing the need for a negotiated solution to restore stability across the border.","Israel carried out air strikes on southern Lebanon on Thursday while Hezbollah’s leader Hassan Nasrallah has vowed to retaliate... Lammy said he had spoken to Lebanese prime minister Najib Mikati and 'expressed my deep concern over rising tensions and civilian casualties in Lebanon'.","Israel ASSAULT Hezbollah and Lebanese civilians","CONFLICT","ASSAULT","-0.9","Israel","Israel","Israel (83)","Hezbollah; Lebanese civilians","Hezbollah; Lebanese civilians","Lebanon (95); Lebanon (95)","Najib Mikati; David Lammy","Najib Mikati; David Lammy","Lebanon (95); UK (183)","southern Lebanon","","Lebanon (95)","57",""
"013a26a3fe4f","2024-09-18","Israeli Prime Minister Benjamin Netanyahu announced that the government will ensure the safe return of tens of thousands of residents evacuated from northern border areas due to rising tensions with Hezbollah in Lebanon. This statement was made amid ongoing security concerns, although no details were provided regarding a recent operation involving the detonation of devices used by Hezbollah operatives.","""We will return the residents of the north securely to their homes,"" he said in a brief video statement, giving no further details.","Israeli government AGREE residents evacuated from northern border areas","COOPERATION","AGREE","0.5","Israeli government","Israeli government","Israel (83)","Residents evacuated from northern border areas","Residents evacuated from northern border areas","Lebanon (95)","Hezbollah","Hezbollah","Lebanon (95)","Northern border areas","","Lebanon (95)","2",""
"36a867369c26","2024-09-18","Israeli Defence Minister Yoav Gallant announced that Israel is entering a 'new phase' of war, following a series of explosions involving electronic devices used by Hezbollah, which resulted in at least 14 fatalities and over 450 injuries. This announcement was made during a visit to an air force base, where Gallant indicated that the Israeli military is shifting its focus northward.","""We are opening a new phase in the war - it requires courage, determination and perseverance from us,"" Gallant said during a visit to an air force base, as reported by Reuters.","Israel MOBILIZE Hezbollah","CONFLICT","MOBILIZE","-0.6","Israel","Israel","Israel (83)","Hezbollah","Hezbollah","Lebanon (95)","","","","Israel; Hezbollah-controlled territory","","Israel (83); Lebanon (95)","2",""
"30358f102cd2","2024-09-18","Israeli officials stated they are 'willing to go all the way' following two days of explosions caused by Hezbollah's technology, which resulted in at least 20 fatalities and numerous severe injuries across Lebanon. This statement reflects the escalating tensions and potential for conflict in the region.","Top Israeli officials have warned they are 'willing to go all the way' after two days of tech explosions plagued Hezbollah, killing 20 people.","Israeli officials AGREE Hezbollah","COOPERATION","AGREE","0.5","Israeli officials","Israeli officials","Israel (83)","Hezbollah","Hezbollah","Lebanon (95)","","","","Lebanon","","Lebanon (95)","1",""
"270f061ad344","2024-09-17","The Israeli military remotely detonated communication devices in Lebanon, resulting in mass pager explosions that killed at least 42 people, including children, and injured thousands. This action was condemned by Major General Hossein Salami of the Islamic Revolution Guards Corps (IRGC) as a violation of conventional laws of war and part of Israel's psychological warfare against the resistance front.","General Salami condemned the terror attack as a violation of conventional laws of war, which further exposed the true nature of the Israeli regime. At least 42 people, including children, were killed and thousands more were wounded after Israel remotely detonated communication devices, typically used by Hezbollah, across Lebanon on September 17 and 18.","Israeli military ASSAULT Lebanese civilians","CONFLICT","ASSAULT","-0.9","Israeli military","Israeli military","Israel (83)","Lebanese civilians","Lebanese civilians","Lebanon (95)","Hossein Salami; Islamic Revolutionary Guard Corps (IRGC)","Hossein Salami; Islamic Revolutionary Guard Corps (IRGC)","Iran (80); Iran (80)","Lebanon","","Lebanon (95)","2",""
"7125fd08be3e","2024-09-17","Israel's security cabinet announced the expansion of its war objectives to include halting Hezbollah's attacks in northern Israel, making it an official war goal. This decision comes amid ongoing exchanges of fire between Israel and Hezbollah, which have displaced tens of thousands of people in northern Israel and southern Lebanon.","Israel’s security cabinet announced the expansion of its war objectives on Tuesday. The council said halting Hezbollah’s attacks in northern Israel to allow Israelis to return to their homes is now an official war goal.","Israel's security cabinet AGREE Hezbollah","COOPERATION","AGREE","0.5","Israel's security cabinet","Israel's security cabinet","Israel (83)","Hezbollah","Hezbollah","Lebanon (95)","","","","northern Israel; southern Lebanon","","Israel (83); Lebanon (95)","1",""
"7ab72ea3f181","2024-09-17","An Israeli airstrike targeted the town of Blida in southern Lebanon, resulting in the deaths of three individuals and injuries to two others. This attack is part of escalating tensions along the Lebanon-Israel border amid ongoing cross-border conflicts.","Three people were killed and two others injured on Tuesday in an Israeli airstrike in southern Lebanon, the Health Ministry said.","Israeli airstrike ASSAULT Civilians in Blida","CONFLICT","ASSAULT","-0.9","Israeli airstrike","Israeli airstrike","Israel (83)","Civilians in Blida","Civilians in Blida","Lebanon (95)","","","","Blida; southern Lebanon; Lebanon-Israel border","","Lebanon (95); Lebanon (95)","1",""
"cfa5727bba3b","2024-09-17","The Iranian envoy to Lebanon, Ambassador Mojtaba Amani, was injured in Beirut when his pager exploded, an incident attributed to an Israeli breach of the communication system. This event is part of a series of similar explosions affecting Hezbollah members, prompting the Lebanese Health Ministry to advise citizens to dispose of their pager devices.","The Iranian envoy to Lebanon was injured after his pager exploded on Tuesday, Mehr news agency said, as hundreds of Hezbollah members also reported similar blasts blamed on Israel.","Israeli military ASSAULTED Mojtaba Amani and Hezbollah members","CONFLICT","ASSAULT","-0.9","Israeli military","Israeli military","Israel (83)","Mojtaba Amani; Hezbollah members","Mojtaba Amani; Hezbollah","Iran (80); Lebanon (95)","","","","Beirut","","Lebanon (95)","1",""
"89f59eef53ab","2024-09-17","The Israeli regime detonated handheld communication devices in Beirut, Lebanon, in a premeditated act that resulted in injuries to Iran’s ambassador to Beirut, Mojtaba Amani. This incident is described by Iran as a terrorist attack against Lebanese civilians and a violation of Lebanon's sovereignty.","According to reports from the Lebanese authorities, on the afternoon of Tuesday, 17 September 2024, at approximately around 3:30 p.m. (local time), in a premeditated and provocative act aimed at the mass killing and murder of Lebanese civilians, the Israeli regime detonated handheld communication devices in Beirut.","Israeli regime ASSAULT Lebanese civilians and Mojtaba Amani","CONFLICT","ASSAULT","-0.9","Israeli regime","Israeli regime","Israel (83)","Lebanese civilians; Mojtaba Amani; Lebanon","Lebanese civilians; Mojtaba Amani; Lebanon","Lebanon (95); Iran (80); Lebanon (95)","Iran","Iran","Iran (80)","Beirut; Lebanon","","Lebanon (95); Lebanon (95)","1",""
"41d5e1211618","2024-09-17","Israel's Defense Minister Yoav Gallant announced the commencement of a 'new phase' in the ongoing conflict, focusing military efforts on the northern front against Hezbollah militants in Lebanon. This announcement follows two waves of explosive attacks attributed to Israel, targeting Hezbollah's communication devices, resulting in at least 12 deaths and nearly 3,000 injuries in Syria and Lebanon.","We are at the start of a new phase in the war — it requires courage, determination and perseverance,” Israeli Defense Minister Yoav Gallant told troops on Wednesday.","Israel Defense Minister Yoav Gallant MOBILIZE Hezbollah militants","CONFLICT","MOBILIZE","-0.6","Israel Defense Minister Yoav Gallant","Israeli Defense Minister Yoav Gallant","Israel (83)","Hezbollah militants","Hezbollah","Lebanon (95)","","","","Northern Lebanon; Lebanon; Syria","","Lebanon (95); Lebanon (95); Syria (169)","2",""
"10bcfd2c3d9d","2024-09-17","On September 17 and 18, 2024, Israel conducted significant military operations in Lebanon, resulting in the deaths of at least 37 individuals and injuring approximately 3000 others due to the detonation of thousands of communication devices. Additionally, on September 20, Israel targeted a residential complex in Beirut, killing 14 people, including several children. Iranian officials, including the deputy foreign minister, have condemned these actions and called for international intervention.","On Tuesday and Wednesday, Israel orchestrated what’s been labeled by analysts as one of the biggest terror attacks in history by exploding thousands of pager and walkie-talkie devices, killing at least 37 people and injuring 3000 others. On Friday the regime targeted a residential complex in Beirut, killing 14 people including several children.","Israel ASSAULT Lebanese civilians","CONFLICT","ASSAULT","-0.9","Israel","Israel","Israel (83)","Lebanese civilians","Lebanese civilians","Lebanon (95)","","","","Lebanon; Beirut","","Lebanon (95); Lebanon (95)","55",""
"d8ae5366c1fa","2024-09-17","The Israeli security Cabinet officially declared that halting Hezbollah's attacks in northern Israel is now a war goal, as Israel considers a broader military operation in Lebanon. This decision comes amid ongoing near-daily attacks from Hezbollah and follows Israel's retaliatory airstrikes targeting Hezbollah commanders and bases.","Israel has said that halting Hezbollah’s attacks in the country’s north to allow residents to return to their homes is now an official war goal, as it considers a wider military operation in Lebanon that could ignite an all-out conflict.","Israeli security Cabinet THREATEN Hezbollah","CONFLICT","THREATEN","-0.6","Israeli security Cabinet","Israel's security cabinet","Israel (83)","Hezbollah","Hezbollah","Lebanon (95)","","","","northern Israel; Lebanon","","Israel (83); Lebanon (95)","1",""
"9c84f23ce691","2024-09-17","The Israeli government confirmed its involvement in an operation that detonated hundreds of pagers used by Hezbollah in Lebanon. This operation, which took place on September 17, was acknowledged by Prime Minister Benjamin Netanyahu during a cabinet meeting, highlighting internal opposition within Israel's security establishment regarding the action.","The beeper operation and the elimination of (Hezbollah’s leader Hassan) Nasrallah were launched despite the opposition of senior officials in the security establishment and the political echelon in charge of them.","Israeli government ACCUSE Hezbollah","CONFLICT","ACCUSE","-0.8","Israeli government","Israeli government","Israel (83)","Hezbollah","Hezbollah","Lebanon (95)","","","","Lebanon","","Lebanon (95)","1",""
"8ebd98a8599b","2024-09-16","Israeli Defense Minister Yoav Gallant stated that military action against Hezbollah is necessary for the return of tens of thousands of evacuated Israelis to their homes in northern Israel. This statement was made during a meeting with US envoy Amos Hochstein, who has been seeking a diplomatic resolution to the ongoing conflict.","Gallant said, 'The possibility for an agreement is running out as Hezbollah continues to ‘tie itself’ to Hamas, and refuses to end the conflict... Therefore, the only way left to ensure the return of Israel’s northern communities to their homes, will be via military action.'","Yoav Gallant THREATEN Hezbollah","CONFLICT","THREATEN","-0.6","Yoav Gallant","Yoav Gallant","Israel (83)","Hezbollah","Hezbollah","Lebanon (95)","US envoy Amos Hochstein; Evacuated Israelis","U.S. envoy Amos Hochstein; Evacuated Israelis","USA (185); Israel (83)","Immaterial","","Immaterial","1",""
"657c6fb6affb","2024-09-16","Major General Ori Gordin, the chief of Israel's Northern Command, proposed the establishment of an Israeli-controlled buffer zone in southern Lebanon during private meetings. The objective of this proposed maneuver is to push back Hezbollah forces from the border, taking advantage of the decreased civilian presence and recent casualties among Hezbollah fighters.","Gordin argued that current conditions are favorable for the IDF (army) to swiftly implement such a move.","Major General Ori Gordin REQUEST Hezbollah","CONFLICT","REQUEST","-0.2","Major General Ori Gordin","Major General Ori Gordin","Israel (83)","Hezbollah","Hezbollah","Lebanon (95)","","","","southern Lebanon","","Lebanon (95)","1",""
"d714dfaefdbe","2024-09-14","Israeli officials have intensified military threats against Lebanon amid renewed tensions with Hezbollah, following failed ceasefire negotiations for Gaza. Lebanese Foreign Minister Abdullah Bou Habib communicated through intermediaries that Tel Aviv is not interested in a ceasefire in Lebanon, even if a truce in Gaza is achieved.","Lebanese Foreign Minister Abdullah Bou Habib has conveyed through intermediaries that Tel Aviv is not interested in a ceasefire in Lebanon, even if a truce in Gaza is achieved.","Israeli officials THREATEN Lebanon","CONFLICT","THREATEN","-0.6","Israeli officials","Israeli officials","Israel (83)","Lebanon","Lebanon","Lebanon (95)","Hezbollah; Abdullah Bou Habib","Hezbollah; Abdullah Bou Habib","Lebanon (95); Lebanon (95)","Lebanon","","Lebanon (95)","1",""
"f2bbcfc927d9","2024-09-14","Israeli warplanes conducted airstrikes in the Hermel district of northern Lebanon, specifically targeting the vicinity of the town of Kouakh, resulting in injuries to four individuals, including three children. This action is part of a broader military operation ordered by Israeli Prime Minister Benjamin Netanyahu to expand military activities on the northern front with Lebanon.","Three children and another person were injured in an Israeli airstrike Saturday in the Hermel district of northern Lebanon.","Israeli warplanes ASSAULT Lebanese civilians","CONFLICT","ASSAULT","-0.9","Israeli warplanes","Israeli warplanes","Israel (83)","Lebanese civilians","Lebanese civilians","Lebanon (95)","","","","Hermel district, northern Lebanon; Koura","","Lebanon (95); Lebanon (95)","1",""
"91a086aa61d5","2024-09-12","Israeli Prime Minister Benjamin Netanyahu announced the decision to expand a military operation on the northern front with Lebanon during a strategic dialogue session held in Jerusalem. The purpose of this expansion is to address the escalating tensions on the northern front, although no specific date for the operation has been set.","Channel 13 reported that Netanyahu made the statement during a strategic dialogue session on Thursday to discuss the escalation on the northern front, without specifying the parties involved in the session.","Benjamin Netanyahu MOBILIZE Lebanon","CONFLICT","MOBILIZE","-0.6","Benjamin Netanyahu","Benjamin Netanyahu","Israel (83)","Lebanon","Lebanon","Lebanon (95)","","","","Jerusalem; Northern Lebanon","","Israel (83); Lebanon (95)","1",""
"4c806040cacc","2024-09-12","An Israeli airstrike targeted the village of Kfarjouz in southern Lebanon, resulting in the deaths of three individuals, including a child, and injuring three others. The strike occurred amid ongoing cross-border exchanges of fire between Israel and Hezbollah, with the Lebanese Health Ministry reporting that the attack hit two motorcycles and a passing car.","The Lebanese Health Ministry said a child was among three people killed in an Israeli strike in the country's south on Thursday (September 12, 2024), amid ongoing exchanges of fire between Israel and Hezbollah.","Israeli airstrike ASSAULT Civilians in Kfarjouuz","CONFLICT","ASSAULT","-0.9","Israeli airstrike","Israeli airstrike","Israel (83)","Civilians in Kfarjouuz","Civilians in Kfar Jouz","Lebanon (95)","Hezbollah; Lebanese Health Ministry","Hezbollah; Lebanese Health Ministry","Lebanon (95); Lebanon (95)","Kfarjouz","","Lebanon (95)","1",""
"a9b8e6f019dd","2024-09-12","An Israeli airstrike targeted the town of Kfar Jouz in northern Lebanon, resulting in the deaths of at least three individuals, including a child, and injuring three others. This attack was reported by the Lebanese Health Ministry amidst escalating tensions along the border with Israel.","At least three people were killed, and three others injured Thursday in an Israeli airstrike on a town in northern Lebanon, the Health Ministry reported.","Israeli Air Force ASSAULT Civilians in Kfar Jouz","CONFLICT","ASSAULT","-0.9","Israeli Air Force","Israeli Air Force","Israel (83)","Civilians in Kfar Jouz","Civilians in Kfar Jouz","Lebanon (95)","","","","Kfar Jouz; Northern Lebanon","","Lebanon (95); Lebanon (95)","1",""
"b9d253fe8331","2024-09-12","An Israeli airstrike targeted the village of Kfarjoz near Nabatieh, Lebanon, resulting in the deaths of three individuals, including a child, and wounding three others. The strike was part of ongoing hostilities between Israel and Hezbollah, which have been exchanging fire since the Hamas attack on Israel on October 7.","The health ministry said a child was among three people killed in an Israeli strike in the country's south on Thursday, amid ongoing exchanges of fire between Israel and Hezbollah.","Israeli airstrike ASSAULT Civilians in Kfaraya","CONFLICT","ASSAULT","-0.9","Israeli airstrike","Israeli airstrike","Israel (83)","Civilians in Kfaraya","Civilians in Kfaraya","Lebanon (95)","Hezbollah; Hamas","Hezbollah; Hamas","Lebanon (95); Palestine (195)","Kfaraya; Nabatieh","","Lebanon (95); Lebanon (95)","1",""
"8d831c6e9c97","2024-09-11","The Israeli army conducted a series of overnight airstrikes in southern Lebanon, targeting what they claimed were 30 Hezbollah rocket launching sites and military infrastructure. The strikes occurred in the forest areas surrounding the towns of Zibqine, Chaaitiyeh, and Qlaileh amid escalating tensions with the Hezbollah resistance group.","The Israeli army's warplanes carried out a series of overnight strikes across southern Lebanon amid the ongoing escalation of tensions with the Hezbollah resistance group.","Israeli army ASSAULT Hezbollah resistance group","CONFLICT","ASSAULT","-0.9","Israeli army","Israeli military","Israel (83)","Hezbollah resistance group","Hezbollah","Lebanon (95)","","","","southern Lebanon; Zibqine; Chaabat al-Hikmah; Qlaileah","","Lebanon (95); Lebanon (95); Lebanon (95); Lebanon (95)","1",""
"cbdeeccfbfa3","2024-09-11","An Israeli airstrike targeted the border town of Mays al-Jabal in southern Lebanon, resulting in one fatality and one injury, as reported by the Lebanese Health Ministry. The strike specifically aimed at a motorcycle, amidst a series of 17 airstrikes conducted by Israeli warplanes across various Lebanese border towns.","One person was killed and another injured in an Israeli airstrike in southern Lebanon on Wednesday, the Health Ministry said.","Israeli airforce and warplanes ASSAULT civilians in Mays al-Jabal","CONFLICT","ASSAULT","-0.9","Israeli airforce; Israeli warplanes","Israeli Air Force; Israeli warplanes","Israel (83); Israel (83)","Civilians in Mays al-Jabal","Civilians in Mays al-Jabal","Lebanon (95)","","","","Mays al-Jabal; southern Lebanon","","Lebanon (95); Lebanon (95)","1",""
"7c1d3ffa4778","2024-09-09","An Israeli airstrike targeted the town of Hanine in southern Lebanon, resulting in at least four injuries, as reported by the Lebanese Health Ministry. The strikes occurred shortly after midnight, amidst heightened tensions along the Lebanon-Israel border due to ongoing conflicts involving Hezbollah and Israeli forces.","At least four people were wounded early Monday in an Israeli airstrike in southern Lebanon, the Lebanese Health Ministry said. The attack targeted the town of Hanine, the ministry added in a statement.","Israeli airforce ASSAULT Civilians in Hanine","CONFLICT","ASSAULT","-0.9","Israeli airforce","Israeli Air Force","Israel (83)","Civilians in Hanine","Civilians in Hanine","Lebanon (95)","Hezbollah","Hezbollah","Lebanon (95)","Hanine; southern Lebanon; Lebanon-Israel border","","Lebanon (95); Lebanon (95)","1",""
"e5942d008877","2024-09-08","A senior Israeli security official indicated that Israel is preparing for potential military action against Hezbollah in Lebanon, with two possible scenarios: negotiating a ceasefire with Hamas or entering a direct conflict with Hezbollah. The official emphasized that the timing for any action against Hezbollah targets remains undetermined.","A senior Israeli security official told Israel’s Channel 12 on Sunday that 'the campaign in Lebanon is getting closer, although the exact timing has not yet been determined.'","Israel MOBILIZE Hezbollah","CONFLICT","MOBILIZE","-0.6","Israel","Israel","Israel (83)","Hezbollah","Hezbollah","Lebanon (95)","Hamas","Hamas","Palestine (195)","Lebanon","","Lebanon (95)","1",""
"75523193d63e","2024-09-08","Ismail Haniyeh, the leader of Hamas, was killed in an operation allegedly orchestrated by Israel, targeting key leaders of Hamas, Hezbollah, and the Islamic Revolutionary Guard Corps. This action is seen as part of a broader conflict involving Iran, which has threatened retaliation against Israel and U.S. targets in Iraq and Syria.","The leader of Hamas, Ismail Haniyeh’s death was part of a larger hit allegedly orchestrated by the Israelis targeting key leaders of Hamas, the Lebanese Shiite terror organization Hezbollah and even senior leaders of the Islamic Revolutionary Guard Corps.","Israel ASSAULT Ismail Haniyeh, Hamas, Hezbollah, and the Islamic Revolutionary Guard Corps","CONFLICT","ASSAULT","-0.9","Israel","Israel","Israel (83)","Ismail Haniyeh; Hamas; Hezbollah; Islamic Revolutionary Guard Corps","Ismail Haniyeh; Hamas; Hezbollah; Islamic Revolutionary Guard Corps","Palestine (195); Palestine (195); Lebanon (95); Iran (80)","Iran; United States","Iran; United States","Iran (80); USA (185)","Immaterial","","Immaterial","1",""
"926322018cd9","2024-09-07","An Israeli attack in south Lebanon resulted in the deaths of three emergency personnel and injuries to two others, one critically, while they were responding to fires caused by previous Israeli strikes in the village of Froun. The Lebanese health ministry condemned the attack, stating it targeted a team from an official body of the Lebanese state.","Israeli enemy targeting of a Lebanese civil defense team that was putting out fires sparked by the recent Israeli strikes in the village of Froun led to the martyrdom of three emergency responders.","Israeli military ASSAULT Lebanese emergency personnel","CONFLICT","ASSAULT","-0.9","Israeli military","Israeli military","Israel (83)","Lebanese emergency personnel","Lebanese civil defense team emergency personnel","Lebanon (95)","","","","South Lebanon; Froun","","Lebanon (95); Lebanon (95)","5",""
"332b95812ca3","2024-09-07","An Israeli airstrike targeted a Lebanese Civil Defense fire truck in the town of Froun, southern Lebanon, resulting in the deaths of three paramedics and injuries to two others. The airstrike occurred while the civil defense team was extinguishing fires caused by previous Israeli airstrikes.","Three paramedics were killed and two others injured Saturday in an Israeli airstrike targeting a civil defense fire truck in southern Lebanon.","Israeli airstrike ASSAULT Lebanese Civil Defense fire truck and Lebanese paramedics","CONFLICT","ASSAULT","-0.9","Israeli airstrike","Israeli airstrike","Israel (83)","Lebanese Civil Defense fire truck; Lebanese paramedics","Lebanese Civil Defense fire truck; Lebanese paramedics","Lebanon (95); Lebanon (95)","","","","Froun","","Lebanon (95)","1",""
"13f69add65dd","2024-09-06","The Chief of Staff of the Israeli Defense Forces (IDF), Herzi Halevi, announced that the IDF is preparing for an offensive on the Lebanese front, which includes preemptive strikes on Hezbollah fighters and infrastructure. This preparation comes amid escalating tensions on the Israel–Lebanon border, with ongoing attacks between the IDF and Hezbollah.","On September 6, Chief of Staff of the Israeli Defense Forces (IDF) Herzi Halevi said that the IDF, alongside preemptive strikes on Hezbollah fighters and infrastructure, is actively preparing for the offensive on the Lebanese front.","Israeli Defense Forces MOBILIZE Hezbollah fighters","CONFLICT","MOBILIZE","-0.6","Israeli Defense Forces","Israeli military","Israel (83)","Hezbollah fighters","Hezbollah","Lebanon (95)","","","","Lebanese front; Israel-Lebanon border","","Lebanon (95)","1",""
"d2083372946c","2024-09-06","Israeli forces conducted an attack in Faroun, Lebanon, targeting a team from the Lebanese Civil Defence that was extinguishing fires caused by previous Israeli airstrikes. The attack resulted in the deaths of three paramedics and injuries to two others, one critically.","Three Lebanese paramedics have been killed and two others wounded, one critically, in an Israeli attack while they were extinguishing fires in the southern town of Faroun, Lebanon’s health ministry says.","Israeli forces ASSAULT Lebanese Civil Defence paramedics in Faraya, Lebanon","CONFLICT","ASSAULT","-0.9","Israeli forces","Israeli military","Israel (83)","Lebanese Civil Defence; Paramedics","Lebanese Civil Defence; Paramedics","Lebanon (95); Lebanon (95)","","","","Faraya","","Lebanon (95)","2",""
"6e9de7cd9e84","2024-09-04","The Israeli army conducted artillery shelling and airstrikes in southern Lebanon, specifically targeting the village of Qabrikha and launching seven airstrikes on six towns and villages. This resulted in the death of a Lebanese woman and injuries to five civilians, including a 12-year-old child, as reported by the Lebanese Ministry of Public Health.","The Israeli army launched artillery shelling on the village of Qabrikha, killing a woman and injuring two other people, including a 12-year-old child, the Ministry’s Public Health Emergency Operations Centre said on Wednesday in a statement.","Israeli army ASSAULT Lebanese civilians","CONFLICT","ASSAULT","-0.9","Israeli army","Israeli military","Israel (83)","Lebanese civilians","Lebanese civilians","Lebanon (95)","","","","Qabrikha; Southern Lebanon; Lebanon","","Lebanon (95); Lebanon (95); Lebanon (95)","2",""
"3fa1b87253b7","2024-09-03","Three individuals, including a local contractor for the UN peacekeeping mission UNIFIL, were injured by Israeli army fire in southern Lebanon. The injuries occurred during an Israeli airstrike in the border town of Markaba and from gunfire by an Israeli sniper in Khiyam as the contractor was en route to work.","BEIRUT Three people, including a local contractor with the UN peacekeeping mission UNIFIL, were injured on Tuesday by Israeli army fire in southern Lebanon, according to local authorities.","Israeli army ASSAULT local contractor for UNIFIL and two other individuals","CONFLICT","ASSAULT","-0.9","Israeli army","Israeli military","Israel (83)","Local contractor for UNIFIL; Two other individuals","Local contractor for UNIFIL; Two individuals","Lebanon (95); Lebanon (95)","UN peacekeeping mission UNIFIL","United Nations peacekeeping force","United Nations","southern Lebanon; Markaka; Khiam","","Lebanon (95); Lebanon (95); Lebanon (95)","1",""
"e5eb1fd2874c","2024-09-03","An Israeli fighter jet conducted an airstrike in the town of Khiyam, southern Lebanon, injuring two individuals, as part of an exchange of cross-border attacks with the Lebanese group Hezbollah. This incident is part of escalating tensions along the border, with Hezbollah launching five rockets towards the Israeli settlement of Kiryat Shmona, causing damage to buildings.","An Israeli fighter jet carried out an airstrike in the town of Khiyam in southern Lebanon, injuring two people, the Lebanese Health Ministry said.","Israeli fighter jet ASSAULT Lebanese civilians in Khiyam","CONFLICT","ASSAULT","-0.9","Israeli fighter jet","Israeli fighter jets","Israel (83)","Lebanese civilians in Khiyam","Lebanese civilians in Khiyam","Lebanon (95)","Hezbollah","Hezbollah","Lebanon (95)","Kiryam Shmona; Khiyam","","Israel (83); Lebanon (95)","1",""
"74accdb677b7","2024-09-01","An Israeli airstrike targeted the town of Beit Lif in southern Lebanon, resulting in the death of one person and injuries to two others, including a woman with serious wounds. This incident occurred amid rising tensions along the Lebanon-Israel border due to ongoing cross-border attacks.","One person was killed and two others were injured in an Israeli airstrike in southern Lebanon Sunday evening, the Health Ministry said.","Israeli airstrike ASSAULT Civilians in Beit Lif","CONFLICT","ASSAULT","-0.9","Israeli airstrike","Israeli airstrike","Israel (83)","Civilians in Beit Lif","Civilians in Beit Lif","Lebanon (95)","","","","Beit Lif; southern Lebanon; Lebanon-Israel border","","Lebanon (95); Lebanon (95)","1",""
"be64fef08c98","2024-09-01","An Israeli airstrike targeted a vehicle in Naqura, south Lebanon, resulting in the deaths of two individuals, one of whom was an employee of a cleaning company contracted by the United Nations Interim Force in Lebanon (UNIFIL). The strike occurred amid ongoing tensions and violence between Hezbollah and Israel.","The Israeli enemy’s strike targeting a car in Naqura left two dead,” the health ministry said.","Israeli airstrike ASSAULT vehicle occupants in Naqoura and a UNIFIL cleaning company employee","CONFLICT","ASSAULT","-0.9","Israeli airstrike","Israeli airstrike","Israel (83)","Vehicle occupants in Naqoura; UNIFIL cleaning company employee","Vehicle occupants in Naqoura; UN-contracted cleaning company employee","Lebanon (95); Lebanon (95)","Hezbollah","Hezbollah","Lebanon (95)","Naqoura","","Lebanon (95)","2",""
"d4a0a9e29ff1","2024-09-01","Over 1.5 million people have been displaced from their homes in Lebanon due to Israel's military escalation, with more than 510,000 fleeing to Syria. Among these, at least 26 Syrian returnees have been arrested by the Assad regime while attempting to return, highlighting the ongoing dangers faced by those displaced.","Since Israel’s September escalation in Lebanon, over 1.5 million people have been displaced from their homes. Among them, over 510,000 people have fled to Syria, with approximately 71 percent of them being Syrian nationals who had sought refuge in Lebanon in the years following Syrian President Bashar al-Assad’s brutal crackdown on the 2011 Syrian uprisings.","Israel ASSAULT Lebanese and Syrian civilians","CONFLICT","ASSAULT","-0.9","Israel","Israel","Israel (83)","Lebanese civilians; Syrian civilians","Lebanese civilians; Syrian civilians","Lebanon (95); Syria (169)","Syria; Assad regime","Syria; Assad regime","Syria (169); Syria (169)","Lebanon; Syria","","Lebanon (95); Syria (169)","1",""
"0b37a052e7a9","2024-08-28","An Israeli drone strike targeted a car at a Syrian checkpoint near the border with Lebanon, resulting in the deaths of three Palestinian fighters and one member of the Lebanese armed group Hezbollah. The strike occurred on the road between Damascus, Syria, and Beirut, Lebanon, and was reported to have not involved any weapons transport.","An Israeli drone strike on a car crossing through a Syrian checkpoint near the border with Lebanon on Wednesday killed three Palestinian fighters and one member of Lebanese armed group Hezbollah, two security sources told Reuters.","Israeli drone strike ASSAULT Palestinian workers and a Lebanese Hezbollah member","CONFLICT","ASSAULT","-0.9","Israeli drone strike","Israeli drone strike","Israel (83)","Palestinian workers; Lebanese Hezbollah member","Palestinian workers; Hezbollah","Palestine (195); Lebanon (95)","","","","Syrian checkpoint near the border with Lebanon; Road between Damascus, Syria, and Beirut, Lebanon","","Syria (169)","2",""
"28ed520a7ac9","2024-08-27","An Israeli airstrike targeted a pickup truck in northeast Lebanon, near Chaat, reportedly hitting military equipment. The driver survived the strike.","An Israeli air strike hit a pickup truck traveling in northeast Lebanon late on Tuesday, two security sources told Reuters, with one of the sources saying it carried military equipment.","Israeli Air Force ASSAULT Pickup Truck Driver and Lebanese Military Equipment","CONFLICT","ASSAULT","-0.9","Israeli Air Force","Israeli Air Force","Israel (83)","Pickup Truck Driver; Lebanese Military Equipment","Pickup Truck Driver; Lebanese Military Equipment","Lebanon (95); Lebanon (95)","","","","Northeast Lebanon; Chaat","","Lebanon (95); Lebanon (95)","1",""
"2f40d29ca802","2024-08-25","Tor Wennesland met with Palestinian Prime Minister Mohamed Mustafa following significant military exchanges between the Israeli military and Hezbollah in southern Lebanon. The meeting aimed to address the escalating tensions and the risks posed to regional security and stability.","Posting on X, Tor Wennesland said he had met Palestinian Prime Minister Mohamed Mustafa following 'intense exchanges' between the Israeli military – which said it had carried out large-scale pre-emptive strikes – and the militant group Hezbollah based in southern Lebanon which said it had carried out an attack which has now been 'completed and accomplished.'","Tor Wennesland and Mohamed Mustafa CONSULTED the Israeli military and Hezbollah","COOPERATION","CONSULT","0.2","Tor Wennesland; Mohamed Mustafa","Tor Wennesland; Mohammad Mustafa","Israel (83); Palestine (195)","Israeli military; Hezbollah","Israeli military; Hezbollah","Israel (83); Lebanon (95)","","","","southern Lebanon","","Lebanon (95)","1",""
"0e482e328918","2024-08-25","Israeli Prime Minister Benjamin Netanyahu issued a statement affirming Israel's commitment to self-defense following an Israeli air strike in the southern Lebanese town of Khiam, which resulted in one death and two injuries. The air strike was a response to the killing of a senior commander, and it prompted heightened security measures in northern Israel, including the closure of Ben-Gurion International Airport.","We are determined to do everything possible to defend our country, to return the residents of the north safely to their homes and to continue to uphold a simple rule: Whoever harms us – we harm him.","Benjamin Netanyahu AGREE Lebanon","COOPERATION","AGREE","0.5","Benjamin Netanyahu","Benjamin Netanyahu","Israel (83)","Lebanon","Lebanon","Lebanon (95)","","","","Khiam; Ben-Gurion International Airport; Northern Israel","","Lebanon (95); Israel (83); Israel (83)","1",""
"c95b400dae3a","2024-08-25","Israeli forces and Hezbollah exchanged heavy fire across the Lebanese border, resulting in the deaths of four combatants. This incident marks one of the largest clashes between the two sides in the past ten months.","Israel and Hezbollah exchanged heavy fire across the Lebanese border Sunday, killing four combatants before they stopped one of their biggest clashes of the past 10 months.","Israeli forces and Hezbollah ASSAULT Lebanese combatants","CONFLICT","ASSAULT","-0.9","Israeli forces; Hezbollah","Israeli military; Hezbollah","Israel (83); Lebanon (95)","Lebanese combatants","Lebanese combatants","Lebanon (95)","","","","Lebanese border","","Lebanon (95)","1",""
"151a5ad9fae4","2024-08-25","The Israeli Air Force conducted air strikes in Lebanon, targeting Hezbollah positions and claiming to have destroyed thousands of rocket launchers. This operation involved around 100 fighter jets striking over 270 targets, primarily aimed at short-range rockets directed at northern Israel. The strikes were a response to a significant exchange of fire with Hezbollah, marking a notable escalation in the ongoing conflict.","The Israeli military said around 100 of its fighter jets had struck more than 270 targets, '90 percent' of which 'were short-range rockets aimed at northern Israel.'","Israeli Air Force ASSAULT Hezbollah","CONFLICT","ASSAULT","-0.9","Israeli Air Force","Israeli Air Force","Israel (83)","Hezbollah","Hezbollah","Lebanon (95)","","","","Lebanon; Northern Israel","","Lebanon (95); Israel (83)","55",""
"a8e36e546776","2024-08-23","Israeli airstrikes targeted four towns in southern Lebanon, resulting in the deaths of at least seven people, including a child. The strikes included a drone attack on Ayta al-Jabal, which killed two individuals, and additional airstrikes on Tayr Harfa, Meis al-Jabal, and Aytaroun, leading to further casualties.","At least seven people, including a child, were killed on Friday in Israeli airstrikes targeting four towns in southern Lebanon, according to an official source.","Israeli military ASSAULT Lebanese civilians","CONFLICT","ASSAULT","-0.9","Israeli military","Israeli military","Israel (83)","Lebanese civilians","Lebanese civilians","Lebanon (95)","","","","Ayta al-Jabal; Tayr Harfa; Meis al-Jabal; Aytaroun","","Lebanon (95); Lebanon (95); Lebanon (95); Lebanon (95)","1",""
"8329a48417ed","2024-08-22","The Health Ministry of Lebanon reported that at least 564 people have been killed and 1,848 injured due to Israeli attacks in Lebanon since October 8, 2023. Additionally, nearly 110,099 people have been displaced from their areas as a result of the bombardment.","At least 564 people have been killed and 1,848 others injured in Israeli attacks in Lebanon since Oct. 8, the Health Ministry said on Thursday.","Israel ASSAULT Lebanese civilians","CONFLICT","ASSAULT","-0.9","Israel","Israel","Israel (83)","Lebanese civilians","Lebanese civilians","Lebanon (95)","","","","Lebanon","","Lebanon (95)","1",""
"876e536b2050","2024-08-21","The Israeli military conducted a strike in Lebanon that resulted in the death of Khalil Maqdah, a senior commander from Fatah’s armed wing, near the city of Sidon. This action was part of an operation targeting individuals accused of directing attacks and smuggling weapons into the West Bank.","ISRAEL HAS KILLED a senior commander from Fatah’s armed wing in a strike in Lebanon, leading to accusations from the Palestinian party that Israel is trying to 'ignite a regional war'.","Israeli military ASSAULT Khalil Maqdah and other individuals accused of directing attacks and smuggling weapons into the West Bank","CONFLICT","ASSAULT","-0.9","Israeli military","Israeli military","Israel (83)","Khalil Maqdah; Individuals accused of directing attacks and smuggling weapons into the West Bank","Khalil Maqdah; Individuals accused of directing attacks and smuggling weapons into the West Bank","Lebanon (95)","Fatah","Fatah","Palestine (195)","Sidon; Lebanon","","Lebanon (95); Lebanon (95)","2",""
"777d92452de1","2024-08-21","Israeli military forces conducted airstrikes in the Bekaa Valley region of eastern Lebanon, resulting in the death of one individual and injuries to 20 others, including eight children and a pregnant woman. The strikes occurred following previous raids targeting Hezbollah positions and were part of escalating tensions after the killing of a Hezbollah commander.","Israeli enemy strikes on the Bekaa valley killed one person 'and wounded 20 others', the health ministry said in an updated toll.","Israeli military forces ASSAULT Hezbollah and civilians in Bekaahta","CONFLICT","ASSAULT","-0.9","Israeli military forces","Israeli military","Israel (83)","Hezbollah; Civilians in Bekaahta","Hezbollah; Civilians in the Bekaaqli region","Lebanon (95); Lebanon (95)","","","","Bekaahta region","","Lebanon (95)","13",""
"c0c0da5cd0e0","2024-08-21","An Israeli drone strike in Sidon, Lebanon, killed Khalil Makdah, a Fatah official. This incident marks the first reported attack on Fatah in over 10 months amidst ongoing cross-border clashes between Israel and Hezbollah.","The Israeli strike in Sidon killed (Fatah) group official Khalil Makdah,” said Fathi Abu Al Aradat, a senior member of the group that rivals Gaza’s Palestinian Islamist rulers Hamas.","Israeli drone strike ASSAULT Khalil Makhdah","CONFLICT","ASSAULT","-0.9","Israeli drone strike","Israeli drone strike","Israel (83)","Khalil Makhdah","Khalil Maqdah","Lebanon (95)","Fatah; Hezbollah","Fatah; Hezbollah","Palestine (195); Lebanon (95)","Sidon","","Lebanon (95)","1",""
"ff41906a61cd","2024-08-20","Israel conducted an airstrike in southern Beirut, Lebanon, targeting and killing Fuad Shukr, a senior commander of Hezbollah. This action is part of Israel's broader strategy against Hamas and Hezbollah leaders following the October 7 attack, amidst ongoing ceasefire negotiations in Gaza.","Days earlier, Israel took responsibility for an airstrike in southern Beirut that killed Fuad Shukr, a senior commander of Hezbollah.","Israel ASSAULT Fuad Shoulah","CONFLICT","ASSAULT","-0.9","Israel","Israel","Israel (83)","Fuad Shoulh","Fuad Shoulh","Lebanon (95)","Hamas; Hezbollah","Hamas; Hezbollah","Palestine (195); Lebanon (95)","southern Beirut","","Lebanon (95)","1",""
"6ccd50bef168","2024-08-19","An Israeli airstrike targeted a car in the town of Deir Qanoun El Ain in the Tyre district of southern Lebanon, resulting in at least one fatality and several injuries. This attack occurred amidst escalating tensions following a Hezbollah drone attack that killed one Israeli soldier earlier the same day.","At least one person was killed in an Israeli airstrike in southern Lebanon Monday evening, the Health Ministry said.","Israeli airstrike ASSAULT Civilians in Deir Qanoun El Ain","CONFLICT","ASSAULT","-0.9","Israeli airstrike","Israeli airstrike","Israel (83)","Civilians in Deir Qanoun El Ain","Civilians in Deir Qanoun El Ain","Lebanon (95)","Hezbollah","Hezbollah","Lebanon (95)","Deir Qanoun El Ain, Tyre district, southern Lebanon","","Lebanon (95)","1",""
"b13dcefa0132","2024-08-17","The Israel Defence Forces conducted a strike on a Hezbollah weapons storage facility in the city of Nabatieh, Lebanon, resulting in the deaths of 10 individuals, including a Syrian woman and her two children, according to local officials. This incident marks the highest death toll in a single attack in Lebanon since the escalation of hostilities following the October 7 Hamas-led attacks on southern Israel.","The Israel Defence Forces, in a statement, said it had struck a Hezbollah weapons storage facility in the Lebanese city of Nabatieh overnight.","Israel Defense Forces ASSAULT Hezbollah and a Syrian woman and her two children","CONFLICT","ASSAULT","-0.9","Israel Defense Forces","Israeli military","Israel (83)","Hezbollah; Syrian woman and her two children","Hezbollah; Syrian woman and her two children","Lebanon (95); Syria (169)","","","","Nabatieh","","Lebanon (95)","23",""
"7501c341489c","2024-08-17","An Israeli airstrike targeted a residential building in Nabatieh, Lebanon, resulting in the deaths of around 10 individuals, including two children, and injuring five others. This strike is noted as one of the deadliest incidents in southern Lebanon amid ongoing exchanges of fire between Hezbollah and Israeli forces.","Around 10 people were killed, including two children, and five were wounded by an Israeli strike on a residential building in the city of Nabatieh city in south Lebanon, state news agency NNA said on Saturday.","Israeli airstrike ASSAULT Residents of a housing in Nabatieh","CONFLICT","ASSAULT","-0.9","Israeli airstrike","Israeli airstrike","Israel (83)","Residents of a housing in Nabatieh","Residents of a housing in Nabatieh","Lebanon (95)","Hezbollah; Israeli forces","Hezbollah; Israeli military","Lebanon (95); Israel (83)","Nabatieh","","Lebanon (95)","1",""
"3ef7cd2dc889","2024-08-17","An Israeli military strike in southern Lebanon resulted in the deaths of 10 individuals and injuries to five others, with two in critical condition. This action was reported by the Lebanese Ministry of Health.","An Israeli strike on the South of Lebanon killed 10 people Saturday. The Lebanese Ministry of Health said that the strike also led to the injury of five people, two of which are in critical condition.","Israeli military ASSAULT Lebanese civilians","CONFLICT","ASSAULT","-0.9","Israeli military","Israeli military","Israel (83)","Lebanese civilians","Lebanese civilians","Lebanon (95)","","","","southern Lebanon","","Lebanon (95)","1",""
"f397b7f109fc","2024-08-13","An Israeli drone strike targeted a vehicle in the border town of Baraachit, southern Lebanon, resulting in the deaths of two individuals. The Health Ministry reported the incident, which occurred shortly after Hezbollah claimed responsibility for multiple attacks on Israeli military sites, raising tensions between the two parties amid ongoing hostilities.","Two people were killed in an Israeli drone strike on a vehicle in southern Lebanon on Tuesday, the Health Ministry said.","Israeli drone strike ASSAULT vehicle in Baraachit and two individuals","CONFLICT","ASSAULT","-0.9","Israeli drone strike","Israeli drone strike","Israel (83)","Vehicle in Baraachit; Two individuals","Vehicle in Baraachit; Two individuals","Lebanon (95); Lebanon (95)","Hezbollah; Israeli military; Health Ministry","Hezbollah; Israeli military; Health Ministry","Lebanon (95); Israel (83); Lebanon (95)","Border town of Baraachit; Southern Lebanon","","Lebanon (95); Lebanon (95)","1",""
"23e436c27032","2024-08-12","The Israel Defense Forces (IDF) are on peak alert for a potential attack from Iran or Hezbollah, as indicated by IDF Spokesman Rear Adm. Daniel Hagari. This heightened state of readiness follows warnings from the White House and senior Israeli officials regarding imminent threats, particularly in light of recent Iranian military movements and public statements.","In a familiar refrain of the past several days, Israel Defense Forces (IDF) Spokesman Rear Adm. Daniel Hagari said Monday the military is on 'peak alert' for an attack from Iran or Hezbollah.","Israel Defense Forces MOBILIZE Iran and Hezbollah","CONFLICT","MOBILIZE","-0.6","Israel Defense Forces","Israeli military","Israel (83)","Iran; Hezbollah","Iran; Hezbollah","Iran (80); Lebanon (95)","United States","United States","USA (185)","Israel","","Israel (83)","1",""
"693b39fd653f","2024-08-11","A former Israel Defense Force (IDF) general, Major-General (retired) Israel Ziv, stated that the likelihood of a regional war involving Israel, Hezbollah, and Iran is very high. This statement follows a series of escalatory events, including a missile strike that killed 12 individuals in the Golan Heights and the assassination of Hamas leader Ismail Haniyeh in Tehran, which has prompted Iranian threats of retaliation against Israel.","""We are on the escalation line at the point where it is really very close to a regional war,"" Major-General (retired) Israel Ziv told local Israeli media, according to a report in The Jerusalem Post.","Major-General (retired) Israel Ziv ACCUSE Israel, Hezbollah, and Iran","CONFLICT","ACCUSE","-0.3","Major-General (retired) Israel Ziv","Major-General (retired) Israel Ziv","Israel (83)","Israel; Hezbollah; Iran","Israel; Hezbollah; Iran","Israel (83); Lebanon (95); Iran (80)","Hamas","Hamas","Palestine (195)","Golan Heights; Tehran","","Israel (83); Iran (80)","1",""
"da65ffa7f68f","2024-08-10","An Israeli airstrike targeted the town of Majdal Selm in southern Lebanon, resulting in injuries to a civilian and a medic from the Islamic Scout Association. This airstrike is part of a broader escalation of hostilities between Israel and Hezbollah, which has included retaliatory actions by Hezbollah against Israeli military positions.","""An Israeli airstrike on the town of Majdal Selm resulted in a civilian sustaining minor injuries, as well as a medic from the Islamic Scout Association being injured while performing his humanitarian duties,"" the Health Ministry said in a statement.","Israeli Air Force ASSAULT Civilians in Majdal Selm and an Islamic Scout Association medic","CONFLICT","ASSAULT","-0.9","Israeli Air Force","Israeli Air Force","Israel (83)","Civilians in Majdal Selm; Islamic Scout Association medic","Civilians in Majdal Selm; Islamic Scout Association medic","Lebanon (95); Lebanon (95)","Hezbollah","Hezbollah","Lebanon (95)","Majdal Selm","","Lebanon (95)","1",""
"ae9087eb099f","2024-08-10","The Israeli army intensified its military operations against border villages in southern Lebanon, resulting in the destruction of several neighborhoods. The Lebanese Ministry of Foreign Affairs condemned these actions, citing violations of international law and humanitarian standards, particularly in relation to the attacks on civilians in Gaza.","The Lebanese Ministry of Foreign Affairs condemned Israel’s 'disregard for international law and humanitarian standards' in a statement on Saturday.","Israeli army ASSAULT Lebanese civilians in southern Lebanon","CONFLICT","ASSAULT","-0.9","Israeli army","Israeli military","Israel (83)","Lebanese civilians in southern Lebanon","Civilians in Lebanon","Lebanon (95)","Lebanese Ministry of Foreign Affairs","Lebanese Foreign Minister","Lebanon (95)","southern Lebanon; border villages in southern Lebanon; Gaza","","Lebanon (95); Lebanon (95); Palestine (195)","1",""
"6f881e2fa2d8","2024-08-09","Israeli attacks in southern Lebanon resulted in the deaths of two Hezbollah members and two Hamas members, including Samer Al-Hajj, the security official for Hamas in the Ain Al-Hilweh Palestinian refugee camp. The attacks occurred in Sidon and Naquora, marking a significant escalation in hostilities in the region.","Fears of a major escalation in southern Lebanon grew on Friday as separate Israeli attacks killed two Hezbollah and two Hamas members.","Israeli military ASSAULT Hezbollah and Hamas","CONFLICT","ASSAULT","-0.9","Israeli military","Israeli military","Israel (83)","Hezbollah; Hamas","Hezbollah; Hamas","Lebanon (95); Palestine (195)","","","","Sidon; Naqoura; southern Lebanon; Ain al-Hilweh Palestinian refugee camp","","Lebanon (95); Lebanon (95); Lebanon (95); Lebanon (95)","1",""
"59599b83b02e","2024-08-09","The Israeli Air Force conducted an airstrike targeting the outskirts of the southern Lebanese village of Kfar Hamam. This action occurred amid ongoing cross-border clashes between Israeli troops and Hezbollah.","Smoke billows from the site of an Israeli airstrike that targeted the outskirts of the southern Lebanese village of Kfar Hamam on August 9, 2024, amid ongoing cross-border clashes between Israeli troops and Hezbollah.","Israeli Air Force ASSAULT Hezbollah","CONFLICT","ASSAULT","-0.9","Israeli Air Force","Israeli Air Force","Israel (83)","Hezbollah","Hezbollah","Lebanon (95)","","","","Kfar Hamam; Southern Lebanon","","Lebanon (95); Lebanon (95)","1",""
"1c8657f7d1eb","2024-08-09","An Israeli drone strike targeted the town of Naqoura in southern Lebanon, resulting in the deaths of at least two individuals, as reported by the Lebanese Health Ministry. This attack is part of escalating tensions between Israel and Hezbollah amid ongoing cross-border hostilities.","In a statement, the Lebanese Health Ministry said that 'two people were martyred by an Israeli drone strike on the town of Naqoura.'","Israeli drone strike ASSAULT Civilians in Naqoura","CONFLICT","ASSAULT","-0.9","Israeli drone strike","Israeli drone strike","Israel (83)","Civilians in Naqoura","Civilians in Nabatiyah","Lebanon (95)","Lebanese Health Ministry; Hezbollah","Lebanese Health Ministry; Hezbollah","Lebanon (95); Lebanon (95)","Naqoura; southern Lebanon","","Lebanon (95); Lebanon (95)","1",""
"c15e1db677bd","2024-08-08","Israel has reportedly threatened a 'disproportionate' response to a potential independent strike by the Lebanon-based militia Hezbollah, which may occur in the coming days. This threat follows the killing of Hezbollah’s top military commander Fu’ad Shukr in a strike on Beirut, and comes amid escalating tensions between Israel, Hezbollah, and Iran.","The Jewish state has reportedly threatened a “disproportionate” response to a potential attack by the Lebanon-based militia Hezbollah may carry out an independent strike on Israel before Iran does, CNN has reported, citing sources familiar with the matter.","Israel THREATEN Hezbollah","CONFLICT","THREATEN","-0.6","Israel","Israel","Israel (83)","Hezbollah","Hezbollah","Lebanon (95)","Iran","Iran","Iran (80)","Israel; Lebanon; Beirut","","Israel (83); Lebanon (95); Lebanon (95)","1",""
"8efa1fa0ff63","2024-08-08","An Israeli drone strike in the border town of Yaroun, southern Lebanon, injured three people amid escalating tensions with Hezbollah. This incident is part of a broader context of increased hostilities between Israel and Hezbollah, which have included cross-border exchanges of fire.","Three people were injured in an Israeli drone strike in southern Lebanon on Thursday amid escalating tensions with Hezbollah, the Health Ministry said.","Israel ASSAULT Hezbollah","CONFLICT","ASSAULT","-0.9","Israel","Israel","Israel (83)","Hezbollah","Hezbollah","Lebanon (95)","","","","Yaroun; Southern Lebanon","","Lebanon (95); Lebanon (95)","1",""
"bffd7c33e1ef","2024-08-07","Israeli airstrikes in southern Lebanon resulted in the deaths of two individuals and injuries to eight others. The first strike, conducted by an Israeli drone, targeted a motorbike in the town of Jouaiyya, killing two and injuring six. A second strike hit the border town of Aitaroun, injuring two more individuals.","Two people were killed and eight others injured in two Israeli airstrikes in southern Lebanon on Wednesday, the Health Ministry said.","Israeli military ASSAULT Civilians in southern Lebanon","CONFLICT","ASSAULT","-0.9","Israeli military","Israeli military","Israel (83)","Civilians in southern Lebanon","Civilians in Lebanon","Lebanon (95)","","","","southern Lebanon; Jouaiyya; Aitaroun","","Lebanon (95); Lebanon (95); Lebanon (95)","2",""
"6af82d2e5a6f","2024-08-06","An Israeli airstrike targeted a village in southern Lebanon, resulting in the deaths of four individuals, according to the country's Health Ministry. This airstrike is part of ongoing hostilities between Israel and Hezbollah.","An Israeli airstrike on a village in Lebanon’s south killed four people, the country’s Health Ministry said Tuesday.","Israeli Air Force ASSAULTED a village in southern Lebanon and four individuals.","CONFLICT","ASSAULT","-0.9","Israeli Air Force","Israeli Air Force","Israel (83)","Village in southern Lebanon; Four individuals","Residents of southern Lebanon; Four individuals","Lebanon (95); Lebanon (95)","Hezbollah","Hezbollah","Lebanon (95)","Southern Lebanon","","Lebanon (95)","1",""
"e63684dd4aad","2024-08-06","An Israeli airstrike targeted a house in the town of Mayfadun, Lebanon, resulting in the deaths of four individuals identified as Hezbollah fighters. This incident highlights the ongoing conflict in the region amid rising tensions.","Following the Israeli enemy raid on a house in the town of Mayfadun... four people were killed.","Israeli airstrike ASSAULT Hezbollah fighters","CONFLICT","ASSAULT","-0.9","Israeli airstrike","Israeli airstrike","Israel (83)","Hezbollah fighters","Hezbollah","Lebanon (95)","","","","Mayfadun","","Lebanon (95)","1",""
"cdc418f7787e","2024-08-06","Benny Gantz, Chairman of the National Unity Party, called for an escalation in military pressure on Lebanon during a conference in Tel Aviv. This call for action was in response to recent terrorist attacks and rising tensions along Israel's northern border, with an emphasis on targeting Lebanese infrastructure to restore normalcy in northern Israel.","Gantz delivered his remarks at a tribute conference for the in Tel Aviv. 'We are stronger than our enemies. Israel has security superiority and strong regional alliances that will withstand any attack. But our use of force must not be wasted,' Gantz stated, emphasizing the need for decisive action to restore normalcy in northern Israel.","Benny Gantz REQUEST Lebanon","CONFLICT","REQUEST","-0.3","Benny Gantz","Benny Gantz","Israel (83)","Lebanon","Lebanon","Lebanon (95)","","","","Tel Aviv; Lebanon","","Israel (83); Lebanon (95)","1",""
"5bc4c7ef9c09","2024-08-05","On August 5, 2024, Israel conducted military attacks targeting multiple countries in the Middle East, including Lebanon, Iran, Iraq, Syria, and Yemen. The operations included the targeting of Hezbollah commander Fuad Shukur in Lebanon and the killing of Hamas Political Bureau Chief Ismail Haniyeh in Tehran, as well as the announcement of the death of Hamas military chief Mohammed Deif.","To trigger a full-scale regional war, it attacked the capitals of five countries in the Middle East on the same day. In Lebanon, it targeted Hezbollah commander Fuad Shukur. In Tehran, it martyred Hamas Political Bureau Chief Ismail Haniyeh. On the same day, it carried out similar attacks in Iraq, Syria and Yemen, announcing the death of Hamas military chief Mohammed Deif.","Israel ASSAULT Hezbollah and Hamas","CONFLICT","ASSAULT","-0.9","Israel","Israel","Israel (83)","Hezbollah; Hamas","Hezbollah; Hamas","Lebanon (95); Palestine (195)","Fadi Shammour; Ismail Haniyeh; Mohammed Deif","Fadi Shammour; Ismail Haniyeh; Mohammed Deif","Lebanon (95); Palestine (195); Palestine (195)","Israel; Lebanon; Iran; Iraq; Syria; Yemen","","Israel (83); Lebanon (95); Iran (80); Iraq (81); Syria (169); Yemen (191)","1",""
"0fa88a53786f","2024-08-05","An Israeli airstrike in the southern region of Lebanon, specifically near the cemetery in the town of Mais Al-Jabal, resulted in the deaths of two individuals. This incident occurred amidst ongoing cross-border violence and heightened tensions following the killing of Hamas's political leader and Hezbollah's military chief.","The enemy raid that took place near the (Mais Al-Jabal) town's cemetery killed two people.","Israeli military ASSAULT Civilians in southern Lebanon near the cemetery in Mais Al-Jabal","CONFLICT","ASSAULT","-0.9","Israeli military","Israeli military","Israel (83)","Civilians in southern Lebanon near the cemetery in Mais Al-Jibal","Civilians in southern Lebanon near the cemetery in Mais Al-Jibal","Lebanon (95)","Hamas; Hezbollah","Hamas; Hezbollah","Palestine (195); Lebanon (95)","southern Lebanon; Cemetery in the town of Mais Al-Jabal","","Lebanon (95); Lebanon (95)","1",""
"4dca36428fc1","2024-08-04","Israeli Prime Minister Benjamin Netanyahu announced that Israel is engaged in a multifront war against Iran and its allies, including Hezbollah in Lebanon and the Houthis in Yemen. This declaration follows a series of escalated conflicts, including the recent deaths of key Hamas and Hezbollah leaders, and Israel's military actions in the region.","Israeli Prime Minister Benjamin Netanyahu said 'Israel is in a multifront war against Iran’s axis of evil. We are striking every one of its arms with great force. We are prepared for any scenario – both offensively and defensively.'","Israel ASSAULT Iran, Hezbollah, and the Houthis","CONFLICT","ASSAULT","-0.9","Israel","Israel","Israel (83)","Iran; Hezbollah; Houthis","Iran; Hezbollah; Houthis","Iran (80); Lebanon (95); Yemen (191)","","","","Israel; Lebanon; Yemen","","Israel (83); Lebanon (95); Yemen (191)","1",""
"506d5b69fbbe","2024-08-04","An Israeli airstrike in southern Lebanon resulted in the deaths of two individuals, including a paramedic affiliated with the Risala Scouts and a Hezbollah fighter. The strike occurred near the cemetery in the town of Mais al-Jabal, amidst ongoing hostilities between Hezbollah and Israel following the escalation of the Gaza conflict.","Lebanon’s Health Ministry said two people were killed yesterday in an Israeli strike on the country’s south, with Hezbollah announcing one of its fighters died and local rescuers mourning a paramedic.","Israeli military ASSAULTED a paramedic affiliated with the Risala Scouts and a Hezbollah fighter in southern Lebanon.","CONFLICT","ASSAULT","-0.9","Israeli military","Israeli military","Israel (83)","Paramedic affiliated with the Risala Scouts; Hezbollah fighter","Paramedic affiliated with the Risala Scouts; Hezbollah","Lebanon (95); Lebanon (95)","","","","southern Lebanon; Mais al-Jabal","","Lebanon (95); Lebanon (95)","2",""
"1b1ad244160e","2024-08-03","An Israeli airstrike targeted the town center of Deir Siriane in the Marjaayoun district of southern Lebanon, resulting in the death of a 17-year-old boy and injuries to six other civilians. This attack is part of escalating tensions between Israel and Hezbollah amid ongoing cross-border exchanges.","A teenager was killed and six others were injured in an Israeli airstrike in southern Lebanon, the country’s Health Ministry said on Saturday.","Israeli airstrike ASSAULT Lebanese civilians","CONFLICT","ASSAULT","-0.9","Israeli airstrike","Israeli airstrike","Israel (83)","Lebanese civilians","Lebanese civilians","Lebanon (95)","Hezbollah","Hezbollah","Lebanon (95)","Deir Sirbane; Marjeyoun district","","Lebanon (95); Lebanon (95)","2",""
"f693747e5e89","2024-08-03","The Israeli military conducted airstrikes against Hezbollah targets deep inside Lebanese territory following a rocket attack attributed to Hezbollah that killed 12 children in the Israeli-occupied Golan Heights. The airstrikes were part of Israel's response to the deadly attack, which was the most lethal since the October 7 attacks.","Israeli warplanes conducted airstrikes against Hezbollah targets 'deep inside Lebanese territory' and along the border overnight Sunday, according to a statement from the military on Sunday morning.","Israeli military ASSAULT Hezbollah","CONFLICT","ASSAULT","-0.9","Israeli military","Israeli military","Israel (83)","Hezbollah","Hezbollah","Lebanon (95)","","","","Lebanese territory; Golan Heights","","Lebanon (95); Israel (83)","2",""
"e9e573951252","2024-08-03","Israel conducted a military operation that included trading fire with Hezbollah, executing a raid in the occupied West Bank, and striking a school compound in Gaza City, resulting in at least 17 fatalities. This action is part of the ongoing conflict with Hamas and follows the assassination of Hamas leader Ismail Haniyeh and Hezbollah’s military chief.","Israel on Saturday again traded fire with Hezbollah, carried out a deadly raid in the occupied West Bank, and struck a school compound in Gaza City in an attack that the Hamas-ruled territory’s civil defence agency said killed at least 17 people.","Israel ASSAULT Hezbollah","CONFLICT","ASSAULT","-0.9","Israel","Israel","Israel (83)","Hezbollah","Hezbollah","Lebanon (95)","Hamas; Ismail Haniyeh; Hezbollah's military chief","Hamas; Ismail Haniyeh; Hezbollah commanders","Palestine (195); Palestine (195); Lebanon (95)","West Bank; Gaza City","","Palestine (195); Palestine (195)","3",""
"ef43f0586fb7","2024-07-31","Israel's Prime Minister Benjamin Netanyahu announced a high state of alert for the country in response to the assassination of senior leaders from Hezbollah and Hamas. This announcement follows the killing of Ismail Haniyeh in Tehran on July 31 and a Hezbollah commander in an Israeli strike in Beirut on July 30, indicating a potential retaliation from Iran or its allies.","Israel is on a high state of alert, Prime Minister Benjamin Netanyahu said on Thursday, amid growing expectations that Iran or its allies will retaliate for the killing of senior leaders of Hezbollah and Hamas this week.","Benjamin Netanyahu THREATEN Iran, Hezbollah, and Hamas","CONFLICT","THREATEN","-0.6","Benjamin Netanyahu","Benjamin Netanyahu","Israel (83)","Iran; Hezbollah; Hamas","Iran; Hezbollah; Hamas","Iran (80); Lebanon (95); Palestine (195)","","","","Israel","","Israel (83)","1",""
"65f656c25925","2024-07-30","The Israeli Air Force conducted a targeted strike in the Dahiya hub of Beirut, Lebanon, resulting in the assassination of Fuad Shukr, Hezbollah’s chief of staff and senior military commander. This operation is viewed as a significant blow to Hezbollah, signaling Israel's advanced intelligence and military capabilities.","The assassination in Beirut on Tuesday of Fuad Shukr, aka Sayyid Muhsan, Hezbollah’s chief of staff and most senior military commander, represents a strategic blow to the terrorist organisation.","Israeli Air Force ASSAULT Fuad Shoulah and Hezbollah","CONFLICT","ASSAULT","-0.9","Israeli Air Force","Israeli Air Force","Israel (83)","Fuadad Shoulh; Hezbollah","Fuadad Shoulh; Hezbollah","Lebanon (95); Lebanon (95)","","","","Dahiya hub, Beirut","","Lebanon (95)","1",""
"06dea7b31672","2024-07-30","The Israeli regime conducted an airstrike in a southern neighborhood of Beirut, Lebanon, resulting in casualties. This action was condemned by Iranian diplomat Kanaani as a violation of international law and the UN Charter, asserting that it would not deter Lebanese resistance efforts in support of Palestinians.","Kanaani made the reaction on Tuesday night hours after the Israeli regime conducted the airstrike in a southern neighborhood of Beirut that caused casualties.","Israeli regime ACCUSE Lebanese resistance efforts","CONFLICT","ACCUSE","-0.3","Israeli regime","Israeli regime","Israel (83)","Lebanese resistance efforts","Lebanese Islamic Resistance","Lebanon (95)","Palestinians; United Nations; Kanaani","Palestinians; United Nations; Kanaani","Palestine (195); Iran (80)","Southern neighborhood of Beirut","","Lebanon (95)","1",""
"4f434ad18ed4","2024-07-30","Fuad Shukr, a prominent commander of Hezbollah, was killed in an Israeli airstrike in the Haret Hreik neighborhood of Beirut. The strike was reportedly a retaliation for a recent attack in the Israeli-occupied Golan Heights that resulted in the deaths of 12 children and teenagers.","Fuad Shukr, a prominent Hezbollah commander, is believed to have been killed in an Israeli airstrike in Beirut on Tuesday.","Israel ASSAULT Fuad Shoukht, Hezbollah commander","CONFLICT","ASSAULT","-0.9","Israel","Israel","Israel (83)","Fuad Shoukht, Hezbollah commander","Fuad Shoukht, Hezbollah commander","Lebanon (95)","","","","Haret Hreik, Beirut","","Lebanon (95)","1",""
"618dca795606","2024-07-30","An Israeli airstrike targeted a senior Hezbollah commander in the Haret Hreik neighborhood of Beirut, Lebanon, at approximately 7:40 p.m. The strike aimed at the area around Hezbollah's Shura Council, amidst rising tensions following a recent attack on the Israeli-occupied Golan Heights attributed to Hezbollah.","An Israeli strike targeted a senior Hezbollah commander in Beirut's southern suburbs at dusk on Tuesday, a senior Lebanese security source said, adding that the commander's fate remained unclear.","Israeli airstrike ASSAULT senior Hezbollah commander","CONFLICT","ASSAULT","-0.9","Israeli airstrike","Israeli airstrike","Israel (83)","Senior Hezbollah commander","Hezbollah commanders","Lebanon (95)","Hezbollah; Shura Council","Hezbollah; Shura Council","Lebanon (95); Lebanon (95)","Haret Hreik neighborhood, Beirut; Golan Heights","","Lebanon (95); Israel (83)","1",""
"30865b8d4167","2024-07-28","Israel convened its security cabinet in Tel Aviv to discuss a response to a rocket strike in the Israeli-occupied Golan Heights that resulted in the deaths of 12 teenagers and children. The attack, which Israel and the United States attributed to the Lebanese armed group Hezbollah, prompted discussions of potential military retaliation.","Israel convened its security cabinet on Sunday to discuss responding to a rocket strike in the Israeli-occupied Golan Heights that killed 12 teenagers and children, and which Israel and the United States blamed on Lebanese armed group Hezbollah.","Israel and the United States CONSULT Lebanese armed group Hezbollah","COOPERATION","CONSULT","0.2","Israel; United States","Israel; United States","Israel (83); USA (185)","Lebanese armed group Hezbollah","Hezbollah","Lebanon (95)","","","","Tel Aviv; Golan Heights","","Israel (83); Israel (83)","1",""
"fd9378e28821","2024-07-28","Israeli Prime Minister Benjamin Netanyahu delayed a flight that was supposed to transport over 150 injured and sick Palestinian children from Gaza to the United Arab Emirates for medical treatment. This decision follows an explosion in the Golan Heights that resulted in the deaths of 12 Arab Druze children, which Israel attributes to Hezbollah.","Israeli Prime Minister Benjamin Netanyahu has delayed a flight that was scheduled to carry more than 150 injured and sick Palestinian children to the United Arab Emirates for treatment.","Benjamin Netanyahu ACCUSE Hezbollah","CONFLICT","ACCUSE","-0.2","Benjamin Netanyahu","Benjamin Netanyahu","Israel (83)","Hezbollah","Hezbollah","Lebanon (95)","Palestinian children in Gaza","Children in Gaza","Palestine (195)","Gaza; Golan Heights; United Arab Emirates","","Palestine (195); Israel (83); UAE (182)","1",""
"71d49f3bb8ad","2024-07-28","On July 28, 2024, rocket fire from Lebanon resulted in the deaths of 12 young people in the Israeli-annexed Golan Heights. In response, Israeli Prime Minister Benjamin Netanyahu vowed to 'hit the enemy hard' and returned early from the United States to convene a security cabinet meeting. Israel's army described the incident as 'the deadliest attack on Israeli civilians' since the onset of the current conflict in Gaza.","vowed on Sunday to 'hit the enemy hard' after rocket fire from Lebanon killed 12 young people in the Israeli-annexed Golan Heights","Israel ASSAULT Lebanon","CONFLICT","ASSAULT","-0.9","Israel","Israel","Israel (83)","Lebanon","Lebanon","Lebanon (95)","","","","Golan Heights; Lebanon","","Israel (83); Lebanon (95)","2",""
"1cce828fc42f","2024-07-27","Israeli fighter jets targeted multiple locations in southern Lebanon, including the village of Al-Abassieh, Kafr Kala, Alborj Shamali, and Tirharfa, with missile strikes. This military action is part of escalating tensions between Israel and Hezbollah, with Israeli officials indicating a strong response to perceived threats.","According to Al Mayadeen TV network, the occupying regime's fighter jets targeted the village of Al-Abassieh in the city of 'Sour' in Lebanon with 2 missiles.","Israeli fighter jets ASSAULT Hezbollah","CONFLICT","ASSAULT","-0.9","Israeli fighter jets","Israeli fighter jets","Israel (83)","Hezbollah","Hezbollah","Lebanon (95)","","","","Southern Lebanon; Al-Abassiyah; Kafr Kala; Alborj Shamour; Tirahum","","Lebanon (95); Lebanon (95); Lebanon (95); Lebanon (95); Lebanon (95)","2",""
"d373ed866c6f","2024-07-27","The Israeli military reported that 12 young people and children were killed in the Golan Heights due to shelling originating from Lebanon. In response, Israeli Prime Minister Benjamin Netanyahu conducted a security assessment and Security Cabinet discussion at the Kirya defense ministry headquarters.","According to the Israeli military, 12 young people and children were killed on Saturday in the Golan Heights as a result of shelling from Lebanon.","Israeli military ASSAULT Lebanon","CONFLICT","ASSAULT","-0.9","Israeli military","Israeli military","Israel (83)","Lebanon","Lebanon","Lebanon (95)","","","","Golan Heights; Lebanon; Kirya defense ministry headquarters","","Israel (83); Lebanon (95); Israel (83)","1",""
"4cc2ca00cdc8","2024-07-27","Israeli jets conducted airstrikes on towns in southern Lebanon in response to a rocket attack that killed 12 young people in Majdal Shams, Golan Heights. The strikes were part of Israel's retaliation against Hezbollah, which Israel accused of responsibility for the attack.","In apparent retaliation for the attack, Israel conducted a series of airstrikes on towns in southern Lebanon overnight on Saturday, as well as one close to the Bekaa valley.","Israeli jets ASSAULT Lebanese civilians in southern Lebanon","CONFLICT","ASSAULT","-0.9","Israeli jets","Israeli fighter jets","Israel (83)","Lebanese civilians in southern Lebanon","Civilians in Lebanon","Lebanon (95)","Hezbollah","Hezbollah","Lebanon (95)","southern Lebanon; Majdal Shams; Golan Heights","","Lebanon (95); Lebanon (95); Lebanon (95)","1",""
"f0f3856a7277","2024-07-27","The Israeli Defense Forces (IDF) condemned a deadly rocket strike on the Druze town of Majdal Shams in northern Israel, attributing the attack to Hezbollah, which resulted in the deaths of 11 children and teenagers. Israeli Prime Minister Benjamin Netanyahu stated that Hezbollah will 'pay a heavy price for this attack.'","The office of Israeli Prime Minister Benjamin Netanyahu issued a statement Saturday evening condemning the deadly rocket strike on the Druze town of Majdal Shams in northern Israel, saying that Hezbollah will 'pay a heavy price for this attack, one that it has yet to face.'","Israeli Defense Forces ACCUSE Hezbollah","CONFLICT","ACCUSE","-0.3","Israeli Defense Forces","Israeli military","Israel (83)","Hezbollah","Hezbollah","Lebanon (95)","Children and teenagers in Majdal Shams","Children and teenagers in Majdal Shams","Lebanon (95)","Majdal Shams; Druze town","","Israel (83); Israel (83)","1",""
"ca011dff0c79","2024-07-27","The Israeli military conducted airstrikes on multiple targets inside Lebanon in response to a rocket attack that hit a football field in Majdal Shams, Israel, resulting in twelve fatalities and twenty injuries. This escalation occurred amid ongoing tensions between Israel and Hezbollah, with the White House National Security Council engaging in discussions with Israeli and Lebanese officials to seek a diplomatic resolution.","The Israeli military said it struck a number of targets inside Lebanon overnight into Sunday, though their intensity was similar to months of cross-border fighting between Israel and the Iranian-backed Hezbollah.","Israeli military ASSAULT Hezbollah","CONFLICT","ASSAULT","-0.9","Israeli military","Israeli military","Israel (83)","Hezbollah","Hezbollah","Lebanon (95)","White House National Security Council; Israeli officials; Lebanese officials","National Security Council; Israeli officials; Lebanese officials","USA (185); Israel (83); Lebanon (95)","Lebanon; Majdal Shams","","Lebanon (95); Israel (83)","65",""
"9e16964541df","2024-07-20","The Israeli Air Force conducted airstrikes on the Houthi-controlled port city in Yemen and struck two Hezbollah weapons storage facilities in southern Lebanon. This action was in response to a militant attack on Tel Aviv by the Houthi group.","Israel has conducted airstrikes on the Houthi-controlled Yemeni port city after the militant group hit Tel Aviv. Israel says it also struck a Hezbollah arms facilities in Lebanon overnight.","Israeli Air Force ASSAULT Houthi militants and Hezbollah militants","CONFLICT","ASSAULT","-0.9","Israeli Air Force","Israeli Air Force","Israel (83)","Houthi militants; Hezbollah militants","Houthi militants; Hezbollah","Yemen (191); Lebanon (95)","","","","Houthi-controlled port city, Yemen; Southern Lebanon","","Yemen (191); Lebanon (95)","1",""
"61a28c5b8d36","2024-07-20","The Israeli military intercepted a missile fired from Yemen amid ongoing military operations in the Gaza Strip, where dozens have been killed due to airstrikes. This escalation follows attacks from Iran-backed militant groups, including Hezbollah and Hamas, who targeted Israeli positions from Lebanon.","The Israeli military said it intercepted a missile fired from Yemen, as it pressed on with its offensive in the besieged Palestinian territory.","Israeli military COERCE Iran-backed militant groups, Hezbollah, and Hamas","CONFLICT","COERCE","-0.6","Israeli military","Israeli military","Israel (83)","Iran-backed militant groups; Hezbollah; Hamas","Hostages in Gaza; Hezbollah; Hamas","Lebanon (95); Palestine (195)","","","","Gaza Strip; Lebanon; Yemen","","Palestine (195); Lebanon (95); Yemen (191)","1",""
"9fc10ab91f7a","2024-07-18","Israeli drones conducted airstrikes in eastern and southern Lebanon, targeting two vehicles and resulting in the deaths of two Islamist militants. One of the deceased was Mohammed Hamid Jabarah, a commander affiliated with the Lebanese Islamist group al-Jamaa al-Islamiya and Hamas, killed in the Bekaa region. The other was a Hezbollah fighter in the Tyre district.","Israeli drones on Thursday hit areas in eastern and southern Lebanon, killing two Islamist militants, security sources said.","Israeli drones ASSAULTED Hezbollah fighters and Lebanese Islamist militants in Lebanon.","CONFLICT","ASSAULT","-0.9","Israeli drones","Israeli drones","Israel (83)","Mohammed Hamid Jabarah; Lebanese Islamist group al-Jamaa al-Islamiya and Hamas; Hezbollah fighters","Mohammed Hamid Jabarah; Lebanese Islamist group al-Jamaa al-Islamiya and Hamas; Hezbollah","Lebanon (95); Lebanon (95); Lebanon (95)","","","","eastern Lebanon; southern Lebanon; Bekaa region; Tyre district","","Lebanon (95); Lebanon (95); Lebanon (95); Lebanon (95)","1",""
"197d3b20f2d2","2024-07-18","The Israeli parliament (Knesset) passed an extension to a law allowing the shutdown of foreign media outlets operating in Israel, specifically targeting the Qatar-based Al Jazeera and Lebanon-based Al-Mayadeen TV. The law was approved by a vote of 26-8 and permits the communications minister to close foreign networks and confiscate their equipment if deemed a threat to state security.","The Israeli parliament (Knesset) on Thursday passed an extension to a law allowing the shutdown of foreign media outlets operating in the country till November.","Israeli parliament (Knesset) SANCTIONED Al Jazeera and Al-Mayeen TV","CONFLICT","SANCTION","-0.6","Israeli parliament (Knesset)","Knesset","Israel (83)","Al Jazeera; Al-Mayadeen TV","Al Jazeera; Al Mayadeen TV Network","Qatar (139); Lebanon (95)","","","","Israel","","Israel (83)","1",""
"25b5efbe5c2c","2024-07-13","Hezbollah launched dozens of rockets at the border town of Kiryat Shmona in northern Israel in retaliation for an Israeli air strike that reportedly killed two civilians in southern Lebanon. The air strike was aimed at two operatives from Hezbollah, leading to the escalation of cross-border hostilities.","Lebanon’s Hezbollah launched rockets at Israel on Saturday after an Israeli air strike that according to a Lebanese security source killed two civilians in the country’s south.","Israel ASSAULT Hezbollah","CONFLICT","ASSAULT","-0.9","Israel","Israel","Israel (83)","Hezbollah","Hezbollah","Lebanon (95)","","","","Kiryat Shmona; southern Lebanon","","Israel (83); Lebanon (95)","1",""
"1f70f7c829b5","2024-07-13","An Israeli air strike in the Deir Mimas area of southern Lebanon resulted in the deaths of two civilians who were collecting water. The Israeli army stated that the operation targeted two Hezbollah operatives identified as preparing to launch projectiles toward Israeli territory.","A Lebanese security source said an Israeli air strike Saturday killed two civilians collecting water in south Lebanon, while the Israeli army said a raid in the area targeted two Hezbollah operatives.","Israeli military ASSAULT Hezbollah operatives and civilians in Deir Mimas","CONFLICT","ASSAULT","-0.9","Israeli military","Israeli military","Israel (83)","Civilians collecting water in Deir Mimas; Hezbollah operatives preparing to launch projectiles","Civilians collecting water in Deir Mimas; Hezbollah operatives preparing to launch projectiles","Lebanon (95); Lebanon (95)","","","","Deir Mimas, southern Lebanon","","Lebanon (95)","1",""
"f88ab328f84e","2024-07-09","Israeli Defense Minister Yoav Gallant announced that the conflict with Hezbollah in Lebanon will persist even after the ceasefire in Gaza. This statement reflects the ongoing tensions and military engagements involving Hezbollah and Israel amid the broader Israel-Hamas war.","Israeli Defense Ministry Yoav Gallant has said that the fight with Lebanon Hezbollah will continue even after the Gaza ceasefire.","Yoav Gallant ACCUSE Hezbollah","CONFLICT","ACCUSE","-0.3","Yoav Gallant","Yoav Gallant","Israel (83)","Hezbollah","Hezbollah","Lebanon (95)","Israel; Hamas","Israel; Hamas","Israel (83); Palestine (195)","Lebanon","","Lebanon (95)","2",""
"154d30128bde","2024-07-09","The Israeli military conducted an airstrike targeting a Hezbollah air defense system in Janta, Lebanon, as part of ongoing military operations amid Israel's conflict with Gaza. This strike represents a significant incursion into Lebanese territory, which has primarily seen attacks concentrated in the southern regions.","In a post on Telegram on Wednesday, Israel’s military said the attack on Tuesday night targeted one of the Lebanese group’s air defence systems near the central village of Janta, which is located about 79km (49 miles) from the capital, Beirut.","Israeli military ASSAULT Hezbollah","CONFLICT","ASSAULT","-0.9","Israeli military","Israeli military","Israel (83)","Hezbollah","Hezbollah","Lebanon (95)","","","","Janta; Lebanon","","Lebanon (95); Lebanon (95)","1",""
"b666960cca33","2024-07-06","On July 6, 2024, Israel conducted airstrikes in the Gaza Strip and engaged in combat with Hamas fighters. Concurrently, Israeli forces exchanged fire with Hezbollah fighters across the Lebanese border. This escalation occurred amidst ongoing diplomatic efforts to negotiate a ceasefire and a hostage release deal, with Israel planning to send a delegation to Doha for further talks with Qatari mediators.","GAZA STRIP: Israel carried out deadly airstrikes in Gaza on Saturday and engaged in combat with Hamas fighters, while to the north it exchanged fire with Hezbollah fighters across the Lebanese border.","Israel ASSAULT Hamas and Hezbollah","CONFLICT","ASSAULT","-0.9","Israel","Israel","Israel (83)","Hamas; Hezbollah","Hamas; Hezbollah","Palestine (195); Lebanon (95)","Qatari mediators","Qatari mediators","Qatar (139)","Gaza Strip; Lebanese border; Doha","","Palestine (195); Lebanon (95); Qatar (139)","27",""
"a7d5cab5ce35","2024-07-04","The Israeli military conducted airstrikes on various towns in southern Lebanon, specifically targeting Hezbollah's military structures in Ramyeh and Houla, following an attack by an Iran-backed militant group that involved the launch of approximately 200 projectiles and over 20 drones into Israeli territory. The strikes were a response to escalating tensions along the Lebanon-Israel border.","Following the attack, Israel struck various towns in southern Lebanon. The Israeli military said it hit Hezbollah’s 'military structures' in the southern border towns of Ramyeh and Houla.","Israeli military ASSAULT Hezbollah","CONFLICT","ASSAULT","-0.9","Israeli military","Israeli military","Israel (83)","Hezbollah","Hezbollah","Lebanon (95)","Iran-backed militant group","Hostages in Gaza","Unknown","Southern Lebanon; Ramadiyeh; Houili","","Lebanon (95); Lebanon (95); Lebanon (95)","4",""
"6c4d3ee3a65a","2024-07-03","A senior commander of Hezbollah, Muhammad Nimad Nasser, was killed in an Israeli airstrike near the city of Tyre, Lebanon. Nasser was the leader of the Aziz Unit and was responsible for Hezbollah's operations along the southern border with Israel. His death comes amid escalating tensions and military exchanges between Hezbollah and Israel.","A senior Hezbollah commander was killed in a presumed Israeli airstrike Wednesday as the two sides brace for a possible all-out war.","Israel ASSAULTED Muhammad Nimal Nasser","CONFLICT","ASSAULT","-0.9","Israel","Israel","Israel (83)","Muhammad Nimad Nasser","Muhammad Nimah Nasser","Lebanon (95)","Hezbollah","Hezbollah","Lebanon (95)","Tyre","","Lebanon (95)","3",""
"c7ed42ff8dae","2024-07-02","Israeli Prime Minister Benjamin Netanyahu announced a strategic shift in military operations, stating that Israel would wind down its operations in Gaza and reposition troops towards the Lebanese border amid rising tensions with Hizballah, which has increased rocket attacks on Israel. This escalation raises concerns of a potential regional conflict, with Iran threatening severe retaliation and the United Nations warning of catastrophic consequences.","Israeli Prime Minister Benjamin Netanyahu said his country would wind down operations in Gaza and move troops north towards the Lebanese border and Hizballah has increased rocket attacks on Israel.","Israel THREATENED Hizballah and Iran","CONFLICT","THREATEN","-0.6","Israel","Israel","Israel (83)","Hizballullah; Iran","Hizballullah; Iran","Lebanon (95); Iran (80)","United Nations","United Nations","United Nations","Gaza; Lebanese border","","Palestine (195); Lebanon (95)","1",""
"9910361db32a","2024-07-02","Uber driver Hussein Khalil reported experiencing significant disruptions in Beirut due to location jamming attributed to Israel, which has caused confusion and financial losses for drivers in Lebanon. This issue has persisted for approximately five months, coinciding with ongoing tensions and cross-border clashes between Hezbollah and Israel.","""We've been dealing with this problem a lot for around five months,"" said Khalil, 36. ""Sometimes we can't work at all,"" the disgruntled driver told AFP on Beirut's chaotic, car-choked streets. ""Of course, we are losing money.""","Israel ACCUSE Uber drivers in Lebanon","CONFLICT","ACCUSE","-0.3","Israel","Israel","Israel (83)","Uber drivers in Lebanon","Uber drivers in Lebanon","Lebanon (95)","Hussein; Hezbollah","Hussein; Hezbollah","Lebanon (95); Lebanon (95)","Beirut","","Lebanon (95)","1",""
"1549a9007978","2024-07-02","Tensions escalated between Israel and Hezbollah following an Israeli air strike that killed a senior Hezbollah field commander. Israel's defense minister stated that Israeli forces would be prepared to take necessary actions against Hezbollah.","Two security sources in Lebanon said an Israeli air strike had killed a senior Hezbollah field commander, and Israel's defence minister said Israeli forces would be ready to take any action necessary against the Iran-aligned group.","Israel THREATEN Hezbollah","CONFLICT","THREATEN","-0.6","Israel","Israel","Israel (83)","Hezbollah","Hezbollah","Lebanon (95)","","","","Israel; Lebanon","","Israel (83); Lebanon (95)","1",""
"2c974bdefb48","2024-06-29","Israeli Foreign Minister Israel Katz stated that Iran's threats of an 'obliterating war' warrant its destruction, during a public address. He emphasized that Israel will respond with full force against Hezbollah if the group continues its attacks from Lebanon.","Israeli Foreign Minister Israel Katz said on Saturday that Iran's message of an 'obliterating war' made it worthy of destruction. 'A regime that threatens destruction deserves to be destroyed,' Katz said in a post on X.","Israel Katz THREATEN Iran and Hezbollah","CONFLICT","THREATEN","-0.6","Israel Katz","Israel Katz","Israel (83)","Iran; Hezbollah","Iran; Hezbollah","Iran (80); Lebanon (95)","","","","Immaterial","","Immaterial","1",""
"7c63c150a617","2024-06-28","The Israeli army detected and intercepted three explosive-laden drones and 25 rockets fired from Lebanon towards northern Israel, specifically targeting the Western Galilee area and Kiryat Shmona settlement. Some rockets caused damage and triggered sirens, while Israeli jet fighters conducted airstrikes on Hezbollah military infrastructure in southern Lebanon.","The Israeli army said Friday it detected three explosive-laden drones and rockets fired from Lebanon toward northern Israel. The army said in a statement that it launched interceptor missiles that downed the projectiles.","Israeli military ASSAULT Hezbollah","CONFLICT","ASSAULT","-0.9","Israeli military","Israeli military","Israel (83)","Hezbollah","Hezbollah","Lebanon (95)","","","","Western Galilee, Israel; Kiryat Shmona, Israel; Southern Lebanon; Lebanon","","Israel (83); Israel (83); Lebanon (95); Lebanon (95)","2",""
"3fcea5ea0956","2024-06-27","Giora Eiland, the former head of Israel’s National Security Council, stated during a local radio interview that war with Lebanon is not inevitable despite rising tensions and cross-border attacks between Israel and Hezbollah. He emphasized the potential destruction of Lebanon as a significant concern that could prevent escalation into war.","""It seems that we come close to war (with Lebanon), but it's not inevitable,"" Giora Eiland told local radio 103FM.","Giora Eiland ACCUSE Israel and Lebanon","CONFLICT","ACCUSE","-0.2","Giora Eiland","Giora Eiland","Israel (83)","Israel; Lebanon","Israel; Lebanon","Israel (83); Lebanon (95)","Hezbollah","Hezbollah","Lebanon (95)","Israel; Lebanon","","Israel (83); Lebanon (95)","1",""
"b80cd460ae81","2024-06-26","Israeli Defense Minister Yoav Gallant issued a warning in Washington DC regarding the potential for a full-scale war with Hezbollah, stating that while Israel does not seek conflict, it is prepared to inflict significant damage on Lebanon if necessary. This statement comes amid escalating violence and ongoing exchanges of fire between Israel and Hezbollah.","We don’t want to get into a war because it’s not good for Israel. We have the ability to take Lebanon back to the Stone Age, but we don’t want to do it.","Yoav Gallant THREATEN Hezbollah","CONFLICT","THREATEN","-0.6","Yoav Gallant","Yoav Gallant","Israel (83)","Hezbollah","Hezbollah","Lebanon (95)","Israel; Lebanon","Israel; Lebanon","Israel (83); Lebanon (95)","Washington, DC.; Lebanon","","USA (185); Lebanon (95)","1",""
"e82d15479326","2024-06-26","Israel reported that four anti-tank missiles were launched from Lebanon towards the town of Metula, causing damage to a house but no injuries. In response, Israeli fighter jets targeted Hezbollah military structures and infrastructure in southern Lebanon, specifically in the towns of Kfarchouba, Ayta ash Shab, and Khiyam, while artillery shelling was also conducted in border towns.","Israel said Wednesday that four anti-tank missiles were launched from Lebanon towards the town of Metula near the Lebanese border. No injuries were reported in the attack, which caused damage to a house, the Israeli public broadcaster KAN reported.","Israel ASSAULT Hezbollah","CONFLICT","ASSAULT","-0.9","Israel","Israel","Israel (83)","Hezbollah","Hezbollah","Lebanon (95)","","","","Metula; Kfarchouba; Ayta ash Shab; Khiam; southern Lebanon; border towns","","Lebanon (95); Lebanon (95); Lebanon (95); Lebanon (95); Lebanon (95); Lebanon (95)","1",""
"3760defc0ba2","2024-06-26","The Health Ministry of Lebanon reported that since October 8, 2023, Israeli attacks have resulted in at least 435 deaths and 1,801 injuries in Lebanon. The ministry indicated that 95% of the injured were Lebanese and accused Israel of using white phosphorus bombs in these attacks, which have also displaced at least 92,228 people.","The ministry said that 44% of the injuries were due to shock, 35% resulted from explosions, and 16% were chemical-related.","Israel ASSAULT Lebanese civilians","CONFLICT","ASSAULT","-0.9","Israel","Israel","Israel (83)","Lebanese civilians","Lebanese civilians","Lebanon (95)","","","","Lebanon","","Lebanon (95)","1",""
"71ffd684e88d","2024-06-23","Israel's Defense Minister Yoav Gallant traveled to Washington, D.C., for critical discussions regarding the ongoing Gaza war and escalating tensions with Hezbollah in Lebanon. The talks aim to address the unfreezing of U.S. arms and ammunition deliveries to Israel, which Prime Minister Benjamin Netanyahu indicated had significantly decreased in recent months.","Israel's Defense Minister Yoav Gallant was headed to Washington on Sunday for 'critical' talks on the Gaza war raging since 7 October and surging cross-border tensions with Lebanon's Hezbollah movement.","Israel's Defense Minister Yoav Gallant and Prime Minister Benjamin Netanyahu CONSULT Hezbollah","COOPERATION","CONSULT","0.2","Yoav Gallant; Benjamin Netanyahu","Yoav Gallant; Benjamin Netanyahu","Israel (83); Israel (83)","Hezbollah","Hezbollah","Lebanon (95)","United States","United States","USA (185)","Washington, D.C.; Lebanon","","USA (185); Lebanon (95)","4",""
"65185ee59316","2024-06-23","In response to the anti-tank projectile attack, Israeli fighter jets conducted airstrikes targeting Hezbollah military structures in southern Lebanon, specifically in the areas of Aitaroun, Kfarkela, and Khiam.","Throughout the night, Israeli fighter jets struck Hezbollah terror targets in southern Lebanon.","Israeli fighter pilots ASSAULT Hezbollah military structures","CONFLICT","ASSAULT","-0.9","Israeli fighter pilots","Israeli fighter pilots","Israel (83)","Hezbollah military structures","Hezbollah fighters and infrastructure","Lebanon (95)","","","","Aitaroun; Kfarkala; Khiam; Southern Lebanon","","Lebanon (95); Lebanon (95); Lebanon (95); Lebanon (95)","1",""
"f2e3fcce14b3","2024-06-18","The Israeli Defense Forces (IDF) approved plans for a military offensive in Lebanon following a situation assessment meeting. Major General Ori Gordin and Major General Oded Basyuk were present at the meeting, which was convened amid escalating cross-border clashes with Hezbollah fighters.","Following a 'situation assessment' meeting, the IDF confirmed the approval of operational plans for an offensive in Lebanon.","Israeli Defense Forces REQUEST Hezbollah fighters","CONFLICT","REQUEST","-0.2","Israeli Defense Forces","Israeli military","Israel (83)","Hezbollah fighters","Hezbollah","Lebanon (95)","","","","Lebanon","","Lebanon (95)","1",""
"4fde6b619c18","2024-06-18","Israeli Foreign Minister Israel Katz issued a warning to Hezbollah, stating that the group would be destroyed in the event of a 'total war'. This statement was made in the context of escalating tensions along the Lebanese border, following a U.S. envoy's call for de-escalation. Katz emphasized that Israel is close to changing its military strategy against Hezbollah and Lebanon.","""We are very close to the moment when we will decide to change the rules of the game against Hezbollah and Lebanon. In a total war, Hezbollah will be destroyed and Lebanon will be hit hard.""","Israel Katz THREATEN Hezbollah","CONFLICT","THREATEN","-0.6","Israel Katz","Israel Katz","Israel (83)","Hezbollah","Hezbollah","Lebanon (95)","Lebanon","Lebanon","Lebanon (95)","Lebanese border","","Lebanon (95)","5",""
"0827883fca96","2024-06-17","The Israeli military conducted airstrikes on Hezbollah targets in southern Lebanon, specifically targeting a military building in Ayta ash Shab and infrastructure in Chaqra. This military action coincided with the visit of US envoy Amos Hochstein to Israel, aimed at addressing escalating tensions along the Israeli-Lebanese border.","The Israeli military said Monday that its warplanes carried out strikes on targets belonging to the Hezbollah group in southern Lebanon.","Israeli military ASSAULT Hezbollah","CONFLICT","ASSAULT","-0.9","Israeli military","Israeli military","Israel (83)","Hezbollah","Hezbollah","Lebanon (95)","US envoy Amos Hochstein","U.S. envoy Amos Hochstein","USA (185)","southern Lebanon; Ayta ash Shab; Chaqra","","Lebanon (95); Lebanon (95); Lebanon (95)","4",""
"3a7a915e86b9","2024-06-16","On June 16, 2024, the Israeli army launched air and artillery strikes on border towns in southern Lebanon, specifically targeting the town of Yaroun in the Bint Jbeil district with air-to-surface missiles, and artillery strikes on the outskirts of Halta and Kfar Shuba. This action followed a period of cautious calm and occurred amid rising tensions along the border due to ongoing conflicts involving Hezbollah.","the Israeli army launched air and artillery strikes on the border towns in southern Lebanon following 12 hours of cautious calm in the area.","Israeli army ASSAULT Lebanese civilians in Yaroun, Halti, and Kfar Shuba","CONFLICT","ASSAULT","-0.9","Israeli army","Israeli military","Israel (83)","Lebanese civilians in Yaroun; Lebanese civilians in Halta and Kfar Shuba","Lebanese civilians in Yaroun; Lebanese civilians in Halta and Kfar Shuba","Lebanon (95); Lebanon (95)","Hezbollah","Hezbollah","Lebanon (95)","Yaroun, Bint Jbeil district, southern Lebanon; Halti, Kfar Shuba, southern Lebanon","","Lebanon (95); Lebanon (95)","1",""
"3b6037822ac1","2024-06-16","The Israeli Air Force conducted airstrikes against Hezbollah targets in southern Lebanon, specifically targeting a weapons warehouse and buildings used by the organization. This action is part of ongoing military operations amid the Israel-Hamas war.","The Israeli army reported that Air Force fighter jets attacked Hezbollah targets in southern Lebanon, near the border with Israel, including a weapons warehouse and buildings used by the organization.","Israeli Air Force ASSAULT Hezbollah","CONFLICT","ASSAULT","-0.9","Israeli Air Force","Israeli Air Force","Israel (83)","Hezbollah","Hezbollah","Lebanon (95)","","","","southern Lebanon; Lebanon","","Lebanon (95); Lebanon (95)","1",""
"ab204795891e","2024-06-14","The Israel Defense Forces (IDF) are shifting their focus from operations in the Gaza Strip to confront Hezbollah in northern Israel, as the Iranian proxy has intensified its rocket, artillery, and drone strikes. This strategic change comes amid warnings from Iran's acting foreign minister and Iraq's foreign minister regarding the potential regional consequences of an Israeli attack on Lebanon.","As the battles heat up, Iran's new acting foreign minister warned Israel not to launch a war, saying, 'Ramifications could backfire against Zionists as a result of that conflict.'","Israel Defense Forces COOPERATE Hezbollah","COOPERATION","COOPERATE","0.8","Israel Defense Forces","Israeli military","Israel (83)","Hezbollah","Hezbollah","Lebanon (95)","Iran; Iraq","Iran; Iraq","Iran (80); Iraq (81)","Gaza Strip; northern Israel; Lebanon","","Palestine (195); Israel (83); Lebanon (95)","1",""
"86f3f062d8da","2024-06-11","Hezbollah reported the death of four of its members, including senior commander Taleb Abdullah, during confrontations with the Israeli army in Jouaiyya, southern Lebanon. This incident is part of ongoing clashes that have resulted in a total of 340 Hezbollah fighters killed since October 8, 2023.","Hezbollah on Wednesday announced the death of four of its members, including a senior commander, in the ongoing confrontations with the Israeli army in southern Lebanon.","Israeli army ASSAULT Hezbollah fighters including Taleb Abdullah","CONFLICT","ASSAULT","-0.9","Israeli army","Israeli military","Israel (83)","Hezbollah fighters; Taleb Abdullah","Hezbollah; Taleb Abdullah","Lebanon (95); Lebanon (95)","","","","Jouaiya, southern Lebanon","","Lebanon (95)","1",""
"7f640453163f","2024-06-11","An Israeli airstrike targeted the village of Jouya in southern Lebanon, resulting in the death of senior Hezbollah field commander Taleb Abdallah, also known as Abu Taleb, along with three other fighters. The strike occurred during a meeting, marking a significant escalation in the ongoing conflict between Israel and Hezbollah.","An Israeli strike on the village of Jouya in southern Lebanon late Tuesday killed a senior field commander of Hezbollah and three fighters for the Lebanese armed group, three security sources said.","Israeli Air Force ASSAULT Hezbollah Fighters and Taleb Abdallah (Abu Taleb)","CONFLICT","ASSAULT","-0.9","Israeli Air Force","Israeli Air Force","Israel (83)","Hezbollah Fighters; Taleb Abdallah (Abu Taleb)","Hezbollah; Taleb Abdallah","Lebanon (95); Lebanon (95)","","","","Jouya; Southern Lebanon","","Lebanon (95); Lebanon (95)","1",""
"564804979e09","2024-06-11","Hezbollah announced the death of senior commander Taleb Abdullah in an alleged Israeli airstrike in the coastal town of Jouaiyya, southern Lebanon. The airstrike reportedly killed at least four other individuals, with sources indicating that the Hezbollah members were likely targeted during a meeting.","Hezbollah announced the death of a senior commander in an alleged Israeli airstrike in southern Lebanon on Tuesday, as the terror group fired some 80 rockets at northern communities throughout the day amid increasing cross-border hostilities.","Israel ASSAULT Hezbollah members and Taleb Abdullah","CONFLICT","ASSAULT","-0.9","Israel","Israel","Israel (83)","Taleb Abdullah; Hezbollah members","Taleb Abdullah; Hezbollah","Lebanon (95); Lebanon (95)","","","","Jouaiya","","Lebanon (95)","1",""
"914d114d92a7","2024-06-10","Israeli fighter jets conducted missile strikes targeting a convoy of tankers and a building in a northeastern village on the border with Syria, resulting in the deaths of three members of Hezbollah and wounding three others. The strikes were aimed at a military complex of the Hezbollah 4400 unit, which is involved in smuggling weapons.","Three Hezbollah members were killed by nine Israeli missile strikes that targeted a convoy of tankers and a building in a northeastern village on the border with Syria, the military source told AFP, adding that three people were also wounded.","Israeli fighter jets ASSAULT Hezbollah 4400 unit and members of Hezbollah","CONFLICT","ASSAULT","-0.9","Israeli fighter jets","Israeli fighter jets","Israel (83)","Hezbollah 4400 unit; Members of Hezbollah","Hezbollah 4400 unit; Hezbollah","Lebanon (95); Lebanon (95)","","","","Northeastern village on the border with Syria","","Lebanon (95)","1",""
"69cd40330bc8","2024-06-08","Israeli forces conducted bombardments on the village of Khiam in southern Lebanon, near the border with Israel, amid ongoing tensions and fighting between Israel and Hamas in the Gaza Strip. This military action is part of escalating hostilities as Hezbollah warned that no place in Israel would be spared if a full-blown conflict ensued.","Smoke billows during Israeli bombardment on the village of Khiam in south Lebanon near the border with Israel on June 8, 2024 amid ongoing cross-border tensions as fighting continues between Israel and Hamas in the Gaza Strip.","Israeli forces ASSAULT Residents of Khiam","CONFLICT","ASSAULT","-0.9","Israeli forces","Israeli military","Israel (83)","Residents of Khiam","Residents of Khiam","Lebanon (95)","Israel; Hamas; Hezbollah","Israel; Hamas; Hezbollah","Israel (83); Palestine (195); Lebanon (95)","Khiam; Southern Lebanon; Gaza Strip","","Lebanon (95); Lebanon (95); Palestine (195)","1",""
"37f43516a675","2024-06-05","Israeli Prime Minister Benjamin Netanyahu announced that Israel is prepared for a significant military action against Hezbollah in response to recent escalations, including drone attacks and the shootdown of an Israeli drone over Lebanon. This statement was made during a media briefing in Kiryat Shmona, Israel, where most civilians have been evacuated due to the ongoing conflict.","Israel is “prepared for an extremely powerful action in the north” against Hezbollah, Prime Minister Benjamin Netanyahu warned Wednesday, citing the recent dramatic escalation of cross-border skirmishes, which have included Hezbollah drone attacks inside Israel and the shootdown of a heavy Israeli drone over Lebanese airspace last week.","Israel THREATEN Hezbollah","CONFLICT","THREATEN","-0.6","Israel","Israel","Israel (83)","Hezbollah","Hezbollah","Lebanon (95)","","","","Kiryat Shmona; Lebanon","","Israel (83); Lebanon (95)","3",""
"5414b052f982","2024-06-04","The Israel Defence Forces (IDF) are prepared to launch an offensive along the northern border with Lebanon, as stated by Israeli Military Chief of General Staff Herzi Halevi. This readiness follows extensive training and comes amid escalating tensions with Hezbollah, which has indicated it is prepared for conflict if imposed upon.","“We are prepared after a very good process of training up to the level of a General Staff exercise to move to an offensive in the north,” he said in a recorded statement. “We are approaching a decision point.”","Israel Defense Forces and Herzi Halevi MOBILIZE Hezbollah","CONFLICT","MOBILIZE","-0.6","Israel Defense Forces; Herzi Halevi","Israeli military; Herzi Halevi","Israel (83); Israel (83)","Hezbollah","Hezbollah","Lebanon (95)","","","","Northern border with Lebanon","","Lebanon (95)","1",""
"7b6ae51492fa","2024-06-02","An Israeli airstrike damaged the Lebanese Agriculture Ministry's office in Bint Jbeil, along with the city's commercial market and local government headquarters. This was confirmed by Lebanese Agriculture Minister Abbas Hajj Hassan.","Lebanese Agriculture Minister Abbas Hajj Hassan said in a statement that a separate Israeli strike Sunday morning had damaged his ministry’s office in the town of Bint Jbeil, as well as the city’s commercial market and local government headquarters.","Israeli Air Force ASSAULT Lebanese Agriculture Ministry and the city of Bint Jbeil","CONFLICT","ASSAULT","-0.9","Israeli Air Force","Israeli Air Force","Israel (83)","Lebanese Agriculture Ministry; City of Bint Jbeil","Lebanese Agriculture Ministry; City of Bint Jbeil","Lebanon (95); Lebanon (95)","","","","Bint Jbeil","","Lebanon (95)","1",""
"439919ffdb74","2024-06-02","Two Lebanese shepherds were killed in an Israeli airstrike that targeted their house in the town of Houla, near the Lebanon-Israel border. The attack was reported by Lebanon's state media, which identified the victims as civilians who sold sheep milk to neighboring villages.","Two Lebanese shepherds were killed in an Israeli strike that hit their house in the town of Houla near the Lebanon-Israel border on Sunday, state media reported.","Israel ASSAULT Lebanese shepherds","CONFLICT","ASSAULT","-0.9","Israel","Israel","Israel (83)","Lebanese shepherds","Lebanese shepherds","Lebanon (95)","","","","Houlu; Lebanon-Israel border","","Lebanon (95)","1",""
"c987ffad5b30","2024-05-31","Hezbollah-affiliated rescuers reported that an Israeli drone strike targeted one of their ambulances in the border town of Naqoura, Lebanon, resulting in the death of one medic and injuries to another. This incident is part of ongoing cross-border hostilities between Hezbollah and Israel.","""An Israeli drone strike targeted an ambulance... One rescuer was martyred and another wounded"" in the border town of Naqoura, the operations room of the Hezbollah-affiliated Islamic Health Committee told AFP.","Israel ASSAULT Hezbollah-affiliated rescuers","CONFLICT","ASSAULT","-0.9","Israel","Israel","Israel (83)","Hezbollah-affiliated rescuers","Hezbollah-affiliated rescuers","Lebanon (95)","","","","Naqoura","","Lebanon (95)","1",""
"f18b88db0e58","2024-05-29","On May 29, 2024, Israel launched missile strikes targeting a military site near the town of al-Furqlus in Syria's Homs province, an area known for the presence of Hezbollah forces and Iranian militias. The strikes resulted in smoke columns rising from the site, while ground anti-aircraft defenses attempted to intercept the missiles.","Israeli missiles struck at least one military site near the town of al-Furqlus, causing smoke columns to rise from the site, according to the Syrian Observatory for Human Rights as quoted by Xinhua news agency report on Wednesday."," Israel ASSAULT Hezbollah forces and Iranian militias","CONFLICT","ASSAULT","-0.9","Israel","Israel","Israel (83)","Hezbollah forces; Iranian militias","Hezbollah; Iranian-backed militias","Lebanon (95); Iran (80)","","","","al-Furqlus, Homs province","","Syria (169)","1",""
"c22e18e98682","2024-05-27","An Israeli combat drone conducted a strike outside Salah Ghandour Hospital in Bint Jbeil, south Lebanon, resulting in the death of one individual, Ali Wizani, and injuring fifteen others, including seven civilians and eight health care workers. The attack occurred during a peak time when patients were arriving at the hospital.","An Israeli strike on Monday outside a hospital in south Lebanon killed one person, the latest deadly raid in the country’s south.","Israeli combat drone ASSAULT Ali Wiziran and civilians and health care workers at Salah Ghandour Hospital","CONFLICT","ASSAULT","-0.9","Israeli combat drone","Israeli drones","Israel (83)","Ali Wizran; Civilians and health care workers at Salah Ghandour Hospital","Ali Wizran; Civilians and health care workers at Salah Ghandour Hospital","Lebanon (95); Lebanon (95)","","","","Outside Salah Ghandour Hospital, Bint Jbeil","","Lebanon (95)","1",""
"3dd9c52f9b62","2024-05-27","The Israeli government postponed a vote to approve a NIS 3.5 billion rehabilitation plan for northern communities affected by Hezbollah rocket and drone attacks. The decision was made during a meeting aimed at modifying the program based on feedback from local leaders, with the vote now rescheduled for the following Monday.","The government on Wednesday evening postponed an expected vote to approve a rehabilitation plan for northern communities battered by Hezbollah rocket and drone attacks, amid ongoing disputes over the proposed program.","Israeli government CONSULTED northern communities affected by Hezbollah rocket and drone attacks","COOPERATION","CONSULT","0.2","Israeli government","Israeli government","Israel (83)","Northern communities affected by Hezbollah rocket and drone attacks","Northern communities affected by Hezbollah rocket and drone attacks","Lebanon (95)","Hezbollah; Local leaders","Hezbollah; Local leaders","Lebanon (95); Lebanon (95)","Immaterial","","Immaterial","1",""
"8b3bd6149381","2024-05-23","The Israeli army conducted an airstrike in southern Lebanon, resulting in the assassination of Hezbollah military commander Ali Nasser Farran, who was allegedly responsible for the group's weapons production. The strike was confirmed by both the Israeli military and Hezbollah.","The Israeli army claimed Thursday to have assassinated a Hezbollah military commander in an airstrike in southern Lebanon.","Israeli army ASSAULT Hezbollah and Ali Nasser Farran","CONFLICT","ASSAULT","-0.9","Israeli army","Israeli military","Israel (83)","Hezbollah; Ali Nasser Farran","Hezbollah; Ali Nasser Farran","Lebanon (95); Lebanon (95)","","","","southern Lebanon","","Lebanon (95)","1",""
"66e0a89ceedf","2024-05-21","Israeli Air Force Commander Maj. Gen. Tomer Bar announced that the Israeli Air Force (IAF) is prepared to use massive force in military operations on the northern front against Hezbollah. This statement was made during a ceremony for the re-establishment of Battalion 139 of the Air Defense Array, emphasizing the IAF's readiness to expand and intensify attacks if necessary to change the security reality in northern Israel.","Israeli Air Force Commander Maj. Gen. Tomer Bar said on Tuesday that if military operations on the country’s northern front are expanded, the IAF will use 'massive' force to 'enable a change in the security reality in the north.'","Israeli Air Force THREATEN Hezbollah","CONFLICT","THREATEN","-0.6","Israeli Air Force","Israeli Air Force","Israel (83)","Hezbollah","Hezbollah","Lebanon (95)","","","","northern Israel","","Israel (83)","1",""
"e078c71dab90","2024-05-20","Qassem Saqlawi, the commander of Hezbollah’s rocket and missile unit in the coastal division, was killed in a drone strike conducted by the Israel Defense Forces (IDF) while he was driving in the Tyre area of southern Lebanon. The IDF stated that Saqlawi was responsible for planning and executing numerous rocket and anti-tank guided missile attacks on Israel.","The commander of Hezbollah’s rocket and missile unit in the terror group’s coastal division was killed in an airstrike Monday, the Israel Defense Forces announced.","Israel Defense Forces ASSAULT Qassem Saqlawi","CONFLICT","ASSAULT","-0.9","Israel Defense Forces","Israeli military","Israel (83)","Qassem Saqlawi","Qassem Saqlawi","Lebanon (95)","Hezbollah","Hezbollah","Lebanon (95)","Tyre area, southern Lebanon","","Lebanon (95)","1",""
"685d0db71539","2024-05-20","Israeli Finance Minister Bezalel Smotrich called for a military takeover of southern Lebanon if Hezbollah does not withdraw from the border. During a meeting of his Religious Zionism party in northern Israel, he urged Prime Minister Benjamin Netanyahu to issue a public ultimatum to Hezbollah, demanding their withdrawal beyond the Litani River, and warned that failure to comply would result in an Israeli Defense Forces (IDF) assault into Lebanese territory.","A public ultimatum must be issued to Hezbollah that they completely stop firing and withdraw all forces to beyond the Litani River... If the ultimatum is not fully met, the IDF (Israeli army) will launch an assault deep in Lebanese territory to defend the northern communities, including ground entry and Israeli military takeover of the southern Lebanese area.","Bezalel Smotrich REQUEST Hezbollah","CONFLICT","REQUEST","-0.2","Bezalel Smotrich","Bezalel Smotrich","Israel (83)","Hezbollah","Hezbollah","Lebanon (95)","Benjamin Netanyahu; Israeli Defense Forces; Lebanon","Benjamin Netanyahu; Israeli military; Lebanon","Israel (83); Israel (83); Lebanon (95)","southern Lebanon; northern Israel; border with Lebanon; Litani River; Lebanese territory","","Lebanon (95); Israel (83); Lebanon (95); Lebanon (95)","1",""
"6e090ac2f2a1","2024-05-18","On May 18, 2024, Israel conducted drone strikes targeting Hezbollah and Hamas fighters in Lebanon, specifically near the Lebanese-Syrian border. An Israeli combat drone struck a vehicle carrying a Hezbollah leader and his companion, resulting in their deaths. The attack was confirmed by the Syrian Observatory and Sham FM radio, which reported the vehicle was destroyed near a military checkpoint on the Damascus-Beirut highway.","An Israeli combat drone struck a car carrying two people on the road between the Lebanese General Security and Syrian General Security checkpoints.","Israel ASSAULT Hezbollah and Hamas fighters and a Hezbollah leader and his companion","CONFLICT","ASSAULT","-0.9","Israel","Israel","Israel (83)","Hezbollah fighters; Hamas fighters; Hezbollah leader and his companion","Hezbollah; Hamas fighters; Hezbollah leader and his companion","Lebanon (95); Palestine (195); Lebanon (95)","","","","Lebanon; Near the Lebanese-Syrian border; Damascus-Beirut highway","","Lebanon (95); Lebanon (95); Syria (169)","1",""
"dfa1caf2c452","2024-05-17","Israeli military conducted airstrikes in southern and eastern Lebanon, resulting in the deaths of at least five individuals, including members of Hezbollah, Palestinian fighters, and Syrian civilians. The strikes targeted a coastal town and Majdal Anjar, where a Hamas leader was killed.","Israeli strikes on southern and eastern Lebanon killed at least five people on Friday including Lebanese militants, Palestinian fighters and Syrian civilians, security sources told Reuters.","Israeli military ASSAULT Hezbollah, Palestinian fighters, Syrian civilians, and Hamas","CONFLICT","ASSAULT","-0.9","Israeli military","Israeli military","Israel (83)","Hezbollah; Palestinian fighters; Syrian civilians; Hamas","Hezbollah; Palestinian fighters; Syrian civilians; Hamas","Lebanon (95); Palestine (195); Syria (169); Palestine (195)","","","","southern Lebanon; eastern Lebanon; coastal town of Majdal Anjar","","Lebanon (95); Lebanon (95); Lebanon (95)","1",""
"862a8dbce136","2024-05-14","An Israeli drone strike targeted and killed Hussein Ibrahim Makki, a top commander of Hezbollah's Southern Front unit, while he was driving near Tyre, Lebanon. The strike was part of ongoing military actions amid the conflict, following a recent Hezbollah missile attack that resulted in Israeli casualties.","A top Hezbollah field commander was killed in an Israeli drone strike in southern Lebanon on Tuesday night, the military said.","Israeli drone strike ASSAULTED Hezbollah's Southern Front commander, Hussein Ibrahim Makki","CONFLICT","ASSAULT","-0.9","Israeli drone strike","Israeli drone strike","Israel (83)","Hussein's Southern Front commander, Hussein Ibrahim Makki","Hussein's Southern Front commander, Hussein Ibrahim Makki","Lebanon (95)","","","","Near Tyre","","Lebanon (95)","1",""
"2d9053c8f002","2024-05-09","An Israeli airstrike targeted a vehicle in the village of Bafliyeh, southern Lebanon, resulting in the deaths of four members of the Hezbollah terror group. The strike occurred approximately 18 kilometers from the Israeli border, and the Lebanese civil defense rescue force reported recovering the bodies from the scorched vehicle.","Four members of the Hezbollah terror group were killed in an alleged Israeli airstrike in southern Lebanon on Thursday, Lebanese security sources told the Reuters news agency.","Israeli airstrike ASSAULT Hezbollah terrorist group members","CONFLICT","ASSAULT","-0.9","Israeli airstrike","Israeli airstrike","Israel (83)","Hezbollah terrorist group members","Hezbollah","Lebanon (95)","","","","Bafreinh; Southern Lebanon; Near the Israeli border","","Lebanon (95); Lebanon (95); Lebanon (95)","1",""
"b9a342977e73","2024-05-08","Israeli air strikes targeted southern Lebanon, resulting in the deaths of five individuals, including two Hezbollah fighters and three members of the Islamic Jihad Palestinian militant group. The strikes occurred in the border town of Adaisseh and the village of Khiam, amidst escalating cross-border tensions following the October 7 attack by a Palestinian group on southern Israel.","A Lebanese security source said five people including two Hezbollah fighters were killed Wednesday in Israeli strikes on southern Lebanon, with a Palestinian armed group reporting three fatalities among its ranks.","Israeli military ASSAULT Hezbollah fighters and Islamic Jihad Palestinian militants","CONFLICT","ASSAULT","-0.9","Israeli military","Israeli military","Israel (83)","Hezbollah fighters; Islamic Jihad Palestinian militants","Hezbollah; Palestinian Islamic Jihad","Lebanon (95); Palestine (195)","","","","Southern Lebanon; Adaisseh; Khiam","","Lebanon (95); Lebanon (95); Lebanon (95)","2",""
"fbe4fe3e54be","2024-05-08","On May 8, 2024, Israel conducted heavy airstrikes in south Lebanon targeting military structures and infrastructure associated with Hezbollah, resulting in the deaths of three individuals. In response, Hezbollah launched explosive drones and powerful rockets at Israeli targets, including a military headquarters in Ya'ara and a barracks in Biranit, marking a significant escalation in the ongoing conflict.","Israeli attacks killed three people in Lebanon, security sources said. The Israeli military said it had hit military structures and infrastructure belonging to the Iran-backed Hezbollah in three locations in south Lebanon, including more than 20 strikes on Hezbollah targets in the Ramyeh area.","Israel ASSAULT Hezbollah and Lebanese civilians","CONFLICT","ASSAULT","-0.9","Israel","Israel","Israel (83)","Hezbollah; Lebanese civilians","Hezbollah; Lebanese civilians","Lebanon (95); Lebanon (95)","","","","South Lebanon; Ya'ara; Bchirbina","","Lebanon (95); Lebanon (95); Lebanon (95)","1",""
"019980f9b1ba","2024-05-05","An Israeli airstrike targeted a village in southern Lebanon, resulting in the deaths of a couple and their child. This incident is part of ongoing hostilities between Israel and Hezbollah, which have escalated following the conflict in Gaza.","A local official in southern Lebanon said an Israeli strike on a village Sunday killed a couple and their child, the latest deadly incident in the border region.","Israeli Air Force ASSAULT Lebanese civilians","CONFLICT","ASSAULT","-0.9","Israeli Air Force","Israeli Air Force","Israel (83)","Lebanese civilians","Lebanese civilians","Lebanon (95)","Hezbollah","Hezbollah","Lebanon (95)","Southern Lebanon","","Lebanon (95)","2",""
"c5083ef99cd5","2024-05-05","An Israeli airstrike targeted a family in the border village of Mays Al-Jabal, southern Lebanon, resulting in the deaths of four family members, including two children. The attack occurred as the family was returning to their property to assess damage and move goods, taking advantage of a temporary de-escalation in hostilities.","An Israeli airstrike killed four members of a family in a border village in southern Lebanon on Sunday, security sources said.","Israeli airstrike ASSAULT Lebanese family in Mays Al-Jabal","CONFLICT","ASSAULT","-0.9","Israeli airstrike","Israeli airstrike","Israel (83)","Lebanese family in Mays Al-Jabal","Lebanese family in Mays Al-Jabal","Lebanon (95)","","","","Mays Al-Jabal","","Lebanon (95)","1",""
"29e1cfd69133","2024-05-05","A strike by the Israeli military on the village of Mais Al-Jabal in southern Lebanon resulted in the deaths of four family members, including a man, a woman, and their two children aged 12 and 21. This incident is part of ongoing cross-border violence between Israel and Hezbollah, which has escalated since the outbreak of the Gaza war.","Lebanon’s state-run National News Agency (NNA) said Sunday’s strike in Mais Al-Jabal killed 'four people from a single family', reporting that the raid was carried out by Zionist aircraft.","Israeli military ASSAULT Lebanese civilians in the village of Mais Al-Jabal, Lebanon.","CONFLICT","ASSAULT","-0.9","Israeli military","Israeli military","Israel (83)","Lebanese civilians","Lebanese civilians","Lebanon (95)","","","","Mais Al-Jabal","","Lebanon (95)","2",""
"847066cbab6a","2024-05-05","An Israeli airstrike targeted the village of Mais al-Jabal in southern Lebanon, resulting in the deaths of four family members, including a man, a woman, and their two children aged 12 and 21. The strike is part of ongoing cross-border violence between Israel and Hezbollah amid the escalation of conflict following the Gaza war.","Lebanon’s state-run National News Agency (NNA) said Sunday’s strike in Mais al-Jabal killed 'four people from a single family', reporting that the raid was carried out by Israeli aircraft.","Israeli airstrike ASSAULT Lebanese civilians in Mais al-Jabal","CONFLICT","ASSAULT","-0.9","Israeli airstrike","Israeli airstrike","Israel (83)","Lebanese civilians in Mais al-Jabal","Civilians in Lebanon","Lebanon (95)","Hezbollah","Hezbollah","Lebanon (95)","Mais al-Jabal","","Lebanon (95)","2",""
"060ece7ff911","2024-05-03","Israel launched an aerial attack from the occupied Golan Heights against a military site near Damascus, Syria, injuring eight soldiers and causing material losses. The attack targeted areas known to be strongholds for Hezbollah and Iranian-backed militias.","Israel launched an aerial attack from the direction of the occupied Golan Heights against a military site near Syrian capital Damascus, injuring eight soldiers and causing material losses, the Syrian Defence Ministry said.","Israel ASSAULT Hezbollah and Iranian-backed militants","CONFLICT","ASSAULT","-0.9","Israel","Israel","Israel (83)","Hezbollah; Iranian-backed militants","Hezbollah; Iran-backed militants","Lebanon (95); Iran (80)","","","","Golan Heights; Near Damascus","","Israel (83); Syria (169)","1",""
"84ceb72c5c8d","2024-04-23","The Israeli Defense Forces (IDF) conducted a precision airstrike in southern Lebanon, resulting in the elimination of top Hezbollah commander Hussein Azqul while he was driving in Aadloun. The IDF described Azqul as a 'central terrorist' in Hezbollah’s air defense unit, and his death is considered a significant blow to the organization.","Azqul was named as the man killed in the strike by the Israeli Defense Forces this morning as he was driving across Aadloun in the south of the country.","Israeli Defense Forces ASSAULT Hezbollah commander Hussein Azzaql","CONFLICT","ASSAULT","-0.9","Israeli Defense Forces","Israeli military","Israel (83)","Husseinollah Azzaql","Husseinollah Azzaql","Lebanon (95)","","","","southern Lebanon; Aadloun","","Lebanon (95); Lebanon (95)","1",""
"ee9b66c6790e","2024-04-22","On April 22, 2024, the Israel Air Force conducted airstrikes against Hezbollah terrorist infrastructure in southern Lebanon, targeting buildings in al-Adisa and Arzoun. This military action was prompted by the detection of approximately 35 rocket launches from Lebanon into northern Israel's Ein Zeitim area.","On Monday afternoon, the eve of the Passover holiday, Israel Air Force fighter jets attacked a terrorist infrastructure belonging to the Hezbollah terrorist organization in southern Lebanon.","Israel Defense Forces ASSAULT Hezbollah","CONFLICT","ASSAULT","-0.9","Israel Defense Forces","Israeli military","Israel (83)","Hezbollah","Hezbollah","Lebanon (95)","","","","southern Lebanon; ad-Disa; Arzoun; northern Israel; Ein al-Quds","","Lebanon (95); Lebanon (95); Lebanon (95); Israel (83); Israel (83)","2",""
"097e54f6a699","2024-04-21","The Israeli army reported that an IDF drone was intercepted by a missile over Lebanon, and in response, the army struck the launch site of the missile. This incident follows Hezbollah's claim of downing an Israeli drone that was conducting a combat mission over southern Lebanon.","The Israeli army announced that an IDF drone was intercepted by a missile over Lebanon; the army also said that it has struck the launch site of the missile. Earlier, Hezbollah said it downed an Israeli drone that was on a combat mission over southern Lebanon.","Israeli Defense Forces (IDF) ASSAULT Hezbollah","CONFLICT","ASSAULT","-0.9","Israeli Defense Forces (IDF)","Israel Defense Forces (IDF)","Israel (83)","Hezbollah","Hezbollah","Lebanon (95)","","","","Lebanon; Southern Lebanon","","Lebanon (95); Lebanon (95)","1",""
"f523f7b84eea","2024-04-17","The Israeli Air Force conducted airstrikes against the 'terrorist infrastructure' of Iran-backed Hezbollah in eastern Lebanon. This action was taken in response to a series of attacks from Iran and is part of Israel's strategy to maintain its deterrent credibility amidst escalating tensions.","Israel’s Air Force said late on Wednesday its fighter jets had struck the 'terrorist infrastructure' of Iran-backed Hezbollah in eastern Lebanon, stoking concerns about a further escalation in clashes across Israel’s northern border.","Israeli Air Force ASSAULT Iran-backed Hezbollah","CONFLICT","ASSAULT","-0.9","Israeli Air Force","Israeli Air Force","Israel (83)","Iran-backed Hezbollah","Iran-backed Hezbollah","Lebanon (95)","","","","eastern Lebanon","","Lebanon (95)","1",""
"43a9e811f014","2024-04-16","The Israeli military conducted airstrikes in south Lebanon, resulting in the deaths of two Hezbollah commanders, Ismail Yusef Baz and Mohammed Shehoury, along with another operative. This action was part of ongoing hostilities following the October 7 attack by Hamas on southern Israel.","Israel said Tuesday that its strikes in south Lebanon killed two local Hezbollah commanders and another operative, with the Iran-backed group saying three of its members were killed as it launched rockets in retaliation.","Israeli military ASSAULT Hezbollah and its commanders Ismail Yusef Baz and Mohammed Sheoudy","CONFLICT","ASSAULT","-0.9","Israeli military","Israeli military","Israel (83)","Hezbollah; Ismail Yusef Baz; Mohammed Shehoudy","Hezbollah; Ismail Yusef Baz; Mohammed Shehoudy","Lebanon (95); Lebanon (95); Lebanon (95)","","","","South Lebanon","","Lebanon (95)","1",""
"1fc81e90db22","2024-04-16","Israeli fighter jets conducted air missions against two sites in southern Lebanon, specifically Mis al-Jabal and Tyre Harfa. This military action was part of ongoing hostilities between the Israel Defense Forces (IDF) and Lebanese Hezbollah, following an incident where four IDF soldiers were wounded by an IED on the Lebanese side of the border.","Earlier this week, Israeli fighter jets carried out missions against two sites in southern Lebanon – Mis al-Jabal and Tyre Harfa.","Israel Defense Forces ASSAULT Lebanese Hezbollah","CONFLICT","ASSAULT","-0.9","Israel Defense Forces","Israeli military","Israel (83)","Lebanese Hezbollah","Hezbollah","Lebanon (95)","","","","Mis al-Jabal; Tyre Harfa","","Lebanon (95); Lebanon (95)","1",""
"b0a98bcb0cb8","2024-04-08","The Israeli military conducted an air strike in Sultaniyeh, southern Lebanon, resulting in the death of Hezbollah commander Ali Ahmed Hussein, who was accused of launching attacks against Israeli targets. The strike also killed at least two other individuals.","The Israeli military said Monday it killed a Hezbollah commander in an overnight air strike in Lebanon, as cross-border violence flares between Israel and the Iran-backed armed group.","Israeli military ASSAULT Hezbollah commander Ali Ahmed Hussein and other Hezbollah members","CONFLICT","ASSAULT","-0.9","Israeli military","Israeli military","Israel (83)","Hezbollah commander Ali Ahmed Hussein; Other Hezbollah members","Hezbollah commander Ali Ahmed Hussein; Hezbollah","Lebanon (95); Lebanon (95)","","","","Sultaniyeh","","Lebanon (95)","1",""
"0a76ed5d254b","2024-04-08","Israeli fighter jets conducted an airstrike in the village of Al-Sultaniyah, southern Lebanon, resulting in the death of Hezbollah field commander Ali Ahmed Hassin and two other individuals. This action is part of ongoing hostilities between the Israeli military and Hezbollah amid the broader context of the Gaza war.","Early on Monday, Israeli fighter jets hit the village of Al-Sultaniyah and killed a field commander in Hezbollah’s elite Radwan units and two other people, the Israeli military and two Lebanese security sources said.","Israeli fighter jets ASSAULT Hezbollah and Ali Ahmed Hassat","CONFLICT","ASSAULT","-0.9","Israeli fighter jets","Israeli fighter jets","Israel (83)","Hezbollah; Ali Ahmed Hassat","Hezbollah; Ali Ahmed Hassat","Lebanon (95); Lebanon (95)","","","","Al-Sultaniyah; Southern Lebanon","","Lebanon (95); Lebanon (95)","1",""
"7628d819a5b8","2024-04-07","The Israeli Air Force conducted air strikes on Hezbollah infrastructure sites in Baalbek, eastern Lebanon, targeting a military complex and three other sites. This action was a response to Hezbollah's downing of an Israeli drone, identified as the Hermes 900, in Lebanese airspace.","Israel launched air strikes on eastern Lebanon early on Sunday, hitting what it said were Hezbollah infrastructure sites after the armed group downed an Israeli drone over the country.","Israeli Air Force ASSAULT Hezbollah","CONFLICT","ASSAULT","-0.9","Israeli Air Force","Israeli Air Force","Israel (83)","Hezbollah","Hezbollah","Lebanon (95)","","","","Baalbek; Lebanon","","Lebanon (95); Lebanon (95)","8",""
"370210a428f5","2024-04-06","The Israel Defense Forces (IDF) reported that one of its drones was downed by a Hezbollah surface-to-air missile over southern Lebanon. This incident occurred amid ongoing fighting with Hezbollah, which had previously claimed to have shot down an Elbit Hermes 450 UAV. The IDF also conducted airstrikes on Hezbollah positions in Ayta ash-Shab, Arnoun, and Tayr Harfa in response to rocket fire from Hezbollah.","The Israel Defense Forces said Saturday that one of its drones was downed by a Hezbollah surface-to-air missile over southern Lebanon amid ongoing fighting against the Iran-backed terror group.","Israel Defense Forces ASSAULT Hezbollah","CONFLICT","ASSAULT","-0.9","Israel Defense Forces","Israeli military","Israel (83)","Hezbollah","Hezbollah","Lebanon (95)","","","","southern Lebanon; Ayta ash-Shab; Arnoun; Tayr Harfa","","Lebanon (95); Lebanon (95); Lebanon (95); Lebanon (95)","1",""
"38e4f0130522","2024-04-02","On April 2, 2024, Israeli forces fired two shells that struck the town of Khiam in southern Lebanon, resulting in the death of a Hezbollah member, Hassan Reda Youssef. This incident occurred amid rising tensions and ongoing clashes between the Israeli army and Hezbollah, following an Israeli attack on the Iranian Consulate in Damascus that killed seven members of the Islamic Revolutionary Guard Corps.","On Tuesday morning, two shells fired by Israeli forces struck the town of Khiam. Hezbollah said that one of its members, Hassan Reda Youssef, a resident of the town who was born in 1986, was killed in the attack.","Israeli forces ASSAULT Hezbollah and Hassan Reda Youssef","CONFLICT","ASSAULT","-0.9","Israeli forces","Israeli military","Israel (83)","Hezbollah; Hassan Reda Youssef","Hezbollah; Hassan Reda Youssef","Lebanon (95); Lebanon (95)","Iranian Consulate in Damascus; Islamic Revolutionary Guard Corps","Iranian consulate in Damascus; Islamic Revolutionary Guard Corps","Iran (80); Iran (80)","Khiam; Damascus","","Lebanon (95); Syria (169)","1",""
"0dbcb0e28c45","2024-03-31","The Israeli military conducted an air strike in the southern Lebanese village of Kounine, targeting and killing senior Hezbollah commander Ismail Al-Zin, who was part of the anti-tank missile unit of Hezbollah’s Radwan forces. The strike was part of ongoing hostilities between Israel and Hezbollah, with Al-Zin described as a significant figure responsible for numerous anti-tank missile attacks against Israel.","Israel has killed a senior Hezbollah commander in an air strike in southern Lebanon, the Israeli military has said. An Israeli warplane targeted Ismail al-Zin in a vehicle in the southern Lebanese village of Kounine on Sunday, the military said on Sunday.","Israeli military ASSAULT Ismail Al-Zin","CONFLICT","ASSAULT","-0.9","Israeli military","Israeli military","Israel (83)","Ismail Al-Zin","Ismail Al-Zin","Lebanon (95)","Hezbollah; Radwan forces","Hezbollah; Radwan forces","Lebanon (95); Lebanon (95)","Kounine","","Lebanon (95)","1",""
"538adb99dfca","2024-03-30","Israeli Defence Minister Yoav Gallant announced an increase in military strikes against Hezbollah, stating that Israel will expand its campaign and increase the rate of attacks in northern regions, including Beirut and Damascus. This announcement follows a recent IDF drone strike that killed a top Hezbollah commander and several other militants in Syria.","Defence Minister Yoav Gallant said the military will 'expand the campaign and increase the rate of attacks in the north' following an assessment at the IDF Northern Command in Safed.","Israel THREATEN Hezbollah","CONFLICT","THREATEN","-0.6","Israel","Israel","Israel (83)","Hezbollah","Hezbollah","Lebanon (95)","","","","Northern regions of Israel; Beirut; Damascus","","Israel (83); Lebanon (95); Syria (169)","1",""
"bdb3d0364958","2024-03-30","An Israeli drone strike targeted United Nations Truce Supervision Organization (UNTSO) military observers and a Lebanese interpreter in the Wadi Qatmoun area near the border town of Rmeish, Lebanon, resulting in injuries to three observers and the interpreter. This incident occurred amidst ongoing exchanges of fire between Hezbollah and Israeli forces, raising concerns over violations of the 2006 Security Council resolution.","Local Lebanese media, citing security officials, said an Israeli drone strike targeted the observers in the Wadi Qatmoun area near the border town of Rmeish.","Israeli military ASSAULT United Nations Truce Supervision Organization (UNTSRO) military observers and a Lebanese interpreter","CONFLICT","ASSAULT","-0.9","Israeli military","Israeli military","Israel (83)","United Nations Truce Supervision Organization (UNTSRO) military observers; Lebanese interpreter","United Nations Truce Supervision Organization (UNTSSO); Lebanese translator","Lebanon (95)","Hezbollah","Hezbollah","Lebanon (95)","Wadi Qalamoun; Rmeish","","Lebanon (95); Lebanon (95)","5",""
"311369140dad","2024-03-30","Three military observers from Australia, Chile, and Norway, along with a Lebanese translator, were wounded in a blast while on foot patrol near the Blue Line, the UN-demarcated border between Israel and Lebanon. The incident occurred amidst ongoing cross-border fire between Israel and Hezbollah militants.","United Nations peacekeepers said three military observers and a translator were wounded Saturday in a blast in southern Lebanon, where Israel and Hezbollah militants trade frequent cross-border fire.","Israel and Hezbollah ASSAULT Australian, Swiss, Norwegian military personnel, and a Lebanese translator","CONFLICT","ASSAULT","-0.9","Israel; Hezbollah","Israel; Hezbollah","Israel (83); Lebanon (95)","Australian military personnel; Swiss military personnel; Norwegian military personnel; Lebanese translator","Australian military personnel; Swiss Armed Forces; Norwegian Armed Forces; Lebanese translator","Australia (9); Switzerland (168); Norway (128); Lebanon (95)","","","","Near the Blue Line, Israel-Lebanon border","","Unknown","1",""
"02cade2d2194","2024-03-30","Four United Nations military observers were wounded while patrolling the southern Lebanese border in Wadi Katmoun, near Rmeich, after a shell exploded nearby. The observers, part of the United Nations Truce Supervision Organization, were reportedly targeted by an Israeli drone strike, which injured three officers from Australia, Chile, and Norway, along with a Lebanese interpreter.","Four United Nations military observers were wounded Saturday while patrolling the southern Lebanese border after a shell exploded near them, the U.N. peacekeeping mission in Lebanon said.","Israel ASSAULT United Nations Truce Supervision Organization and UN military observers","CONFLICT","ASSAULT","-0.9","Israel","Israel","Israel (83)","United Nations Truce Supervision Organization; Australian, Chile, and Norwegian UN military observers; Lebanese interpreter","United Nations Truce Supervision Organization (UNTSSO); United Nations military observers from Chile, Australia, and Norway; Lebanese translator","Lebanon (95)","","","","Wadi Katmoun, near Rmeish","","Lebanon (95)","2",""
"1d45abf3ca69","2024-03-29","The Israeli army conducted cross-border air strikes targeting Hezbollah positions in Syria and Lebanon, resulting in the death of Ali Naim, the deputy head of Hezbollah's rocket unit, and 36 Syrian soldiers, along with seven Hezbollah members and another pro-Iran fighter. The strikes were part of Israel's ongoing military operations against Iran-backed groups amid escalating regional tensions.","Israel launched deadly cross-border strikes Friday on Hezbollah targets in Syria and Lebanon, doubling down on Iran-backed foes and Hamas allies, and fuelling concerns the violence could spark a major regional conflagration.","Israeli army ASSAULT Hezbollah, Syrian soldiers, Ali Naim, and a pro-Iran fighter","CONFLICT","ASSAULT","-0.9","Israeli army","Israeli military","Israel (83)","Hezbollah; Syrian soldiers; Ali Naim; pro-Iran fighter","Hezbollah; Syrian soldiers; Ali Naim; Hostages in Gaza","Lebanon (95); Syria (169); Lebanon (95)","Iran","Iran","Iran (80)","Syria; Lebanon","","Syria (169); Lebanon (95)","2",""
"b5c5ad603538","2024-03-29","Israeli air strikes targeted multiple locations in the Aleppo countryside, Syria, resulting in the deaths and injuries of numerous civilians and military personnel. The Syrian defense ministry reported that the strikes were launched from Athriya, southeast of Aleppo, and various sources indicated that at least 42 individuals, primarily Syrian troops, were killed, along with five fighters from Hezbollah.","""The Israeli enemy launched an air attack from the direction of Athriya, south-east of Aleppo, targeting a number of points in the Aleppo countryside,"" the ministry said in a statement on Friday, without specifying the number of dead.","Israeli military ASSAULT Syrian civilians, Syrian military personnel, and Hezbollah fighters","CONFLICT","ASSAULT","-0.9","Israeli military","Israeli military","Israel (83)","Syrian civilians; Syrian military personnel; Hezbollah fighters","Syrian civilians; Syrian military personnel; Hezbollah","Syria (169); Syria (169); Lebanon (95)","","","","Aleppo countryside; Athriya","","Syria (169); Syria (169)","24",""
"f7684188951d","2024-03-29","Israel conducted multiple airstrikes in North Syria, specifically targeting areas in Aleppo’s countryside, resulting in the deaths of 38 individuals, including five members of Hezbollah. The airstrikes occurred around 1:45 am local time and coincided with UAV attacks from Idlib and western rural Aleppo, which the Syrian Defence Ministry attributed to 'terrorist organisations' targeting civilians.","The Syrian Defence Ministry, in a statement early on Friday, said that the Israeli airstrikes that targeted several areas in Aleppo’s countryside took place around 1:45 am (local time).","Israel ASSAULT Civilians in Aleppo's countryside and Hezbollah militants","CONFLICT","ASSAULT","-0.9","Israel","Israel","Israel (83)","Civilians in Aleppo's countryside; Hezbollah militants","Civilians in Aleppo; Hezbollah","Syria (169); Lebanon (95)","","","","North Syria; Aleppo countryside","","Syria (169); Syria (169)","12",""
"06c5dbb4989e","2024-03-29","The Israeli Defense Forces (IDF) conducted an airstrike in Bazouriye, Lebanon, resulting in the death of Ali Abed Akhsan Naim, the deputy commander of Hezbollah's rocket and missiles unit. The operation targeted Naim due to his role in planning and conducting attacks against Israeli civilians.","The Defense Forces (IDF) said on Friday it had killed Ali Abed Akhsan Naim, deputy commander of Hezbollah's rocket and missiles unit, in an airstrike in the area of Bazouriye in Lebanon.","Israeli Defense Forces ASSAULT Ali Abed Akhtat Naim","CONFLICT","ASSAULT","-0.9","Israeli Defense Forces","Israeli military","Israel (83)","Ali Abed Akhtat Naim","Ali Abed Akhtat Naim","Lebanon (95)","Hezbollah","Hezbollah","Lebanon (95)","Bazoueiy","","Lebanon (95)","4",""
"1c965565a008","2024-03-27","An Israeli airstrike targeted the Emergency and Relief Center of the Islamic Health Authority in the village of Al-Habbariyah, southern Lebanon, resulting in the deaths of at least seven individuals. The strike was described as a 'heinous crime' by Jamaa Islamiya, a Lebanese group affiliated with Hamas.","Two Lebanese security officials told the media that at least seven people have been killed in an Israeli airstrike on an emergency center in southern Lebanon with air-to-surface missiles.","Israeli airstrike ASSAULTED the Emergency and Relief Center of the Islamic Health Authority and civilians in Al-Habbariah.","CONFLICT","ASSAULT","-0.9","Israeli airstrike","Israeli airstrike","Israel (83)","Emergency and Relief Center of the Islamic Health Authority; Civilians in Al-Habbariah","Emergency and Relief Center of the Islamic Health Authority; Civilians in Al-Habbariah","Lebanon (95); Lebanon (95)","Jamaa Islamyah; Hamas","Jamaa Islamiya; Hamas","Lebanon (95); Palestine (195)","Al-Habbariah; Southern Lebanon","","Lebanon (95); Lebanon (95)","1",""
"8a8696adce58","2024-03-27","Israeli airstrikes in southern Lebanon resulted in the deaths of at least eight individuals, including fighters affiliated with Hezbollah. The strikes included an attack on the border village of Tair Harfa and another on a restaurant in Nakura, near the Israeli border.","Meanwhile, reports from Reuters indicate that Israeli airstrikes in southern Lebanon have resulted in the deaths of at least eight individuals, including fighters affiliated with the Shiite Hezbollah group.","Israeli military ASSAULT Hezbollah fighters and civilians in southern Lebanon","CONFLICT","ASSAULT","-0.9","Israeli military","Israeli military","Israel (83)","Hezbollah fighters; Civilians in southern Lebanon","Hezbollah; Civilians in Lebanon","Lebanon (95); Lebanon (95)","","","","southern Lebanon; Tair Harfa; Nakoura","","Lebanon (95); Lebanon (95); Lebanon (95)","1",""
"9bc1529b0e47","2024-03-27","Israeli forces conducted an overnight airstrike on the southern Lebanese village of Hebbariye, targeting a medical center associated with the Sunni militant group al-Jamaa al-Islamiya. The strike resulted in the deaths of at least seven individuals, including medical staff, while Israel claimed to have eliminated a major terrorist and several militants at the site.","An overnight strike on the southern Lebanese village of Hebbariye killed at least seven people... Israel's military claimed that it hit a military facility, killing only militants.","Israeli forces ASSAULT al-Jamaa al-Islamiya and Sunni militants in Hebb Ezer, Lebanon.","CONFLICT","ASSAULT","-0.9","Israeli forces","Israeli military","Israel (83)","al-Jamaa al-Islamiyya; Sunni militants; Medical staff at the medical center","al-Jamaa al-Islamiyya; Sunni militants; Medical staff at the medical center","Lebanon (95); Lebanon (95); Lebanon (95)","","","","Hebb Ezer","","Lebanon (95)","1",""
"aa5f88679938","2024-03-25","On March 25, 2024, Israel conducted multiple airstrikes and artillery shelling operations across southern Lebanon, targeting the town of Kafr Kila, the Hermel district, and the Wadi Faara area. This military action was in response to rocket fire from Lebanon, which included direct fire towards the Israeli 'Hanita' barracks and an Israeli military site in the Western Galilee.","Amid escalating tensions, Israel conducted several airstrikes and artillery shelling operations across southern Lebanon.","Israel ASSAULT Lebanese military","CONFLICT","ASSAULT","-0.9","Israel","Israel","Israel (83)","Lebanese military","Lebanese army","Lebanon (95)","","","","Southern Lebanon; Kafr Kila; Hermel district; Wadi Faara area; Hanita barracks; Western Galilee","","Lebanon (95); Lebanon (95); Lebanon (95); Lebanon (95); Israel (83); Israel (83)","1",""
"175d82ea5d00","2024-03-24","Israeli air strikes targeted a Hezbollah manufacturing site in the Baalbek area of Lebanon, wounding four residents in nearby buildings. The strikes were part of ongoing cross-border exchanges between Israel and Hezbollah amid heightened tensions following the Gaza war.","The Israeli military said in a statement fighter jets 'struck a Hezbollah manufacturing site containing weapons in the area of Baalbek'.","Israel ASSAULT Hezbollah and residents of nearby buildings in Baalbek","CONFLICT","ASSAULT","-0.9","Israel","Israel","Israel (83)","Hezbollah; Residents of nearby buildings in Baalbek","Hezbollah; Residents of nearby buildings in Baalbek","Lebanon (95); Lebanon (95)","","","","Baalbeck area","","Lebanon (95)","1",""
"ccfdff78a225","2024-03-17","The State of Israel responded to a social media post listing countries that deny entry to Israeli passport holders, which included Algeria, Bangladesh, Brunei, Iran, Iraq, Kuwait, Lebanon, Libya, Pakistan, Saudi Arabia, Syria, and Yemen. In reaction, Israel stated, 'We'are good.'","Reacting to the list, Israel wrote, ''We'are good.''","State of Israel ACCUSE countries that deny entry to Israeli passport holders","CONFLICT","ACCUSE","-0.3","State of Israel","State of Israel","Israel (83)","Algeria; Bangladesh; Brunei; Iran; Iraq; Kuwait; Lebanon; Libya; Pakistan; Saudi Arabia; Syria; Yemen","Algeria; Bangladesh; Brunei; Iran; Iraq; Kuwait; Lebanon; Libya; Pakistan; Saudi Arabia; Syria; Yemen","Algeria (3); Bangladesh (14); Brunei (25); Iran (80); Iraq (81); Kuwait (91); Lebanon (95); Libya (98); Pakistan (130); Saudi Arabia (151); Syria (169); Yemen (191)","","","","Immaterial","","Immaterial","1",""
"fe5a5e7744b7","2024-03-17","Israel conducted airstrikes targeting several sites in southern Syria, reportedly hitting military locations including a weapons shipment in the Qalamoun mountains, which is known for Hezbollah operations. The strikes occurred around 12:42 AM local time and resulted in material losses and injuries to a soldier, marking the 24th Israeli strike in Syria for the year.","Israel reportedly strikes several sites in Syria... The strikes led to 'material losses' and the wounding of a soldier, the statement said.","Israel ASSAULT Syrian military and Hezbollah","CONFLICT","ASSAULT","-0.9","Israel","Israel","Israel (83)","Syrian military; Hezbollah","Syrian military; Hezbollah","Syria (169); Lebanon (95)","","","","southern Syria; Qalamoun mountains","","Syria (169); Syria (169)","6",""
"c468415a73fa","2024-03-13","An Israeli drone strike targeted a car in southern Lebanon near the coastal city of Tyre, resulting in the death of a member of Hamas' military wing, identified as Hadi Mustafa, and at least one civilian. The strike is part of ongoing military actions following the Israel-Hamas conflict that began on October 7, 2023.","An Israeli drone strike targeted a car in southern Lebanon near the coastal city of Tyre, killing a member of the Palestinian militant Hamas group and a civilian.","Israeli military ASSAULT Hamas military wing and civilians in southern Lebanon","CONFLICT","ASSAULT","-0.9","Israeli military","Israeli military","Israel (83)","Hamas military wing; Civilians in southern Lebanon","Hamas military wing; Civilians in Lebanon","Palestine (195); Lebanon (95)","","","","Southern Lebanon; Near the coastal city of Tyre","","Lebanon (95); Lebanon (95)","1",""
"3c203eb13c6f","2024-03-13","An Israeli drone strike targeted a car in southern Lebanon near the coastal city of Tyre, resulting in the deaths of a Hamas member and a civilian. The Lebanese Foreign Ministry announced plans to file a complaint at the UN Security Council regarding Israel's increasing attacks on Lebanon.","An Israeli drone strike targeted a car in southern Lebanon near the coastal city of Tyre, killing a Hamas member and a civilian. Lebanon’s Foreign Ministry said it will file a complaint at the UN Security Council over Israel’s increasing attacks on the country.","Israeli drone strike ASSAULT Hamas member and Lebanese civilian","CONFLICT","ASSAULT","-0.9","Israeli drone strike","Israeli drone strike","Israel (83)","Hamas member; Lebanese civilian","Hamas representatives; Lebanese civilians","Palestine (195); Lebanon (95)","United Nations Security Council","United Nations Security Council","United Nations","Southern Lebanon; Tyre","","Lebanon (95); Lebanon (95)","1",""
"9b20444fd08b","2024-03-12","The Israeli military conducted airstrikes on Hizbollah positions in eastern Lebanon, resulting in the death of one individual and injuries to ten others. The strikes targeted two Hizbollah military command centers in the Baalbek area, which Israel claims were used to store significant assets for Hizbollah's weapons arsenal.","Israeli strikes on eastern Lebanon killed one person on Tuesday, a security source said, in an escalation of cross-border fire with the powerful Hizbollah movement that has raised fears of spiralling violence.","Israeli military ASSAULT Hizbollah","CONFLICT","ASSAULT","-0.9","Israeli military","Israeli military","Israel (83)","Hizbullah","Hizbullah","Lebanon (95)","","","","Hizbullah positions, eastern Lebanon; Baalbeck area, Lebanon","","Lebanon (95); Lebanon (95)","1",""
"0207c0b7b8f6","2024-03-11","Israeli warplanes conducted airstrikes on eastern Lebanon, specifically targeting areas near the city of Baalbek in the Bekaa Valley. This action was part of an ongoing conflict following Israel's war on Gaza, and it resulted in civilian casualties, prompting the Lebanese government to announce plans to file a complaint with the UN Security Council.","This week, tensions further escalated after Israeli warplanes carried out deadly strikes on eastern Lebanon for the second time since the Gaza war erupted.","Israeli warplanes ASSAULT Lebanese civilians","CONFLICT","ASSAULT","-0.9","Israeli warplanes","Israeli warplanes","Israel (83)","Lebanese civilians","Lebanese civilians","Lebanon (95)","United Nations Security Council","United Nations Security Council","United Nations","Eastern Lebanon; Near Baalbek","","Lebanon (95); Lebanon (95)","1",""
"fad05b4da697","2024-03-10","Israel conducted retaliatory strikes against Hezbollah in response to ongoing attacks from the Iranian-backed group. This action is part of a broader strategy to address the perceived impunity of Hezbollah, which has been launching attacks against Israel while stockpiling weapons in southern Lebanon.","Even though Israel has struck back at Hezbollah, the group believes that every attack it carries out will be met with an equal or proportional reaction.","Israel ASSAULT Hezbollah","CONFLICT","ASSAULT","-0.9","Israel","Israel","Israel (83)","Hezbollah","Hezbollah","Lebanon (95)","Iranian-backed group","Iranian-backed groups","Iran (80)","Israel; southern Lebanon","","Israel (83); Lebanon (95)","1",""
"aed376c79205","2024-03-04","Three paramedics affiliated with Hezbollah were killed in an Israeli strike on an emergency center in Adaysseh, south Lebanon. This incident occurred amid escalating cross-border hostilities following the Israel-Hamas war, with Hezbollah reporting the deaths as a result of a direct attack.","Three paramedics affiliated with Hezbollah were killed in an Israeli strike on south Lebanon Monday, the group said, amid escalating cross-border hostilities in the wake of the Israel-Hamas war.","Israel ASSAULT Hezbollah-affiliated paramedics","CONFLICT","ASSAULT","-0.9","Israel","Israel","Israel (83)","Hezbollah-affiliated paramedics","Hezbollah paramedics","Lebanon (95)","","","","Adaysseh","","Lebanon (95)","1",""
"b4c7b3f32059","2024-03-04","The Israeli military conducted bombardments on the Lebanese village of Markaba, resulting in visible smoke from the attacks. This action occurred amid heightened tensions and ongoing conflict between Israel and Lebanon.","A picture taken from northern Israel, along the border with southern Lebanon on March 4, 2024, shows smoke billowing following Israeli bombardment on the Lebanese village of Markaba.","Israeli military ASSAULT Lebanese civilians","CONFLICT","ASSAULT","-0.9","Israeli military","Israeli military","Israel (83)","Lebanese civilians","Lebanese civilians","Lebanon (95)","","","","Markaka","","Lebanon (95)","1",""
"384ce52b7914","2024-03-04","Three paramedics affiliated with Hezbollah were killed in an Israeli airstrike on an emergency center in Odaisseh, south Lebanon. This incident occurred amid escalating cross-border hostilities during the ongoing Israel-Hamas war, prompting Hezbollah to announce retaliatory fire against Israeli positions.","Three paramedics affiliated with Hezbollah were killed in an Israeli strike on south Lebanon Monday, the group said, later announcing retaliatory fire, amid escalating cross-border hostilities during the Israel-Hamas war.","Israel ASSAULT Hezbollah","CONFLICT","ASSAULT","-0.9","Israel","Israel","Israel (83)","Hezbollah","Hezbollah","Lebanon (95)","","","","Dahiyeh, south Lebanon","","Lebanon (95)","1",""
"a9452ba748cb","2024-03-02","Israeli airstrikes targeted a compound used by the Islamic Revolutionary Guard Corps (IRGC) in Baniyas, Syria, resulting in the death of IRGC Navy advisor Col. Reza Zareai and two unidentified members of Lebanese Hezbollah. The airstrike aimed to disrupt Iranian military operations in support of Syrian President Bashar al-Assad against opposition groups.","Israeli airstrikes on the Syrian port of Baniyas killed IRGC Navy advisor Col. Reza Zareai along with two unidentified members of Lebanese Hezbollah.","Israeli airstrikes ASSAULT Islamic Revolutionary Guard Corps (IRGC) and Lebanese Hezbollah","CONFLICT","ASSAULT","-0.9","Israeli airstrikes","Israeli airstrike","Israel (83)","Islamic Revolutionary Guard Corps (IRGC); Lebanese Hezbollah","Islamic Revolutionary Guard Corps (IRGC); Hezbollah","Iran (80); Lebanon (95)","Bashar al-Assad; opposition groups in Syria","Bashar al-Assad; Hostages in Gaza","Syria (169)","Baniyas","","Syria (169)","1",""
"6cad21ec084e","2024-03-02","The Israeli military conducted an airstrike on a vehicle in southern Lebanon, resulting in the deaths of three Hezbollah fighters. This action is part of ongoing hostilities that have escalated over the past five months, particularly following the outbreak of war between Israel and Hamas.","An Israeli strike on a car in south Lebanon Saturday killed three Hezbollah fighters, a security source said, the latest in almost five-months of escalating cross-border fire between the Iran-backed group and Israel.","Israeli military ASSAULT Hezbollah fighters","CONFLICT","ASSAULT","-0.9","Israeli military","Israeli military","Israel (83)","Hezbollah fighters","Hezbollah","Lebanon (95)","","","","southern Lebanon","","Lebanon (95)","1",""
"d2b655871b1e","2024-02-27","Israeli Defense Minister Yoav Gallant issued a warning regarding the potential for Iran, Hezbollah, and Hamas to exploit the Ramadan period to incite violence against Israel. He expressed concerns that these groups aim to provoke attacks from Palestinians in the West Bank and other Arab and Muslim populations, using the Temple Mount and existing tensions as a pretext.","Defense Minister Yoav Gallant on Tuesday warned that Iran, Hezbollah, and Hamas are trying to use Ramadan to inflame the region so as to achieve another October 7 disaster against Israel.","Yoav Gallant ACCUSE Iran, Hezbollah, and Hamas","CONFLICT","ACCUSE","-0.3","Yoav Gallant","Yoav Gallant","Israel (83)","Iran; Hezbollah; Hamas","Iran; Hezbollah; Hamas","Iran (80); Lebanon (95); Palestine (195)","Palestinians in the West Bank; Other Arab and Muslim populations","Palestinians in the West Bank; Arab populations","Palestine (195)","Immaterial","","Immaterial","1",""
"9ae3e1412b27","2024-02-26","The Israeli military conducted airstrikes targeting Hezbollah positions near the Lebanese city of Baalbek, prompting Hezbollah to retaliate by firing dozens of missiles at the Meron air control base on Jabal Al-Jarmaq. This escalation in hostilities has raised concerns about the potential impact on ceasefire negotiations and the political resolution of the conflict.","His comments came a day after Israel targeted Hezbollah positions near the Lebanese city of Baalbek. Hezbollah hit back by firing dozens of missiles at the Meron air control base on Jabal Al-Jarmaq (Mount Meron).","Israeli military ASSAULT Hezbollah","CONFLICT","ASSAULT","-0.9","Israeli military","Israeli military","Israel (83)","Hezbollah","Hezbollah","Lebanon (95)","","","","Baalbeck; Jabal Al-Jarmaq; Meron air control base","","Lebanon (95); Lebanon (95); Lebanon (95)","5",""
"f04ce497a9b6","2024-02-25","The Israeli Air Force conducted three air strikes on the outskirts of Buday, near Baalbek, Lebanon, targeting a convoy of trucks associated with Hezbollah. This action was part of Israel's intensified military operations against Hezbollah, as stated by Israel's defense minister Yoav Gallant, and resulted in at least two fatalities.","Lebanese security officials said Israel’s air force carried out three air strikes on the outskirts of the village of Buday, near Baalbek, targeting a convoy of trucks.","Israeli Air Force ASSAULT Hezbollah","CONFLICT","ASSAULT","-0.9","Israeli Air Force","Israeli Air Force","Israel (83)","Hezbollah","Hezbollah","Lebanon (95)","","","","Outer suburbs of Buday, near Baalbek","","Lebanon (95)","1",""
"b71b957cd61c","2024-02-23","Israeli Foreign Minister Israel Katz sent a letter to the United Nations Security Council addressing the transfer of weapons from Iran to Hezbollah, which he claims violates Resolution 1701. The letter details the methods of transfer and urges the Lebanese government to take responsibility for preventing attacks against Israel.","The Security Council must also call on the Lebanese government to fully implement its decisions, take responsibility and prevent attacks from its territory against Israel, and ensure that the area up to the Litani River is free of military presence, assets or weapons.","Israel Katz REQUEST Lebanese government","CONFLICT","REQUEST","-0.2","Israel Katz","Israel Katz","Israel (83)","Lebanese government","Lebanese government","Lebanon (95)","United Nations Security Council; Iran; Hezbollah","United Nations Security Council; Iran; Hezbollah","Iran (80); Lebanon (95)","United Nations Security Council","","United Nations","1",""
"1ca9f2c1ea55","2024-02-22","Israel conducted airstrikes in Lebanon, killing Hassan Mahmoud Saleh, a top Hezbollah missile unit commander, in Kafr Rumman, and three paramedics affiliated with Hezbollah's Islamic Health Authority in Blida. The strikes were part of Israel's ongoing military actions against high-profile officials of the Axis of Resistance.","Israel killed a top Hezbollah official and three paramedics affiliated with the group in airstrikes on Thursday.","Israel ASSAULT Hezbollah and its Islamic Health Authority","CONFLICT","ASSAULT","-0.9","Israel","Israel","Israel (83)","Hezbollah; Islamic Health Authority","Hezbollah; Islamic Health Authority","Lebanon (95); Lebanon (95)","High-profile officials of the Axis of Resistance","High-profile officials of the Axis of Resistance","Lebanon (95)","Kafr Ramlam; Bliya","","Lebanon (95); Lebanon (95)","1",""
"53e302dfbb60","2024-02-21","An Israeli airstrike in Majdal Zoun, a village in south Lebanon, resulted in the deaths of a woman and a child. This strike occurred amidst ongoing hostilities between Israel and Hezbollah, following Hezbollah's vow to retaliate for civilian casualties caused by Israeli actions.","An Israeli strike killed a woman and a child in south Lebanon on Wednesday, sources in Lebanon said, days after Hezbollah vowed to inflict a price on Israel for killing civilians in the conflict across the Israeli-Lebanese border.","Israeli military ASSAULT Lebanese civilians","CONFLICT","ASSAULT","-0.9","Israeli military","Israeli military","Israel (83)","Lebanese civilians","Lebanese civilians","Lebanon (95)","Hezbollah","Hezbollah","Lebanon (95)","Majdal Zoun","","Lebanon (95)","1",""
"86c20b67a298","2024-02-20","The Israeli military conducted air strikes targeting factories and warehouses in the vicinity of Ghaziyeh and near the port city of Sidon, Lebanon. This action was taken in response to a drone launched into Israel by the Lebanese militant group Hezbollah, with reports indicating at least 14 injuries, primarily among Syrian workers.","The Israeli military has stated that these air strikes were a response to a drone launched into Israel by the Lebanese militant group Hezbollah.","Israeli military ASSAULT Syrian workers in Lebanon","CONFLICT","ASSAULT","-0.9","Israeli military","Israeli military","Israel (83)","Factories and warehouses in the vicinity of Ghaiziyeh and near the port city of Sidon; Syrian workers","Factories and warehouses in the vicinity of Ghaiziyeh and near the port city of Sidon; Syrian workers","Lebanon (95); Syria (169)","Hezbollah","Hezbollah","Lebanon (95)","Ghaziyeh; Sidon","","Lebanon (95); Lebanon (95)","1",""
"2a283270ca8b","2024-02-19","Israeli Defense Minister Yoav Gallant announced an intention to intensify military operations against Hezbollah, indicating that Israel could conduct attacks up to 50 kilometers into Lebanon, including toward Beirut. This statement was made amidst escalating tensions and threats exchanged between Israeli and Hezbollah leaders.","Defense Minister Yoav Gallant pledged to intensify operations against Hezbollah, warning that Israel could attack to a depth of 50 kilometers 'toward Beirut and anywhere else.'","Israeli Defense Minister Yoav Gallant THREATEN Hezbollah","CONFLICT","THREATEN","-0.6","Israeli Defense Minister Yoav Gallant","Israeli Defense Minister Yoav Gallant","Israel (83)","Hezbollah","Hezbollah","Lebanon (95)","","","","Lebanon; Beirut","","Lebanon (95); Lebanon (95)","1",""
"1259f4e74977","2024-02-16","Israel's Foreign Minister Israel Katz called on the international community at a Security Conference in Munich to pressure Hezbollah and Iran to withdraw from South Lebanon and to implement U.N. resolution 1701. He warned that Israel would take military action if diplomatic efforts fail.","""The world must pressure Iran and Hezbollah to withdraw from South Lebanon and implement U.N. resolution 1701,"" Katz said at a Security Conference in Munich.","Israel's Foreign Minister Israel Katz THREATEN Hezbollah and Iran","CONFLICT","THREATEN","-0.6","Israel Katz","Israel Katz","Israel (83)","Hezbollah; Iran","Hezbollah; Iran","Lebanon (95); Iran (80)","United Nations","United Nations","United Nations","Munich","","Germany (66)","1",""
"226d083c94a3","2024-02-15","The Israel Defense Forces (IDF) conducted an overnight airstrike in Nabatieh, Lebanon, targeting a Hezbollah military structure, which resulted in the death of Ali Muhammad Aldbas, a senior commander of the Radwan forces. The strike also killed his deputy commander, Ibrahim Issa, and another individual. This action was part of ongoing military operations amid the Israel-Hamas conflict.","The Israel Defense Forces (IDF) announced Thursday that an overnight airstrike targeting a 'Hezbollah military structure' in Nabatieh killed Ali Muhammad Aldbas, a senior commander of the Radwan forces.","Israel Defense Forces ASSAULT Hezbollah","CONFLICT","ASSAULT","-0.9","Israel Defense Forces","Israeli military","Israel (83)","Hezbollah; Ali Muhammad Aldavas; Ibrahim Issa","Hezbollah; Ali Muhammad Aldavas; Ibrahim Issa","Lebanon (95); Lebanon (95); Lebanon (95)","","","","Nabatieh","","Lebanon (95)","1",""
"a8832283df67","2024-02-15","An Israeli military attack occurred in Rafah, southern Gaza Strip, resulting in the deaths of at least seven members of a family and three Hezbollah fighters who were present in the building. This incident highlights the ongoing tensions between Israel and Lebanon.","an Israeli attack on Thursday, Feb. 15, that claimed the lives of at least seven members of the same family and three Hezbollah fighters who were in the building, according to Lebanese local media.","Israel ASSAULT Palestinian family in Rafah and Hezbollah fighters","CONFLICT","ASSAULT","-0.9","Israel","Israel","Israel (83)","Palestinian family in Rafah; Hezbollah fighters","Palestinian displaced families in Rafah; Hezbollah","Palestine (195); Lebanon (95)","","","","Rafah, southern Gaza Strip","","Palestine (195)","1",""
"e7a27a579796","2024-02-15","Israeli airstrikes targeted several towns in southern Lebanon, resulting in the deaths of at least nine people, including seven civilians. This incident marks the highest single-day civilian death toll in Lebanon since the onset of cross-border hostilities in October, raising concerns about a potential escalation in conflict between Israel and Hezbollah.","Israeli airstrikes in southern Lebanon resulted in the deaths of at least nine people, seven of them civilians on Thursday, 15 February, the worst single-day civilian death number in Lebanon since cross-border hostilities started in October, and has raised fears of a broader conflict between Israel and militant group Hezbollah.","Israeli airstrikes ASSAULT Civilians in southern Lebanon","CONFLICT","ASSAULT","-0.9","Israeli airstrikes","Israeli airstrike","Israel (83)","Civilians in southern Lebanon","Civilians in Lebanon","Lebanon (95)","Hezbollah","Hezbollah","Lebanon (95)","Southern Lebanon","","Lebanon (95)","2",""
"32459c707e26","2024-02-14","On February 14, 2024, Israeli airstrikes in south Lebanon resulted in the deaths of nine individuals, including seven civilians. This incident occurred amidst ongoing cross-border violence, which has claimed at least 253 lives on the Lebanese side since hostilities began in October. The strikes included an attack on a residential building in Nabatiyeh, killing four civilians from the same family, and another strike in Sawwaneh, which killed three members of a family, including a Syrian woman and her two children.","Nine people, seven of them civilians, were killed on Wednesday in Israeli strikes on south Lebanon, official sources said, while the Israeli army said it lost a soldier in cross-border rocket fire.","Israeli military ASSAULT Lebanese and Syrian civilians","CONFLICT","ASSAULT","-0.9","Israeli military","Israeli military","Israel (83)","Lebanese civilians; Syrian civilians","Lebanese civilians; Syrian civilians","Lebanon (95); Syria (169)","","","","South Lebanon; Nabatiyah; Sawwaneh","","Lebanon (95); Lebanon (95); Lebanon (95)","10",""
"904de0d79d02","2024-02-14","The Israeli military launched airstrikes against Hezbollah targets in Lebanon following a rocket barrage from Hezbollah that killed one woman and injured eight others in northern Israel. The airstrikes were a response to the attack, which struck several communities including Kibbutz Manara and Moshav Netu’a.","Israel is launching airstrikes against Hezbollah targets in Lebanon Wednesday, after the terrorist organization launched a rocket barrage that killed one woman and injured eight others in Israel.","Israeli military ASSAULT Hezbollah","CONFLICT","ASSAULT","-0.9","Israeli military","Israeli military","Israel (83)","Hezbollah","Hezbollah","Lebanon (95)","","","","Lebanon; Kibbuth Manara; Moshav Netufa'a","","Lebanon (95); Lebanon (95); Lebanon (95)","2",""
"42b3eacfb780","2024-02-14","In response to a rocket attack from Hezbollah that killed a woman in Tzfat, Israel conducted extensive airstrikes in southern Lebanon on February 14, 2024. The strikes resulted in the deaths of four individuals and left eight Israelis wounded, escalating tensions at the northern border.","Israel is reportedly carrying out extensive strikes inside southern Lebanon on Wednesday in response to the deadly rocket attack from Hezbollah, the Lebanese terror group, which also left eight Israelis wounded. Israel’s strike has reportedly killed four people.","Israel ASSAULT Hezbollah and civilians in southern Lebanon","CONFLICT","ASSAULT","-0.9","Israel","Israel","Israel (83)","Hezbollah; Civilians in southern Lebanon","Hezbollah; Civilians in Lebanon","Lebanon (95); Lebanon (95)","","","","southern Lebanon; Tzfat","","Lebanon (95); Israel (83)","1",""
"9c15b94dc331","2024-02-11","The Israel Defense Forces (IDF) conducted a drone strike in Bint Jbeil, Southern Lebanon, targeting a vehicle carrying Hezbollah operatives, including senior official Muhammad Abd al-Rasoul Alawiyah. The operation aimed to eliminate a key figure associated with Hezbollah and resulted in the destruction of terrorist infrastructure in the region.","The Israel Defense Forces confirmed that the military attacked a vehicle carrying Hezbollah operatives in the Maroun al-Ras area.","Israel Defense Forces ASSAULT Hezbollah operatives and senior official Muhammad Abd al-Rasoul Alawiyah","CONFLICT","ASSAULT","-0.9","Israel Defense Forces","Israeli military","Israel (83)","Hezbollah operatives; Muhammad Abd al-Rasoul Alawiyah","Hezbollah; Muhammad Abd al-Rasoul Alawiyah","Lebanon (95); Lebanon (95)","","","","Bint Jbeil; Southern Lebanon","","Lebanon (95); Lebanon (95)","1",""
"c8744c13974e","2024-02-10","An Israeli drone strike targeted a vehicle in Jadra, Lebanon, killing at least two civilians. The strike aimed at a Hamas official, Basel Salah, who survived the attack. The incident occurred 35 kilometers from Beirut and is noted as the second attack in Lebanon within the week.","An Israeli drone raid that hit a car 35km (22 miles) from the Lebanese capital, Beirut, has killed at least two people, but a Hamas official who was the target survived the attack, security sources told Al Jazeera.","Israeli drone strike ASSAULT Civilians in Jadra and Bashar Salah","CONFLICT","ASSAULT","-0.9","Israeli drone strike","Israeli drone strike","Israel (83)","Civilians in Jadra; Bassem Salah","Civilians in Jadra; Bassem Salah","Lebanon (95); Palestine (195)","Hamas","Hamas","Palestine (195)","Jadra; Beirut","","Lebanon (95); Lebanon (95)","1",""
"300adfcc9948","2024-02-08","The Israeli Defense Forces (IDF) reported that nearly 30 rockets were launched from Lebanon towards northern Israel, specifically triggering sirens in Upper Galilee. The rockets landed in open fields, and there were no immediate casualties reported. In response, the IDF conducted artillery fire at the launch site and airstrikes on a house in Meiss Al Jabal, southern Lebanon.","According to the Xinhua news agency, the IDF reported that rockets, causing sirens in Upper Galilee of northern Israel, landed in open fields with no immediate casualties reported.","Israeli Defense Forces ASSAULT Lebanese military","CONFLICT","ASSAULT","-0.9","Israeli Defense Forces","Israeli military","Israel (83)","Lebanese military","Lebanese army","Lebanon (95)","","","","Lebanon; Northern Israel; Upper Galilee; Meiss Al Jabal","","Lebanon (95); Israel (83); Israel (83); Lebanon (95)","1",""
"37a4f7eb6f5d","2024-02-05","Israeli Foreign Minister Israel Katz announced that Israel will take military action to return evacuated citizens to its northern border area if a diplomatic solution is not reached regarding the escalating tensions and daily cross-border fire with Lebanon. This statement was made during a meeting with French Foreign Minister Stephane Sejourne.","""time is running out"" to reach a diplomatic solution in south Lebanon, as tensions flare between the two countries, with daily cross-border fire. ""Israel will act militarily to return the evacuated citizens"" to its northern border area if no diplomatic solution is reached to end the violence, Katz told his visiting French counterpart Stephane Sejourne, according to a statement issued by the Israeli foreign ministry.","Israel THREATEN Lebanon","CONFLICT","THREATEN","-0.6","Israel","Israel","Israel (83)","Lebanon","Lebanon","Lebanon (95)","France","France","France (62)","Immaterial","","Immaterial","1",""
"f1b50dfc9543","2024-02-03","The Amal Movement confirmed that two of its fighters, Ali Khalil Mohammad and Mustafa Abbas Daher, were killed in an Israeli airstrike in the southern border town of Blida, Lebanon. This incident occurred while they were reportedly performing their national and jihadist duty in defense of Lebanon and the South.","The Amal Movement confirmed Saturday that two of its fighters were killed in an Israeli airstrike overnight in the southern border town of Blida.","Israel ASSAULTED Ali Khalil Mohammad and Mustafa Abbas Dahab of the Amal Movement","CONFLICT","ASSAULT","-0.9","Israel","Israel","Israel (83)","Ali Khalil Mohammad; Mustafa Abbas Dahab","Ali Khalil Mohammad; Mustafa Abbas Dahab","Lebanon (95); Lebanon (95)","Amal Movement","Amal Movement","Lebanon (95)","Blida","","Lebanon (95)","1",""
"90f46f6bc9af","2024-02-03","The Israel Defense Forces issued a warning to Hezbollah in Lebanon, stating they would be ready to attack immediately if provoked. This statement was made by military spokesperson Daniel Hagari, who emphasized Israel's preparedness to act against Hezbollah in Lebanon and Syria, amidst ongoing tensions related to the conflict in Gaza.","Israel’s military has issued its most detailed warning yet to Hezbollah in neighbouring Lebanon that it would be 'ready to attack immediately' if provoked.","Israel Defense Forces THREATEN Hezbollah","CONFLICT","THREATEN","-0.6","Israel Defense Forces","Israeli military","Israel (83)","Hezbollah","Hezbollah","Lebanon (95)","Daniel Hagai","Daniel Hagai","Israel (83)","Lebanon; Syria","","Lebanon (95); Syria (169)","2",""
"d52af7d815a6","2024-02-03","The Israeli army conducted air and ground attacks on more than 50 Hezbollah targets in Syria and over 3,400 targets in Lebanon since the onset of the war with Hamas on October 7, 2023. This military action aims to counter Hezbollah's involvement alongside Syrian President Bashar Assad and to prevent Iranian influence in the region.","Since the beginning of the war, we have attacked, from the ground and air, more than 50 such targets of Hezbollah spread throughout Syria.","Israeli army ASSAULT Hezbollah, Bashar Assad, and Iran","CONFLICT","ASSAULT","-0.9","Israeli army","Israeli military","Israel (83)","Hezbollah; Syrian President Bashar Assad; Iranian influence","Hezbollah; Bashar al-Assad; Iranian influence","Lebanon (95); Syria (169); Iran (80)","","","","Syria; Lebanon","","Syria (169); Lebanon (95)","2",""
"eeebccc01bc8","2024-02-02","Israeli Defense Minister Yoav Gallant issued a warning regarding the ongoing hostilities with Hezbollah, stating that a potential pause in the Israel-Hamas war in Gaza would not lead to a ceasefire against Hezbollah. This statement was made after Gallant met with troops from the Israeli army’s Alpine Unit on Mount Hermon.","“If Hezbollah thinks that when there’s a pause in fighting in the south (Gaza), we will hold fire against it, it’s sorely mistaken,” Gallant said after meeting troops from the Israeli army’s Alpine Unit on Mount Hermon, according to a statement from his office.","Yoav Gallant ACCUSE Hezbollah","CONFLICT","ACCUSE","-0.3","Yoav Gallant","Yoav Gallant","Israel (83)","Hezbollah","Hezbollah","Lebanon (95)","Israeli army's Alpine Unit","Israeli army's Alpine Unit","Israel (83)","Mount Hermon; Gaza","","Israel (83); Palestine (195)","1",""
"f09e4d51810b","2024-02-01","Israeli air strikes targeted pro-Iran fighters south of Damascus, Syria, resulting in the deaths of three members of pro-Iran groups, including an Iranian adviser from the Islamic Revolutionary Guard Corps. The strikes hit a site operated by Hezbollah and another location near Damascus airport.","Three members of pro-Iran groups, including an Iranian and an Iraqi, were killed in 'Israeli air strikes'.","Israeli military ASSAULT pro-Iran fighters, including an Iranian adviser from the Islamic Revolutionary Guard Corps, and Hezbollah","CONFLICT","ASSAULT","-0.9","Israeli military","Israeli military","Israel (83)","Pro-Iran fighters; Islamic Revolutionary Guard Corps; Hezbollah","Iran-backed fighters; Islamic Revolutionary Guard Corps; Hezbollah","Iran (80); Iran (80); Lebanon (95)","","","","South of Damascus; Near Damascus airport","","Syria (169); Syria (169)","1",""
"0219f47e768d","2024-01-29","Israeli forces conducted airstrikes in Sayyida Zeinab, south of Damascus, Syria, targeting a base associated with Hezbollah and Iran's Revolutionary Guards. The strikes resulted in the deaths of seven individuals, including pro-Iran fighters and two Syrians, one of whom was a security escort to an Iranian officer.","Israeli strikes targeted a base belonging to Hezbollah and Iran's Revolutionary Guards, killing seven people including pro-Iran fighters, said Rami Abdel Rahman, director of the Syrian Observatory for Human Rights.","Israeli forces ASSAULT Hezbollah, Iran's Revolutionary Guards, pro-Iran fighters, Syrian security personnel, and an Iranian officer in Sayahida Zeinab, south of Damascus, Syria.","CONFLICT","ASSAULT","-0.9","Israeli forces","Israeli military","Israel (83)","Hezbollah; Iranian Revolutionary Guards; Pro-Iran fighters; Syrian security personnel; Iranian officer","Hezbollah; Iran's Revolutionary Guard; Hostages in Gaza; Syrian military personnel; Iranian military officers","Lebanon (95); Iran (80); Syria (169); Iran (80)","","","","Sayeda Zeinab, south of Damascus","","Syria (169)","2",""
"8c2754de65b4","2024-01-23","The Israeli military conducted a targeted airstrike in the Haret Hreik neighborhood of suburban Beirut, Lebanon, aimed at killing Hezbollah commander Fuad Shukr, who was allegedly responsible for a previous rocket attack that resulted in the deaths of 12 individuals in the Israeli-occupied Golan Heights. The strike resulted in dozens of injuries and at least one additional fatality.","The Israeli military said its 'targeted strike' sought to kill 'the commander responsible' in a July 27 rocket attack that left 12 young people dead in the Israeli-occupied Golan Heights.","Israeli military ASSAULT Hezbollah and Fadi Shoulh","CONFLICT","ASSAULT","-0.9","Israeli military","Israeli military","Israel (83)","Hezbollah; Fadi Shoulh","Hezbollah; Fadi Shoukhi","Lebanon (95); Lebanon (95)","","","","Haret Hreik neighborhood, suburban Beirut; Golan Heights","","Lebanon (95); Israel (83)","1",""
"f5f12d30cb16","2024-01-22","Israeli War Council member Benny Gantz communicated to French Defense Minister that Israel is preparing to launch a large-scale military operation into Lebanese territory. This statement reflects Israel's ongoing military strategy and the current security situation along its northern border.","Israeli War Council member Benny Gantz has conveyed to the French Defense Minister that Israel is on the verge of launching a large-scale operation deep into Lebanese territory.","Israel THREATEN Lebanon","CONFLICT","THREATEN","-0.6","Israel","Israel","Israel (83)","Lebanon","Lebanon","Lebanon (95)","Benny Gantz; French Defense Minister","Benny Gantz; Defense ministers from France","Israel (83); France (62)","Lebanese territory","","Lebanon (95)","1",""
"4bfa4cbb055d","2024-01-21","An Israeli airstrike targeted two vehicles near a Lebanese army checkpoint in Kafra, south Lebanon, resulting in the death of a Hezbollah member, Fadel Shaar, and wounding seven others, including civilians. This action is part of a shift in Israeli strategy towards targeted killings amid ongoing clashes with Hezbollah.","An Israeli airstrike hit two vehicles near a Lebanese army checkpoint in south Lebanon on Sunday, killing a Hezbollah member and wounding several other people, including civilians, Lebanese state media and health officials reported.","Israeli airstrike ASSAULT Hezbollah member Fadel Shaar and Lebanese civilians","CONFLICT","ASSAULT","-0.9","Israeli airstrike","Israeli airstrike","Israel (83)","Hezbollah member Fadel Shaar; Hezbollah fighters and Lebanese civilians","Hezbollah member Fadel Shaar; Civilians in Hezbollah-controlled areas","Lebanon (95); Lebanon (95)","","","","Kafra","","Lebanon (95)","1",""
"9a824455c34f","2024-01-21","Two Hezbollah terrorists from the Lebanese terror organization's VIP and leaders' protection unit were killed in an Israeli drone strike on a vehicle in the village of Kafra, southern Lebanon. The strike targeted a vehicle securing a senior member of Hezbollah, Fadi Suleiman, who was reported as one of the fatalities.","Two Hezbollah terrorists from the Lebanese terror organization's VIP and leaders' protection unit were killed in an alleged Israeli drone strike on a vehicle in the village of Kafra in southern Lebanon, local media reported on Sunday.","Israel ASSAULT Hezbollah terrorists from the Lebanese terror organization VIP and leaders' protection unit and Fadi Suleiman","CONFLICT","ASSAULT","-0.9","Israel","Israel","Israel (83)","Hezbollah terrorists from the Lebanese terror organization VIP and leaders' protection unit; Fadi Suleiman","Hezbollah terrorists from the Lebanese terror organization VIP and leaders' protection unit; Fadi Suleiman","Lebanon (95); Lebanon (95)","","","","Kafra; Southern Lebanon","","Lebanon (95); Lebanon (95)","1",""
"7a05bb8c6a3b","2024-01-20","An Israeli drone strike near the southern Lebanese port city of Tyre killed two individuals, including a Hezbollah member, and two others in a nearby orchard. The strike targeted a vehicle carrying the individuals, one of whom was identified as Ali Hudruj, a local Hezbollah commander.","A few hours later, an Israeli drone strike on a car near the southern Lebanese port city of Tyre killed two people, including a Hezbollah member, who were in the vehicle and two people who were in a nearby orchard.","Israeli military ASSAULTED Hezbollah members and Lebanese civilians near the southern Lebanese port city of Tyre.","CONFLICT","ASSAULT","-0.9","Israeli military","Israeli military","Israel (83)","Ali Hudouri; Hezbollah member; Local Hezbollah commander; Civilians in the vehicle","Ali Hudouri; Hezbollah; Hezbollah commanders; Civilians in the vehicle","Lebanon (95); Lebanon (95); Lebanon (95); Lebanon (95)","","","","Southern Lebanese Port City, Tyre; Nearby orchard in Tyre","","Lebanon (95); Lebanon (95)","8",""
"f88289594d48","2024-01-20","An Israeli strike in Lebanon resulted in the death of a member of Hezbollah, according to security sources in the region. This incident is part of the broader context of escalating military actions linked to the conflict in Gaza.","security sources in Lebanon said an Israeli strike there killed a member of Hezbollah.","Israeli military ASSAULT Hezbollah","CONFLICT","ASSAULT","-0.9","Israeli military","Israeli military","Israel (83)","Hezbollah","Hezbollah","Lebanon (95)","","","","Lebanon","","Lebanon (95)","3",""
"bd347e2cf437","2024-01-20","Iran reported that five of its Revolutionary Guards were killed in a missile strike on a house in Damascus, Syria, which it attributed to Israel. Additionally, an Israeli strike in Lebanon resulted in the death of a member of Iran-backed Hezbollah. The United States confirmed that a missile or rocket attack injured US personnel at a base in Iraq, and it also targeted a missile launched by the Iran-backed Houthi group in Yemen, which posed a threat to shipping in the Red Sea.","Iran said five of its Revolutionary Guards were killed in a missile strike on a house in Damascus on Saturday which it blamed on Israel, and security sources in Lebanon said an Israeli strike there killed a member of Iran-backed Hezbollah.","Israel ASSAULTED Iranian Revolutionary Guard Corps, Iran-backed Hezbollah, US military personnel, and the Houthi group.","CONFLICT","ASSAULT","-0.9","Israel","Israel","Israel (83)","Iranian Revolutionary Guard Corps; Iran-backed Hezbollah; US military personnel; Houthi group","Iran's Revolutionary Guard; Iran-backed Hezbollah; Donald Trump; Houthi group","Iran (80); Lebanon (95); USA (185); Yemen (191)","","","","Damascus; Lebanon; Iraq; Yemen; Red Sea","","Syria (169); Lebanon (95); Iraq (81); Yemen (191)","56",""
"dfe3d3528f3c","2024-01-14","The Israeli Defense Forces (IDF) engaged and killed four militants from Hezbollah who were attempting to cross the northern border from Lebanon into Israel. The incident occurred during a firefight when the militants opened fire on IDF soldiers patrolling the border, prompting the IDF to respond with artillery and mortar fire.","The Israeli military says it killed four militants attempting to cross Israel's northern border from Lebanon on Sunday.","Israeli Defense Forces (IDF) ASSAULT Hezbollah militants","CONFLICT","ASSAULT","-0.9","Israeli Defense Forces (IDF)","Israel Defense Forces (IDF)","Israel (83)","Hezbollah militants","Hezbollah","Lebanon (95)","","","","Northern border; Lebanon","","Israel (83); Lebanon (95)","1",""
"7236fdd7166b","2024-01-14","Israeli Defense Forces (IDF) conducted airstrikes targeting Hezbollah's operational headquarters in Lebanon as part of ongoing military actions in the Israel-Hamas conflict, which has now reached its 100th day.","IDF says it struck Hezbollah 'operational headquarters' in Lebanon.","Israeli Defense Forces ASSAULT Hezbollah","CONFLICT","ASSAULT","-0.9","Israeli Defense Forces","Israeli military","Israel (83)","Hezbollah","Hezbollah","Lebanon (95)","","","","Lebanon","","Lebanon (95)","1",""
"c71031b10691","2024-01-14","Israeli warplanes conducted airstrikes on targets in Lebanon in response to a missile attack by Hezbollah that resulted in the deaths of two Israeli civilians in northern Israel. This military action highlights the escalating tensions and the potential for broader conflict in the region amid ongoing operations against Hamas in Gaza.","Also Sunday, Israeli warplanes struck targets in Lebanon following a Hezbollah missile attack that killed two Israeli civilians – an older woman and her adult son – in northern Israel.","Israeli warplanes ASSAULT Hezbollah","CONFLICT","ASSAULT","-0.9","Israeli warplanes","Israeli warplanes","Israel (83)","Hezbollah","Hezbollah","Lebanon (95)","Israeli civilians","Israeli civilians","Israel (83)","Lebanon; Northern Israel","","Lebanon (95); Israel (83)","4",""
"1510a1c6798d","2024-01-10","An Israeli artillery strike in Kfarkila, southern Lebanon, resulted in the death of a civilian named Hasan Ali Tawil. The strike occurred while he was in his garden, and local officials confirmed he had no party affiliation.","Kfarkila mayor Hasan Sheyyet said a resident was killed Wednesday 'during an Israeli artillery strike while he was in his garden', adding he was 'a civilian with no party affiliation'.","Israeli military ASSAULTED civilian Hasan Ali Tawil in Kfarkila, southern Lebanon.","CONFLICT","ASSAULT","-0.9","Israeli military","Israeli military","Israel (83)","Hasan Ali Tawil","Hasan Ali Tawil","Lebanon (95)","","","","Kfarkala","","Lebanon (95)","1",""
"f4a291523dab","2024-01-01","Israeli airstrikes in Lebanon resulted in the deaths of a senior leader of Hamas and a senior leader of Hezbollah. This escalation is part of the ongoing conflict in Gaza, which is raising concerns about a potential regional conflict involving multiple nations.","In the past 10 days, a senior leader of Hamas and a senior leader of Hezbollah have been killed in Lebanon by Israeli airstrikes.","Israeli military ASSAULT Hamas senior leader and Hezbollah senior leader","CONFLICT","ASSAULT","-0.9","Israeli military","Israeli military","Israel (83)","Hamas senior leader; Hezbollah senior leader","Hamas leaders; Hezbollah commanders","Palestine (195); Lebanon (95)","","","","Lebanon","","Lebanon (95)","1",""
"a0de99706d7c","2023-10-07","The Israeli military conducted operations against the Hamas terrorist group in response to a brutal attack that resulted in the deaths of over 1,000 Israelis. This military action included targeting Hezbollah in the north and Iranian military capabilities, aiming to dismantle the Iranian nuclear-weapons program.","The Hamas terrorist group brutally murdered more than 1,000 Israelis on Oct. 7, 2023. They then used their own people – Palestinian citizens – as human shields to maximize deaths for public-relations purposes.","Israeli military ASSAULT Hamas, Hezbollah, and Iranian military","CONFLICT","ASSAULT","-0.9","Israeli military","Israeli military","Israel (83)","Hamas terrorist group; Hezbollah; Iranian military","Hamas; Hezbollah; Iranian armed forces","Palestine (195); Lebanon (95); Iran (80)","","","","Gaza Strip; Southern Israel; Northern Israel","","Palestine (195); Israel (83); Israel (83)","1",""
"9c62459e7e66","2023-10-01","The Israel Defense Forces (IDF) initiated a ground invasion of southern Lebanon, targeting Hezbollah positions in response to escalating conflict. This military action resulted in significant destruction in border villages but achieved limited territorial gains within Lebanon.","Israel began a ground invasion of south Lebanon on October 1, causing wide destruction in border villages but making little advances on the ground inside Lebanon.","Israel Defense Forces ASSAULT Hezbollah","CONFLICT","ASSAULT","-0.9","Israel Defense Forces","Israeli military","Israel (83)","Hezbollah","Hezbollah","Lebanon (95)","","","","southern Lebanon; border villages in Lebanon","","Lebanon (95); Lebanon (95)","1",""