id,event_date,event_summary,source_quote,core_sentence,category,event_type,intensity,actor_raw_names,actor_normalized_names,actor_countries,recipient_raw_names,recipient_normalized_names,recipient_countries,third_party_raw_names,third_party_normalized_names,third_party_countries,location_raw_names,location_normalized_names,location_countries,article_count,article_links
"1f5466fd39d1","2026-07-29","The Israel Defense Forces (IDF) confirmed that a Hezbollah explosive drone struck an Israeli armored D9 bulldozer in the Ali Taher Ridge area of southern Lebanon. This incident is considered a blatant violation of the ongoing ceasefire framework agreement, marking the first explosive drone strike by Hezbollah against Israeli forces since the US-brokered truce agreement took effect in late June 2026.","The Israel Defense Forces (IDF) confirmed that a Hezbollah explosive drone struck an Israeli armored D9 bulldozer overnight in the Ali Taher Ridge area of southern Lebanon.","Hezbollah ASSAULT Israel Defense Forces","CONFLICT","ASSAULT","-0.9","Hezbollah","Hezbollah","Lebanon (95)","Israel Defense Forces","Israeli military","Israel (83)","","","","Ali Taher Ridge, southern Lebanon","","Lebanon (95)","3",""
"b8e8ef8828b1","2026-07-29","The Israel Defense Forces (IDF) reported that Hezbollah launched an explosive drone targeting an IDF engineering vehicle in the Ali Taher Ridge area of southern Lebanon. The IDF characterized this action as a blatant violation of the ceasefire that had been in effect since June 19, and stated that its forces would continue operations in the area to prevent further attacks.","On July 29, the Israel Defense Forces (IDF) said Hezbollah launched an 'explosive drone' overnight toward an IDF engineering vehicle in the Ali Taher Ridge area of southern Lebanon.","Hezbollah ASSAULT Israel Defense Forces (IDF)","CONFLICT","ASSAULT","-0.9","Hezbollah","Hezbollah","Lebanon (95)","Israel Defense Forces (IDF)","Israel Defense Forces (IDF)","Israel (83)","","","","Ali Tahir Ridge, southern Lebanon","","Lebanon (95)","1",""
"5b987c60f8c8","2026-07-20","Lebanese troops entered the town of Zawtar al-Gharbiyeh in southern Lebanon as part of a pilot zone program agreed upon with Israel and the United States. This deployment was intended to allow Lebanese military forces to take control of municipalities previously under Israeli occupation, but they came under fire from Israeli forces, who confirmed they fired warning shots after the Lebanese soldiers crossed the agreed line.","As was reported yesterday, Lebanese troops entered the Lebanese town of Zawtar al-Gharbiyeh as part of the agreed upon 'pilot zone' program with Israel and the United States.","Lebanese troops ASSAULT Israeli forces","CONFLICT","ASSAULT","-0.9","Lebanese troops","Lebanese Armed Forces","Lebanon (95)","Israeli forces","Israeli military","Israel (83)","Israel; United States","Israel; United States","Israel (83); USA (185)","Zawtar al-Gharbiyeh","","Lebanon (95)","2",""
"543e14c795dd","2026-07-15","Hezbollah is reportedly preparing for a potential military escalation against Israeli Defense Forces (IDF) in southern Lebanon, with plans to reinforce positions north of the Litani River and to conduct intensive strikes on northern Israeli communities using rockets, drones, and precision munitions. This preparation is contingent upon receiving approval from Tehran, influenced by the developments in the US-Iran confrontation.","Hezbollah is actively preparing for a possible military escalation in southern Lebanon, according to Lebanese political sources cited by the Emirati outlet Erem News, with the group reportedly reinforcing positions north of the Litani River and drawing up plans for intensive strikes on northern Israeli communities using rockets, drones, and precision munitions.","Hezbollah MOBILIZE Israeli Defense Forces (IDF)","CONFLICT","MOBILIZE","-0.6","Hezbollah","Hezbollah","Lebanon (95)","Israeli Defense Forces (IDF)","Israeli Defense Forces (IDF)","Israel (83)","Tehran; United States","Tehran; United States","Iran (80); USA (185)","southern Lebanon; north of the Litani River; northern Israeli communities","","Lebanon (95); Lebanon (95); Israel (83)","1",""
"a27b5b2e29fd","2026-07-14","Lebanon and Israel resumed US-brokered negotiations in Rome to discuss a framework agreement aimed at ending the conflict between Israel and Hezbollah. The Lebanese delegation was instructed to demand the immediate withdrawal of Israeli forces from two pilot zones in southern Lebanon as a prerequisite for further discussions.","Lebanon and Israel are holding new negotiations under US auspices in Rome on Tuesday, against the backdrop of a regional escalation between Washington and Tehran.","Lebanon REQUEST Israel","CONFLICT","REQUEST","-0.2","Lebanon","Lebanon","Lebanon (95)","Israel","Israel","Israel (83)","United States; Hezbollah","United States; Hezbollah","USA (185); Lebanon (95)","Rome; southern Lebanon","","Italy (84); Lebanon (95)","1",""
"69d93f2c9941","2026-07-02","Lebanese President Joseph Aoun defended a recently signed US-backed framework agreement with Israel during a statement in Beirut, asserting that the negotiations are not a betrayal and emphasizing that Lebanon will not surrender any territory. This statement coincided with a visit from Syrian Foreign Minister Asaad al-Shaibani, who assured Aoun that Syria would not intervene militarily in Lebanon.","Aoun said Beirut decided to engage in talks 'to guarantee Israel’s withdrawal from its territory'.","Joseph Aoun ACCUSE United States and Israel","CONFLICT","ACCUSE","-0.2","Joseph Aoun","Joseph Aoun","Lebanon (95)","United States; Israel","United States; Israel","USA (185); Israel (83)","Lebanon; Syria","Lebanon; Syria","Lebanon (95); Syria (169)","Beirut","","Lebanon (95)","1",""
"7762ed21c867","2026-06-30","Lebanon's Ministry of Public Health reported that the death toll from Israeli attacks since March 2 has risen to 4,297, with 19 additional deaths recorded in the last 24 hours. This update coincides with Lebanese officials' efforts to gain support for a U.S.-brokered framework agreement with Israel aimed at reinforcing a ceasefire and ensuring a full Israeli withdrawal from Lebanese territory.","The casualty update comes as Lebanese officials seek to bolster support for a U.S.-brokered framework agreement with Israel aimed at reinforcing a fragile ceasefire, securing a full Israeli withdrawal from Lebanese territory, and laying the groundwork for long-term stability.","Lebanon's Ministry of Public Health and Lebanese officials ACCUSE Israel","CONFLICT","ACCUSE","-0.3","Lebanon's Ministry of Public Health; Lebanese officials","Lebanese health ministry; Lebanese authorities","Lebanon (95); Lebanon (95)","Israel","Israel","Israel (83)","United States","United States","USA (185)","Lebanon","","Lebanon (95)","1",""
"3cdea7bd16a1","2026-06-29","Nabih Berri, the Speaker of the Lebanese Parliament and an ally of Hezbollah, rejected a U.S.-brokered framework agreement with Israel, stating that it does not protect Lebanon's rights and will not be approved in its current form. The agreement links an Israeli withdrawal from southern Lebanon to the disarmament of Hezbollah, which Berri described as an imposed agreement that undermines Lebanese sovereignty.","Nabih Berri, Lebanon’s parliament speaker and a key ally of Hezbollah, has rejected a U.S.-brokered framework agreement with Israel, saying it fails to protect Lebanon’s rights and will not be approved in its current form.","Nabih Berri ACCUSE United States and Israel","CONFLICT","ACCUSE","-0.3","Nabih Berri","Nabih Berri","Lebanon (95)","United States; Israel","United States; Israel","USA (185); Israel (83)","Lebanon; Hezbollah","Lebanon; Hezbollah","Lebanon (95); Lebanon (95)","Lebanon","","Lebanon (95)","1",""
"03304e9d85b3","2026-06-29","Hezbollah, an armed group based in Lebanon, publicly rejected any possibility of negotiations or surrender with Israel, asserting that their 'resistance' will continue until their objectives are achieved. This declaration has heightened security concerns in the Middle East amidst ongoing international efforts to de-escalate tensions.","Hezbollah has categorically dismissed any possibility of negotiations or surrender with Israel. Senior leaders of the organization have made it clear that the 'resistance' will continue until their objectives are achieved.","Hezbollah ACCUSE Israel","CONFLICT","ACCUSE","-0.3","Hezbollah","Hezbollah","Lebanon (95)","Israel","Israel","Israel (83)","","","","Lebanon","","Lebanon (95)","1",""
"9b7869e1db8d","2026-06-27","Hezbollah leader Naim Qassem publicly rejected a U.S.-brokered security agreement between Lebanon and Israel, which was signed on June 26, 2026. He described the agreement as a surrender to Israel and criticized its provisions linking Israel's withdrawal to Hezbollah's disarmament, claiming it undermined Lebanon's sovereignty.","Hezbollah leader Naim Qassem rejected a U.S.-brokered security agreement between Lebanon and Israel on Saturday a day after it was signed, describing it as a surrender to Israel.","Naim Qassem ACCUSE United States and Israel","CONFLICT","ACCUSE","-0.3","Naim Qassem","Naim Qassem","Lebanon (95)","United States; Israel","United States; Israel","USA (185); Israel (83)","Lebanon","Lebanon","Lebanon (95)","Lebanon; Israel","","Lebanon (95); Israel (83)","1",""
"fae17339ba4a","2026-06-26","Secretary of State Marco Rubio, along with the ambassadors of Israel and Lebanon, announced a framework agreement aimed at establishing peace following months of conflict between Israel and Hezbollah. The agreement was signed by Yechiel Leiter, the Israeli ambassador to the United States, and Nada Hamadeh, the Lebanese ambassador to the United States, and is intended to restore Lebanese sovereignty and territorial integrity while securing a permanent cessation of hostilities.","Secretary of State Marco Rubio along with Israel and Lebanon’s ambassadors announced a framework agreement Friday that was described as a first step toward peace following months of conflict between Israel and the Lebanese militant group Hezbollah.","Marco Rubio, Israel, and Lebanon AGREE with Yechiel Leibler and Nada Hamadeh","COOPERATION","AGREE","0.5","Marco Rubio; Israel; Lebanon","Marco Rubio; Israel; Lebanon","USA (185); Israel (83); Lebanon (95)","Yechiel Leibler; Nada Hamadeh","Yechiel Leibler; Nada Hamadeh","Israel (83); Lebanon (95)","","","","Immaterial","","Immaterial","3",""
"fbd787c958d1","2026-06-26","Hezbollah Secretary General Sheikh Naim Qassem addressed the Central Ashura Council in Beirut, Lebanon, declaring that Israel must completely withdraw from Lebanese territory. He stated that the regional conflict has entered a new phase following the collapse of the Israeli-American project and emphasized that any lasting peace requires an end to Israeli military operations against Lebanon.","Qassem said any lasting peace required Israel to end all military operations against Lebanon and completely withdraw from Lebanese territory. 'Israel has no choice but to fully withdraw from Lebanon and end its land, sea and air attacks,' he said.","Hezbollah Secretary General Sheikh Naim Qassem REQUEST Israel","CONFLICT","REQUEST","-0.2","Hezbollah Secretary General Sheikh Naim Qassem","Hezbollah Secretary-General Sheikh Naim Qassem","Lebanon (95)","Israel","Israel","Israel (83)","Central Ashour Council","Central Ashour Council","Lebanon (95)","Beirut","","Lebanon (95)","2",""
"14bdc8fa409e","2026-06-23","Hezbollah chief Naim Qassem demanded the scheduled withdrawal of Israeli troops from south Lebanon during a televised address. This demand comes amid ongoing tensions, as Israeli gunfire recently resulted in the deaths of two individuals in the region, despite a lull in fighting. The context of this demand is linked to the broader discussions taking place in Washington regarding Israel-Lebanon relations.","“We now have a ceasefire. The withdrawal must take place according to a timetable. Israel has no choice but to fully withdraw from all Lebanese territory, without retaining an inch,” Qassem said, in a televised address.","Naim Qassem REQUEST Israel","CONFLICT","REQUEST","-0.2","Naim Qassem","Naim Qassem","Lebanon (95)","Israel","Israel","Israel (83)","","","","South Lebanon; Washington","","Lebanon (95); USA (185)","2",""
"5b25c4891247","2026-06-23","Lebanese President Joseph Aoun stated that negotiations with Israel are ongoing in Washington, separate from the recent US-Iran talks in Switzerland. The discussions aim to consolidate a ceasefire in southern Lebanon, facilitate the withdrawal of Israeli forces, deploy the Lebanese army, and initiate reconstruction efforts.","Work is underway to consolidate the ceasefire in southern Lebanon, to be followed by the withdrawal of Israeli forces, the deployment of the Lebanese army, the return of residents, the release of prisoners and the start of reconstruction.","Lebanese President Joseph Aoun CONSULT Israel","COOPERATION","CONSULT","0.2","Joseph Aoun","Joseph Aoun","Lebanon (95)","Israel","Israel","Israel (83)","","","","Washington; Switzerland","","USA (185); Switzerland (168)","1",""
"04bba6a42ebc","2026-06-22","The Lebanese militant group Hezbollah formally accused Israel of violating a ceasefire agreement by conducting an attack involving artillery fire and drone activity near the village of Kafr Kila in southern Lebanon. This accusation threatens to destabilize the fragile truce established since late May 2026.","The Lebanese militant group Hezbollah has formally accused Israel of violating the terms of a recently established ceasefire agreement, following what it described as an Israeli attack on a position in southern Lebanon.","Hezbollah ACCUSE Israel","CONFLICT","ACCUSE","-0.3","Hezbollah","Hezbollah","Lebanon (95)","Israel","Israel","Israel (83)","","","","Kafr Kila, southern Lebanon","","Lebanon (95)","1",""
"d9e9639eac31","2026-06-21","Naim Qassem, the chief of the Hezbollah terror group, delivered a televised address in which he rejected Israel's declared 'security zone' in southern Lebanon. He stated that Israeli troops cannot remain on Lebanese soil and warned that Hezbollah will resist any violations, emphasizing that the Lebanese national army is responsible for preserving sovereignty.","Hezbollah terror group chief Naim Qassem has firmly rejected Israel’s declared 'security zone' in southern Lebanon, insisting that Israeli troops cannot remain on Lebanese soil and warning that Hezbollah will resist any violations.","Naim Qassem ACCUSE Israel","CONFLICT","ACCUSE","-0.3","Naim Qassem","Naim Qassem","Lebanon (95)","Israel","Israel","Israel (83)","Hezbollah; Lebanese civilian population","Hezbollah; Lebanese civilians","Lebanon (95); Lebanon (95)","southern Lebanon","","Lebanon (95)","2",""
"005486399ecd","2026-06-18","Fighting escalated between Israel and Hezbollah in south Lebanon, resulting in the deaths of more than 18 individuals due to Israeli strikes and four Israeli soldiers killed in a Hezbollah attack. Israeli Prime Minister Binyamin Netanyahu vowed to impose severe consequences on Hezbollah for the soldiers' deaths.","Fighting escalated sharply between Israel and Hezbollah in south Lebanon overnight, with more than 18 people reported killed in Israeli strikes and four Israeli soldiers killed in one of the deadliest attacks by the Iran-backed group during this war.","Israel and Hezbollah THREATEN each other","CONFLICT","THREATEN","-0.6","Israel; Hezbollah","Israel; Hezbollah","Israel (83); Lebanon (95)","Israel; Hezbollah","Israel; Hezbollah","Israel (83); Lebanon (95)","Binyamin Netanyahu","Benjamin Netanyahu","Israel (83)","South Lebanon","","Lebanon (95)","1",""
"774a9da02b79","2026-06-18","The Israeli military reported that two soldiers from the elite Maglan Unit were killed and more than twelve others were injured during clashes and ambushes by Hezbollah in southern Lebanon. This incident is part of ongoing hostilities that have resulted in at least six Israeli military deaths since Thursday.","According to the spokesperson for the Israeli Occupation Forces (IOF), a soldier has been killed and more than twelve others injured, all of whom belonged to the elite Maglan Unit.","Hezbollah ASSAULT Israeli military","CONFLICT","ASSAULT","-0.9","Hezbollah","Hezbollah","Lebanon (95)","Israeli military","Israeli military","Israel (83)","","","","southern Lebanon","","Lebanon (95)","2",""
"8164826887fd","2026-06-15","The Iranian-backed Hezbollah organization launched numerous rockets toward Israeli Defense Forces (IDF) soldiers in Lebanon, violating the ceasefire with Beirut. The Israeli Air Force intercepted the projectiles, and no air-raid sirens were activated in Israeli territory. Earlier that day, Hezbollah also fired an anti-tank missile and mortar shells at IDF troops in Southern Lebanon.","The Iranian-backed Hezbollah terrorist organization on Monday night, June 15, fired 'numerous rockets' toward Israel Defense Forces soldiers in Lebanon, in violation of the ceasefire with Beirut.","Hezbollah ASSAULTED Israeli Defense Forces (IDF)","CONFLICT","ASSAULT","-0.9","Hezbollah","Hezbollah","Lebanon (95)","Israeli Defense Forces (IDF)","Israel Defense Forces (IDF)","Israel (83)","","","","Lebanon; Beirut; Southern Lebanon","","Lebanon (95); Lebanon (95); Lebanon (95)","1",""
"f059fba618f6","2026-06-11","Lebanese President Joseph Aoun reaffirmed Lebanon's commitment to U.S.-mediated negotiations with Israel aimed at ending hostilities. He emphasized that any agreement must include an Israeli withdrawal from Lebanese territory, a halt to military attacks, the deployment of Lebanese state forces, the return of displaced civilians, and the release of prisoners.","We will not withdraw and we will continue until we reach a conclusion that benefits our nation.","Lebanese President Joseph Aoun AGREE Israel","COOPERATION","AGREE","0.5","Lebanese President Joseph Aoun","Lebanese President Joseph Aoun","Lebanon (95)","Israel","Israel","Israel (83)","United States","United States","USA (185)","Lebanon","","Lebanon (95)","1",""
"24e91e49dfc7","2026-06-09","A gunman from Lebanon opened fire on Israeli troops at the border, prompting the Israel Defense Forces (IDF) to return fire, killing the assailant. The incident occurred in northern Israel, where the IDF reported that the gunman briefly entered Israeli territory but did not cross the border fence.","A gunman from Lebanon opened fire on Israeli troops at the border on Tuesday afternoon before they shot him dead, according to the Israel Defense Forces.","Gunman from Lebanon ASSAULTED Israeli troops","CONFLICT","ASSAULT","-0.9","Gunman from Lebanon","Gunman from Lebanon","Lebanon (95)","Israeli troops","Israeli troops","Israel (83)","","","","Northern Israel; Lebanese border","","Israel (83); Lebanon (95)","1",""
"9a8eab645aa4","2026-06-05","Lebanese Parliament Speaker Nabih Berri criticized a draft agreement between Lebanon and Israel, rejecting its provisions related to Hezbollah and military withdrawals. He stated that the agreement failed to demand a complete ceasefire and was flawed due to its conditions regarding Hezbollah's presence in southern Lebanon and Israeli military withdrawals.","Lebanese Parliament Speaker Nabih Berri on Friday criticized a draft agreement between Lebanon and Israel, describing most of its provisions as 'unjust' and rejecting key conditions concerning Hezbollah and southern Lebanon.","Nabih Berri ACCUSE Lebanon and Israel","CONFLICT","ACCUSE","-0.2","Nabih Berri","Nabih Berri","Lebanon (95)","Lebanon; Israel","Lebanon; Israel","Lebanon (95); Israel (83)","Hezbollah","Hezbollah","Lebanon (95)","Lebanon; Israel; southern Lebanon","","Lebanon (95); Israel (83); Lebanon (95)","2",""
"4ef13899a7ea","2026-06-05","A U.S.-brokered ceasefire agreement between Israel and Lebanon faced rejection from Hezbollah, which dismissed key provisions of the deal. The agreement aimed to halt Hezbollah attacks and establish security zones controlled by the Lebanese Armed Forces, but Hezbollah's Secretary-General Naim Qassem stated that any withdrawal requirement while Israeli operations continue would be seen as surrender.","Hezbollah Secretary-General Naim Qassem rejected the terms in a televised statement, saying any requirement for the group to withdraw while Israeli military operations continue would amount to surrender.","Hezbollah ACCUSE Israel and Lebanon","CONFLICT","ACCUSE","-0.3","Hezbollah","Hezbollah","Lebanon (95)","Israel; Lebanon","Israel; Lebanon","Israel (83); Lebanon (95)","U.S. brokered ceasefire agreement; Lebanese Armed Forces","U.S. brokered ceasefire agreement; Lebanese army","USA (185); Lebanon (95)","Israel; Lebanon","","Israel (83); Lebanon (95)","1",""
"5f9f881f1b15","2026-06-04","Hezbollah publicly rejected a renewed US-backed ceasefire agreement between Israel and Lebanon, which was announced by the United States, Israel, and Lebanon. The agreement aimed to establish security zones in southern Lebanon and required Hezbollah to cease attacks and withdraw fighters from frontline areas. Hezbollah leader Naim Qassem criticized the deal as 'humiliating' for Lebanon and stated that any ceasefire must be reciprocal.","Hezbollah has rejected a renewed US-backed ceasefire agreement between Israel and Lebanon, raising fresh doubts over efforts to halt fighting along the border.","Hezbollah ACCUSE United States, Israel, and Lebanon","CONFLICT","ACCUSE","-0.3","Hezbollah","Hezbollah","Lebanon (95)","United States; Israel; Lebanon","United States; Israel; Lebanon","USA (185); Israel (83); Lebanon (95)","Naim Qassem","Naim Qassem","Lebanon (95)","Southern Lebanon; Lebanon","","Lebanon (95); Lebanon (95)","14",""
"7e4cc4115681","2026-06-04","The Lebanese government announced the 'Washington Declaration', which outlines a ceasefire framework between Lebanon and Israel, amid ongoing regional tensions and military confrontations. This declaration reflects the Lebanese government's strategy to seek political concessions in light of the current power dynamics, despite Hezbollah's swift rejection of the approach.","Against that backdrop, the so-called 'Washington Declaration' outlining a ceasefire framework between Lebanon and Israel emerged as the latest expression of a political approach adopted by Lebanon’s government in recent months.","Lebanese government AGREE Israel","COOPERATION","AGREE","0.5","Lebanese government","Lebanese government","Lebanon (95)","Israel","Israel","Israel (83)","Hezbollah","Hezbollah","Lebanon (95)","Lebanon; Israel","","Lebanon (95); Israel (83)","1",""
"933f83a5d21d","2026-06-04","Hezbollah leader Naim Qassem publicly rejected the US-brokered ceasefire agreement between Israel and the Lebanese government aimed at halting ongoing hostilities. This rejection occurred following a fourth round of US-mediated talks in Washington, which stipulated that the ceasefire was contingent on a complete cessation of Hezbollah fire and the evacuation of all Hezbollah operatives from areas south of the Litani River.","Hezbollah leader Naim Qassem on Thursday rejected the ceasefire agreement between Israel and the Lebanese government to halt the fighting.","Naim Qassem ACCUSE United States, Israel, and the Lebanese government","CONFLICT","ACCUSE","-0.3","Naim Qassem","Naim Qassem","Lebanon (95)","United States; Israel; Lebanese government","United States; Israel; Lebanese government","USA (185); Israel (83); Lebanon (95)","","","","Washington","","USA (185)","2",""
"279fb3d74421","2026-06-04","The Iranian-backed Hezbollah militia launched a rocket attack on Israeli troops stationed in southern Lebanon, resulting in the death of an Israeli soldier. This attack occurred amidst ongoing conflict in the region, where at least eight people were reported killed in strikes in southern and eastern Lebanon.","An Israeli soldier was killed in an attack by the Lebanese Islamist militia on troops stationed in southern Lebanon, the Israeli army said.","Hezbollah militia ASSAULT Israeli troops and soldiers","CONFLICT","ASSAULT","-0.9","Hezbollah militia","Hezbollah","Lebanon (95)","Israeli troops; Israeli soldiers","Israeli troops; Israeli troops","Israel (83); Israel (83)","","","","southern Lebanon; eastern Lebanon","","Lebanon (95); Lebanon (95)","1",""
"7812339018af","2026-06-04","The Israeli military reported the death of Captain Shahar Gamla, 23, who succumbed to injuries from a drone attack attributed to Hezbollah during ongoing operations in southern Lebanon. He had been seriously wounded in the attack on June 2 and died while receiving medical treatment.","According to an Israeli military statement, Captain Shahar Gamla, 23, succumbed to injuries sustained in a drone attack that Israeli authorities attributed to Hezbollah. The officer had been seriously wounded during the incident last Thursday and later died while receiving medical treatment.","Hezbollah ASSAULT Captain Shahr Gamla","CONFLICT","ASSAULT","-0.9","Hezbollah","Hezbollah","Lebanon (95)","Captain Shahr Gamla","Captain Shahar Gamla","Israel (83)","","","","southern Lebanon","","Lebanon (95)","1",""
"92db0af94fd1","2026-06-03","Hezbollah launched a rocket salvo at an Israeli troop position in northern Israel, marking the first announcement of a cross-border missile attack since Monday. This action occurred amidst heightened tensions and ongoing efforts to mediate a deal aimed at curbing attacks between Israel and Hezbollah.","Iran-backed Hezbollah said in a statement it had fired a rocket salvo at an Israeli troop position in northern Israel, the first time it had announced a cross-border missile attack since Monday.","Hezbollah ASSAULT Israeli military","CONFLICT","ASSAULT","-0.9","Hezbollah","Hezbollah","Lebanon (95)","Israeli military","Israeli military","Israel (83)","","","","northern Israel","","Israel (83)","2",""
"f05cf8839c94","2026-06-02","Lebanese President and Prime Minister held discussions regarding US-hosted military talks with Israel, focusing on preparations for the next round of US-mediated discussions scheduled for June 2 and 3, 2026. The Lebanese delegation reaffirmed its commitment to prioritizing a ceasefire amidst ongoing military operations.","The two leaders also reviewed preparations for the next round of US-mediated discussions with Israel, which are scheduled to take place next Tuesday and Wednesday.","Lebanese President and Prime Minister CONSULT Israel","COOPERATION","CONSULT","0.2","Lebanese President and Prime Minister","Lebanon's President","Lebanon (95)","Israel","Israel","Israel (83)","United States","United States","USA (185)","Lebanon; Israel","","Lebanon (95); Israel (83)","1",""
"39fd9bd2bded","2026-06-02","Hezbollah fighters targeted Israeli tanks in the southern Lebanese towns of Haddatha and Bayada with missiles and shells, while the Israeli military intercepted two projectiles fired from Lebanon. Concurrently, Israeli airstrikes in southern Lebanon resulted in the deaths of six individuals, including a Syrian citizen, and caused significant destruction in the region.","Hezbollah announced that its fighters had targeted Israeli tanks in the southern Lebanese towns of Haddatha and Bayada with missiles and shells. Conversely, the Israeli military confirmed it had successfully intercepted two projectiles fired from Lebanon in the early hours of Tuesday morning, reporting no casualties.","Hezbollah fighters and the Israeli military ASSAULT Israeli tanks and civilians in southern Lebanon.","CONFLICT","ASSAULT","-0.9","Hezbollah fighters; Israeli military","Hezbollah; Israeli military","Lebanon (95); Israel (83)","Israeli tanks; Civilians in southern Lebanon","Israeli tanks; Lebanese civilians","Israel (83); Lebanon (95)","Syrian citizen","Individuals from Syria","Syria (169)","Haddatha; Bayada; Southern Lebanon","","Lebanon (95); Lebanon (95); Lebanon (95)","1",""
"f99e37b9ed84","2026-06-02","Hezbollah agreed to a US-backed proposal for a reciprocal halt in attacks with Israel, following discussions between Lebanese President Joseph Aoun and US Senator Marco Rubio. The proposal aims to reduce hostilities along the Lebanon-Israel border by halting Israeli strikes on Beirut's southern suburbs and suspending Hezbollah's attacks against Israeli targets.","A new diplomatic effort aimed at reducing hostilities along the Lebanon-Israel border has gained momentum after Hezbollah reportedly agreed to a US-backed proposal calling for a reciprocal halt in attacks with Israel, according to the Lebanese presidency.","Hezbollah AGREE Israel","COOPERATION","AGREE","0.5","Hezbollah","Hezbollah","Lebanon (95)","Israel","Israel","Israel (83)","United States; Lebanese President Joseph Aoun; US Senator Marco Rubio","United States; Lebanese President Joseph Aoun; Marco Rubio","USA (185); Lebanon (95); USA (185)","Lebanon; Israel; Beirut; Lebanon-Israel border","","Lebanon (95); Israel (83); Lebanon (95)","5",""
"36e1013654d0","2026-06-01","Hezbollah's Islamic Resistance in Lebanon announced that Israeli forces failed to establish control over Beaufort Castle (Qal’at al-Shaqif), rejecting Israeli claims of capturing the strategic site. This statement was made in the context of ongoing military operations and heightened tensions in southern Lebanon.","Hezbollah’s Islamic Resistance in Lebanon said on Monday that Israeli forces failed to establish control over Beaufort Castle (Qal’at al-Shaqif), dismissing Israeli claims of capturing the strategic site as a 'media stunt' aimed at boosting morale among settlers in northern...","Hezbollah's Islamic Resistance in Lebanon ACCUSE Israeli forces","CONFLICT","ACCUSE","-0.3","Hezbollah's Islamic Resistance in Lebanon","Hezbollah's Islamic Resistance","Lebanon (95)","Israeli forces","Israeli military","Israel (83)","","","","Beaufort Castle (Qal'at al-Shaqif); southern Lebanon","","Lebanon (95); Lebanon (95)","1",""
"83f136fdf783","2026-06-01","Lebanon announced a partial ceasefire between Hezbollah and Israel, aimed at de-escalating the ongoing conflict. The agreement calls for Israel to refrain from strikes on Beirut and its suburbs controlled by Hezbollah, while Hezbollah would halt its attacks on Israel.","Lebanon announced a partial ceasefire between Hezbollah and Israel on Monday in what would amount to a limited de-escalation of a conflict that has killed thousands of people and inflamed the broader U.S.-Israeli war with Iran.","Lebanon AGREE Hezbollah and Israel to a partial ceasefire","COOPERATION","AGREE","0.5","Lebanon","Lebanon","Lebanon (95)","Hezbollah; Israel","Hezbollah; Israel","Lebanon (95); Israel (83)","","","","Lebanon; Beirut","","Lebanon (95); Lebanon (95)","1",""
"8f8ee53ae535","2026-05-30","Lebanese Prime Minister Nawaf Salam delivered a televised address in Beirut, urging an immediate ceasefire and condemning what he described as a dangerous Israeli escalation in southern Lebanon. He emphasized the need for increased political and diplomatic efforts to achieve a swift ceasefire, while defending his government's negotiations with Israel despite opposition from Hezbollah.","In light of the dangerous and unprecedented Israeli escalation over the past few days, it is necessary to step up political and diplomatic efforts to achieve a swift and real ceasefire.","Lebanese Prime Minister Nawaf Salam REQUEST Israel","CONFLICT","REQUEST","-0.3","Nawaf Salam","Nawaf Salam","Lebanon (95)","Israel","Israel","Israel (83)","Hezbollah","Hezbollah","Lebanon (95)","Beirut; southern Lebanon","","Lebanon (95); Lebanon (95)","1",""
"35db35a15db4","2026-05-30","Lebanese Prime Minister Nawaf Salam delivered a televised address condemning Israel's airstrikes in southern Lebanon, describing them as a 'scorched-earth policy' and calling for an immediate halt to the fighting. He criticized Israeli Prime Minister Benjamin Netanyahu's actions, stating that they are leading to mass displacements and destruction of cities, while asserting that his government will strive for a ceasefire and the return of displaced people.","In a televised address on Saturday, Salam urged an immediate halt to the fighting and insisted that a 'scorched-earth policy and collective punishment' pursued by Benjamin Netanyahu will not ensure Israel’s security.","Lebanese Prime Minister Nawaf Salam ACCUSE Israel and Benjamin Netanyahu","CONFLICT","ACCUSE","-0.3","Nawaf Salam","Nawaf Salam","Lebanon (95)","Israel; Benjamin Netanyahu","Israel; Benjamin Netanyahu","Israel (83); Israel (83)","displaced Lebanese people","Displaced civilians in Lebanon","Lebanon (95)","Southern Lebanon","","Lebanon (95)","2",""
"06b5ba4e6184","2026-05-25","Joseph Aoun, the Lebanese President, reaffirmed Lebanon's commitment to securing a full Israeli withdrawal from Lebanese territory during a statement on Resistance and Liberation Day. He emphasized that ongoing negotiations are aimed at protecting Lebanon's sovereignty and are supported by the military and security institutions, asserting that these discussions do not signify surrender or political compromise.","Joseph Aoun said Monday that securing a full Israeli withdrawal from Lebanese territory remains a top national priority.","Joseph Aoun AGREE Israel","COOPERATION","AGREE","0.5","Joseph Aoun","Joseph Aoun","Lebanon (95)","Israel","Israel","Israel (83)","Resistance and Liberation; Lebanese military and security institutions","Resistance and Liberation; Lebanese State Security personnel","Lebanon (95); Lebanon (95)","Lebanon","","Lebanon (95)","1",""
"e69d55506d9e","2026-05-21","Hezbollah fighters targeted Israeli military positions and troop gatherings in southern Lebanon using rockets and explosive drones. The attacks specifically struck Israeli military vehicles and soldiers in the areas of Dibl, Rashaf, and Bayada, as well as additional military gatherings around Dibl and Hadatha.","Hezbollah said its fighters targeted Israeli military positions and troop gatherings in southern Lebanon with rockets and explosive drones.","Hezbollah ASSAULT Israeli military","CONFLICT","ASSAULT","-0.9","Hezbollah","Hezbollah","Lebanon (95)","Israeli military","Israeli military","Israel (83)","","","","southern Lebanon; Dibl; Rashaf; Bayada; Dibl; Hadath","","Lebanon (95); Lebanon (95); Lebanon (95); Lebanon (95); Lebanon (95); Lebanon (95)","1",""
"2babb5400685","2026-05-16","Hezbollah, a Lebanese militant group, launched a drone attack against the Ya’ara barracks in northern Israel. This action was part of ongoing hostilities despite a fragile ceasefire between Israel and Lebanon, with Hezbollah claiming the use of a 'swarm of attack drones' targeting Israeli military positions.","Lebanese militant group Hezbollah said on Saturday it launched a drone attack against a military position in northern Israel.","Hezbollah ASSAULT Israeli military positions","CONFLICT","ASSAULT","-0.9","Hezbollah","Hezbollah","Lebanon (95)","Israeli military positions","Israeli military positions","Israel (83)","","","","Ya'ara barracks, northern Israel","","Israel (83)","1",""
"e5e40271930a","2026-05-14","Lebanon's delegation is set to demand an immediate ceasefire from Israel during high-level talks in Washington. This diplomatic engagement aims to address ongoing clashes along the Lebanon-Israel border, particularly involving Hezbollah, despite a previously declared ceasefire that has not been effectively upheld.","Lebanon is set to demand an immediate ceasefire from Israel during high level talks in Washington, as fighting along the Lebanon Israel border continues despite a United States backed truce declared last month.","Lebanon's delegation REQUEST Israel","CONFLICT","REQUEST","-0.2","Lebanon's delegation","Lebanese delegation","Lebanon (95)","Israel","Israel","Israel (83)","Hezbollah","Hezbollah","Lebanon (95)","Washington","","USA (185)","1",""
"c19d6a3efba1","2026-05-11","Hezbollah intensified its use of First Person View (FPV) kamikaze drones in southern Lebanon, escalating the drone conflict with Israel. This development poses a significant challenge to ongoing diplomatic efforts aimed at stabilizing the Middle East following the Iran conflict.","Although a fragile ceasefire between Israel and Hezbollah was announced in April, both sides have intensified the use of First Person View kamikaze drones, transforming southern Lebanon into a testing ground for a new phase of asymmetric warfare.","Hezbollah ASSAULT Israel","CONFLICT","ASSAULT","-0.9","Hezbollah","Hezbollah","Lebanon (95)","Israel","Israel","Israel (83)","Iran","Iran","Iran (80)","southern Lebanon","","Lebanon (95)","1",""
"93f4dad09ad7","2026-05-11","Hezbollah conducted an explosive drone attack in southern Lebanon, resulting in the death of Israeli reservist Alexander Glovanyov, 47, and injuries to other soldiers. The Israeli military confirmed the attack amid ongoing tensions and military operations in the region, despite a ceasefire that had been in effect since mid-April.","An Israeli soldier was killed, and others were wounded in southern Lebanon in a Hezbollah explosive drone attack announced by the Israeli military on Monday.","Hezbollah ASSAULT Israeli reservist Alexander Glovinsky and Israeli soldiers","CONFLICT","ASSAULT","-0.9","Hezbollah","Hezbollah","Lebanon (95)","Israeli reservist Alexander Glovinsky; Israeli soldiers","Israeli reservist Alexander Glovinsky; Israeli troops","Israel (83); Israel (83)","","","","southern Lebanon","","Lebanon (95)","1",""
"a3d3562a72be","2026-05-11","A reservist soldier from the Israel Defence Forces, Warrant Officer Alexander Glovanyov, was killed during clashes with Hezbollah fighters along the Israel–Lebanon border. The incident involved Hezbollah launching multiple drones from Lebanese territory, one of which struck near Israeli positions, resulting in Glovanyov's fatal injury. This event highlights the increasing use of drones by Hezbollah in their asymmetric warfare strategy against Israel.","The Israeli military confirmed that a reservist soldier was killed during clashes with Hezbollah fighters in the south.","Hezbollah fighters ASSAULT Warrant Officer Alexander Glovanyov","CONFLICT","ASSAULT","-0.9","Hezbollah fighters","Hezbollah","Lebanon (95)","Warrant Officer Alexander Glovanyov","Warrant Officer Alexander Glovanyov","Israel (83)","","","","Israel-Lebanon border","","Unknown","1",""
"2c32f1fec140","2026-05-08","Hezbollah launched a barrage of several rockets at northern Israel, specifically targeting an Israeli military base south of Nahariya, in response to the killing of Ahmed Ghaleb Balout, the chief of Hezbollah's Radwan Force. The attack triggered sirens in the Western Galilee and Haifa Bay area, prompting tens of thousands to seek shelter, although there were no reports of injuries. The Israeli Defense Forces reported that one rocket was intercepted, while others landed in open areas.","Hezbollah took responsibility for the rocket fire, claiming to have targeted an Israeli military base south of Nahariya, and confirming that it was a response to the strike that targeted Balout.","Hezbollah ASSAULT Israeli military base south of Nahariya","CONFLICT","ASSAULT","-0.9","Hezbollah","Hezbollah","Lebanon (95)","Israeli military base south of Nahariya","Israeli military base south of Nahariya","Israel (83)","Ahmed Ghaleb Balout","Ahmed Ghaleb Balout","Lebanon (95)","Northern Israel; Near Nahariya; Western Galilee; Haifa Bay area","","Israel (83); Israel (83); Israel (83); Israel (83)","2",""
"59c95d1fe739","2026-05-06","Hezbollah launched explosive drones and several rockets targeting Israeli forces in southern Lebanon, resulting in injuries to two Israeli soldiers. The Israeli Army reported that its air force intercepted a hostile aerial target from Lebanon before it entered Israeli airspace. The attacks were described by Hezbollah as a response to Israeli violations of the ceasefire and attacks on Lebanese villages.","Hezbollah, for its part, said it carried out three separate attacks using drones and artillery shells. The group said it targeted two gatherings of Israeli soldiers and a newly established command center in southern Lebanon.","Hezbollah ASSAULT Israeli forces","CONFLICT","ASSAULT","-0.9","Hezbollah","Hezbollah","Lebanon (95)","Israeli forces","Israeli military","Israel (83)","","","","southern Lebanon; Lebanese villages; Israeli airspace","","Lebanon (95); Lebanon (95); Israel (83)","2",""
"0082231cf037","2026-05-06","Hezbollah targeted a group of Israeli soldiers in the southern Lebanese town of Qantara using an attack drone, claiming a direct hit. This action was taken in response to alleged Israeli violations of a ceasefire and strikes on villages in southern Lebanon that resulted in civilian casualties.","Hezbollah said it targeted a group of Israeli soldiers in the southern Lebanese town of Qantara using an attack drone, claiming a direct hit, according to a statement released by its media wing.","Hezbollah ASSAULT Israeli soldiers","CONFLICT","ASSAULT","-0.9","Hezbollah","Hezbollah","Lebanon (95)","Israeli soldiers","Israeli troops","Israel (83)","","","","Qantara","","Lebanon (95)","1",""
"3b8f1fb19c29","2026-05-06","Lebanese Prime Minister Nawaf Salam stated that it is premature to discuss any high-level meeting between Lebanon and Israel, emphasizing the low likelihood of such a meeting occurring soon. He indicated that establishing a ceasefire would be essential for any future negotiations between Lebanese and Israeli government representatives.","Lebanese Prime Minister Nawaf Salam said it is ⁠premature ⁠to talk of any high-level meeting between ⁠Lebanon and Israel, comments underlining the dim chances of one being held soon as hoped ​for by U.S. President Donald Trump.","Nawaf Salam ACCUSE Lebanon and Israel","CONFLICT","ACCUSE","-0.2","Nawaf Salam","Nawaf Salam","Lebanon (95)","Lebanon; Israel","Lebanon; Israel","Lebanon (95); Israel (83)","","","","Lebanon; Israel","","Lebanon (95); Israel (83)","1",""
"9f890ba12cf4","2026-05-06","Hezbollah launched missiles and drones at military bases in northern Israel in retaliation for an Israeli strike on Beirut's southern suburbs that killed a senior Hezbollah commander. The missile attack targeted a base south of Nahariya, while the drone strike targeted another base in northern Israel, both described as responses to ongoing Israeli attacks and violations of a ceasefire.","Hezbollah said it launched missiles and drones at military bases in Israel in retaliation for a recent attack on Beirut's southern suburbs and ongoing strikes in the south, where Lebanese authorities reported 11 people killed on Friday.","Hezbollah ASSAULT Israeli military bases in northern Israel","CONFLICT","ASSAULT","-0.9","Hezbollah","Hezbollah","Lebanon (95)","Israeli military bases in northern Israel","Israeli military bases","Israel (83)","","","","Northern Israel; Beirut; Nahariya","","Israel (83); Lebanon (95); Lebanon (95)","2",""
"c2831a77c3da","2026-05-04","Lebanese President Joseph Aoun stated that a security deal and an end to Israeli attacks are prerequisites for any meeting with Israeli Prime Minister Benjamin Netanyahu, which is being sought by Washington. Aoun emphasized that the timing is not appropriate for such a meeting until these conditions are met.","We must first reach a security agreement and stop the Israeli attacks on us before we raise the issue of a meeting between us.","Lebanese President Joseph Aoun REQUEST Israeli Prime Minister Benjamin Netanyahu","CONFLICT","REQUEST","-0.2","Lebanese President Joseph Aoun","Lebanese President Joseph Aoun","Lebanon (95)","Israeli Prime Minister Benjamin Netanyahu","Benjamin Netanyahu","Israel (83)","Washington","Washington","USA (185)","Immaterial","","Immaterial","1",""
"7e97765d99ac","2026-05-02","Lebanese President Joseph Aoun stated that a security deal and an end to Israeli attacks are prerequisites for any meeting with Israeli Prime Minister Benjamin Netanyahu. Aoun emphasized that the current timing is not suitable for such a meeting, highlighting the need for a security agreement first.","Aoun's office said in a statement that the president 'reiterated his view that the timing is not appropriate now for a meeting' with Netanyahu.","Lebanese President Joseph Aoun REQUESTED Israeli Prime Minister Benjamin Netanyahu","CONFLICT","REQUEST","-0.2","Joseph Aoun","Joseph Aoun","Lebanon (95)","Benjamin Netanyahu","Benjamin Netanyahu","Israel (83)","","","","","","","1",""
"a0aeced59d87","2026-05-01","Hezbollah launched a drone attack targeting Israeli occupation forces (IOF) in the northern Israeli settlement of Shomera, injuring at least 12 soldiers and setting a military vehicle ablaze. This incident is part of a broader escalation of hostilities, with the IOF also reporting casualties from drone strikes in southern Lebanon.","A Hezbollah drone injured at least 12 IOF soldiers in a northern Israeli settlement after it struck a military vehicle, the regime’s military said, highlighting the growing threat of fiber-optic-guided drones.","Hezbollah ASSAULT Israeli occupation forces (IOF)","CONFLICT","ASSAULT","-0.9","Hezbollah","Hezbollah","Lebanon (95)","Israeli occupation forces (IOF)","Israeli occupation forces (IOF)","Israel (83)","","","","Shomera; Southern Lebanon","","Israel (83); Lebanon (95)","1",""
"07a62a88c2b0","2026-04-28","Lebanon's Prime Minister Nawaf Salam condemned Israel for conducting air strikes in Majdal Zoun, southern Lebanon, which resulted in the deaths of five individuals, including three rescue workers from the Lebanese Civil Defense. The strikes occurred during a humanitarian operation following an initial attack, leading Salam to label the actions as war crimes and violations of international humanitarian law.","“Targeting elements of the Civil Defence in Majdal Zoun, and their killing while carrying out their humanitarian duty, constitutes a new and described war crime perpetrated by Israel,” Prime Minister Salam said in a post on social media.","Lebanon's Prime Minister Nawaf Salam ACCUSE Israel","CONFLICT","ACCUSE","-0.3","Nawaf Salam","Nawaf Salam","Lebanon (95)","Israel","Israel","Israel (83)","Lebanese Civil Defense","Civil defense center in southern Lebanon","Lebanon (95)","Majdal Zoun; southern Lebanon","","Lebanon (95); Lebanon (95)","1",""
"357d615859ba","2026-04-28","Hezbollah conducted a drone strike in the Aitaroun area near Bint Jbeil, southern Lebanon, targeting an Israeli Defense Ministry civilian contractor. The attack resulted in the death of Amer Hujirat, 44, and left his 19-year-old son wounded. This incident highlights Hezbollah's increasing use of explosive UAVs against Israeli forces.","A Defense Ministry civilian contractor was killed and another wounded in a Hezbollah drone strike in southern Lebanon on Tuesday, as the Iran-backed terrorist organization continued to target Israeli personnel operating across the border.","Hezbollah ASSAULT Azer Hujirat and Amer Hujirat","CONFLICT","ASSAULT","-0.9","Hezbollah","Hezbollah","Lebanon (95)","Azer Hujirat; Amer Hujirat","Amer Hujirat; Amer Hujirat","Israel (83); Israel (83)","","","","Aitaroun area near Bint Jbeil","","Lebanon (95)","2",""
"f0c36a2d75ef","2026-04-22","Israel and Lebanon are set to hold their second ambassador-level talks at the US State Department in Washington, D.C. The talks will involve Israeli Ambassador Yechiel Leiter and Lebanese Ambassador Nada Hamadeh Moawad, aiming to address ongoing tensions following a recent ceasefire amid heightened conflict.","Israel and Lebanon are expected to hold their second ambassador-level talks at the US State Department in Washington, US media reported.","Israel and Lebanon CONSULT Israeli Ambassador Yechit Leiter and Lebanese Ambassador Nada Hamadeh Moawad at the US State Department in Washington, D.C.","COOPERATION","CONSULT","0.2","Israel; Lebanon","Israel; Lebanon","Israel (83); Lebanon (95)","Yechiel Leiter; Nada Hamadeh Moawad","Yechiel Leibler; Nada Hamadeh","Israel (83); Lebanon (95)","","","","US State Department, Washington, D.C.","","USA (185)","1",""
"6848e151eeb6","2026-04-21","Hezbollah's Islamic Resistance targeted an Israeli army artillery position in the Kfar Giladi settlement with a rocket barrage and a drone swarm. This action was in response to over 200 reported ceasefire violations in southern Lebanon, amid escalating tensions and warnings from the Israeli military to residents of nearby villages.","Hezbollah's Islamic Resistance announced on Tuesday, April 21, that it targeted an Israeli army artillery position in the Kfar Giladi settlement with a rocket barrage and a drone swarm in response to what it described as repeated ceasefire violations exceeding 200 incidents across southern Lebanon.","Hezbollah's Islamic Resistance ASSAULT Israeli military","CONFLICT","ASSAULT","-0.9","Hezbollah's Islamic Resistance","Hezbollah's Islamic Resistance","Lebanon (95)","Israeli military","Israeli military","Israel (83)","","","","Kfar Giladi","","Lebanon (95)","1",""
"17bafc6541fe","2026-04-21","The Hezbollah terror group launched several rockets and a drone at Israeli troops stationed in the Rab al-Thalathine area of southern Lebanon, violating a ceasefire agreement. The Israel Defense Forces (IDF) responded by striking the rocket launcher used in the attack and intercepted the drone before it crossed the border.","The Hezbollah terror group violated a ceasefire in Lebanon on Tuesday by firing several rockets at Israeli troops stationed in the south of the country, as well as launching a drone at Israel, the military said.","Hezbollah ASSAULT Israel Defense Forces (IDF)","CONFLICT","ASSAULT","-0.9","Hezbollah","Hezbollah","Lebanon (95)","Israel Defense Forces (IDF)","Israel Defense Forces (IDF)","Israel (83)","","","","Rafah Thalithine, southern Lebanon","","Lebanon (95)","1",""
"ce8481276d66","2026-04-21","Hezbollah launched rockets and attack drones at an Israeli artillery position in Kfar Giladi, Israel, in response to what it described as repeated Israeli violations of a fragile ceasefire that had come into effect. The attack occurred despite the ongoing ceasefire and was aimed at addressing recent Israeli artillery fire directed at the Lebanese town of Yahmar al-Shaqif.","Hezbollah said it launched rockets and attack drones at an Israeli artillery position in the settlement of Kfar Giladi on Tuesday evening, marking an escalation despite the ongoing ceasefire.","Hezbollah ASSAULT Israel","CONFLICT","ASSAULT","-0.9","Hezbollah","Hezbollah","Lebanon (95)","Israel","Israel","Israel (83)","","","","Kfar Giladi; Yahmour al-Shaqif","","Israel (83); Lebanon (95)","5",""
"e4f854d26837","2026-04-19","Hezbollah chief Naim Qassem outlined the necessary steps for achieving peace with Israel, emphasizing that the ongoing 10-day truce cannot continue unless both sides respect it. He called for a complete halt to all forms of aggression against Lebanon, a full Israeli withdrawal from Lebanese territory, and subsequent actions including the release of prisoners and the return of residents to border areas.","He said the ongoing 10-day truce with Israel cannot continue unless it is respected by both sides, stressing that this would require a complete halt to air, land, and sea 'aggression' against Lebanon.","Naim Qassem REQUEST Israel","CONFLICT","REQUEST","-0.2","Naim Qassem","Naim Qassem","Lebanon (95)","Israel","Israel","Israel (83)","Hezbollah; Lebanon","Hezbollah; Lebanon","Lebanon (95); Lebanon (95)","Lebanon","","Lebanon (95)","1",""
"78cf69b2dc77","2026-04-18","Hezbollah Secretary-General Sheikh Naim Qassem issued a statement in Beirut, Lebanon, outlining ceasefire conditions and the group's resistance posture amid escalating tensions with Israel. He emphasized that any ceasefire must be reciprocal and detailed five essential conditions for stability, including a permanent cessation of hostilities and Israeli withdrawal from occupied areas.","Hezbollah Secretary-General Sheikh Naim Qassem issued a statement in Beirut, Lebanon, on Saturday, declaring ceasefire conditions and outlining resistance posture amid ongoing tensions with Israel conflict escalation.","Hezbollah Secretary-General Sheikh Naim Qassem REQUEST Israel","CONFLICT","REQUEST","-0.2","Hezbollah Secretary-General Sheikh Naim Qassem","Hezbollah Secretary-General Sheikh Naim Qassem","Lebanon (95)","Israel","Israel","Israel (83)","","","","Beirut","","Lebanon (95)","1",""
"1e6e8cd4fe27","2026-04-16","The Lebanese army accused Israel of violating the ongoing ceasefire by conducting multiple attacks and intermittent shelling in southern regions of Lebanon. The army urged residents to avoid returning to border villages due to security risks and emphasized the need for civilians to adhere to military directives for their safety.","'In follow-up to the previous statement regarding the call for citizens to adhere to the directives of the deployed military units, the army command renews its call to citizens to exercise caution in returning to the southern villages and towns, amid a number of violations of the agreement, with several Israeli attacks recorded, in addition to intermittent shelling targeting a number of villages.'","Lebanese army ACCUSE Israel","CONFLICT","ACCUSE","-0.3","Lebanese army","Lebanese army","Lebanon (95)","Israel","Israel","Israel (83)","Lebanese residents; Civilians in southern Lebanon","Lebanese; Lebanese civilians","Lebanon (95); Lebanon (95)","southern Lebanon","","Lebanon (95)","3",""
"1b976fc5725b","2026-04-16","The Lebanese armed group Hezbollah conducted two drone attacks targeting Israeli military positions in northern Israel, specifically near Nahariya and an Israeli settlement close to the Liman barracks. This action is part of a series of 39 military operations claimed by Hezbollah over the past 24 hours, aimed at Israeli settlements, troop concentrations, and military vehicles.","Hezbollah has claimed responsibility for two drone attacks targeting Israeli military positions in northern Israel, according to Al Jazeera.","Hezbollah ASSAULT Israeli military targets","CONFLICT","ASSAULT","-0.9","Hezbollah","Hezbollah","Lebanon (95)","Israeli military positions; Israeli settlements; Israeli military vehicles","Israeli military positions; Israeli settlers; Israeli military vehicles","Israel (83); Israel (83); Israel (83)","","","","Northern Israel; Nahariya; Liman barracks","","Israel (83); Israel (83); Israel (83)","2",""
"f5be425352ab","2026-04-16","Lebanese President Joseph Aoun refused to engage in a conversation with Israeli Prime Minister Benjamin Netanyahu, which was intended to be the first direct dialogue between the leaders of Lebanon and Israel in over 30 years. The planned discussion was aimed at addressing the ongoing conflict involving Israel and the Iran-backed militant group Hezbollah.","The president of Lebanon refused Thursday to speak with the Israeli prime minister ahead of a planned discussion that would have been the first direct conversation between the leaders of the two countries in more than 30 years.","Lebanese President Joseph Aoun REJECTED Israeli Prime Minister Benjamin Netanyahu's proposal for a direct dialogue.","CONFLICT","REJECT","-0.3","Lebanese President Joseph Aoun","Lebanese President Joseph Aoun","Lebanon (95)","Israeli Prime Minister Benjamin Netanyahu","Benjamin Netanyahu","Israel (83)","Hezbollah","Hezbollah","Lebanon (95)","","","","1",""
"c732e0fd6843","2026-04-16","Hezbollah, a Lebanese militant group, indicated the possibility of a one-week ceasefire with Israel amid ongoing negotiations related to the U.S.-Iran conflict. Discussions are reportedly underway, and the outcome is contingent on Israel's response.","NBC News reported on Thursday, citing a senior Hezbollah official, that discussions are underway regarding a potential ceasefire with Israel. The Hezbollah official said, 'No agreement has been reached yet, and it depends on Israel's position.'","Hezbollah REQUEST Israel","CONFLICT","REQUEST","-0.2","Hezbollah","Hezbollah","Lebanon (95)","Israel","Israel","Israel (83)","United States; Iran","United States; Iran","USA (185); Iran (80)","","","","1",""
"8c25523acd02","2026-04-12","Lebanon officially requested a ceasefire with Israel through direct negotiations, as confirmed by the Lebanese Foreign Minister. This request comes amid ongoing intense fighting along the Israel–Lebanon border, where Israeli forces are conducting ground operations and airstrikes targeting Hezbollah positions.","The Foreign Minister of Lebanon confirmed that the country officially requested a ceasefire with Israel through direct negotiations.","Lebanon REQUEST Israel","CONFLICT","REQUEST","-0.2","Lebanon","Lebanon","Lebanon (95)","Israel","Israel","Israel (83)","Hezbollah","Hezbollah","Lebanon (95)","Israel–Lebanon border","","Unknown","1",""
"747cee1d5a4c","2026-04-12","The Islamic Resistance in Lebanon bombarded positions of Israeli soldiers and a settlement in the occupied southern territories. This action was part of Operation Protective Edge and was described as a response to violations of a ceasefire agreement by Israel, emphasizing the resistance's commitment to defending Lebanon.","The Islamic Resistance in Lebanon announced early Monday morning that it had bombarded gatherings of Zionist enemy soldiers, their positions, and a settlement in the occupied south and occupied territories.","Islamic Resistance ASSAULT Israeli soldiers","CONFLICT","ASSAULT","-0.9","Islamic Resistance","Islamic Resistance","Lebanon (95)","Israeli soldiers","Israeli troops","Israel (83)","","","","Southern Lebanon","","Lebanon (95)","1",""
"7e0eab62d66f","2026-04-11","Hezbollah's Islamic Resistance conducted 43 military operations against Israeli positions and troop concentrations on April 11, 2026, in response to alleged ceasefire violations and ongoing Israeli military activity in Lebanon. The operations targeted various Israeli military sites along the border and deeper into occupied territories, including drone strikes on a communications facility in the Golan Heights and an Israeli Merkava tank in Lebanon.","Hezbollah's Islamic Resistance claimed responsibility for carrying out 43 military operations against Israeli positions and troop concentrations on Sunday, saying the strikes were in response to alleged ceasefire violations and continued Israeli military activity in Lebanon.","Hezbollah's Islamic Resistance ASSAULT Israeli military","CONFLICT","ASSAULT","-0.9","Hezbollah's Islamic Resistance","Hezbollah's Islamic Resistance","Lebanon (95)","Israeli military","Israeli military","Israel (83)","","","","Israel; Lebanon; Golan Heights","","Israel (83); Lebanon (95); Israel (83)","1",""
"c9a8313dc16b","2026-04-11","Hezbollah's Islamic Resistance conducted 43 military operations against Israeli positions and troop concentrations along the border and deeper inside occupied territories, including the occupied Syrian Golan Heights and northern Israel. The operations were in response to alleged ceasefire violations and included drone strikes on military sites and rocket fire targeting various locations.","Hezbollah`s Islamic Resistance claimed responsibility for carrying out 43 military operations against Israeli positions and troop concentrations on Sunday, saying the strikes were in response to alleged ceasefire violations and continued Israeli military activity in Lebanon.","Hezbollah's Islamic Resistance ASSAULT Israeli military targets","CONFLICT","ASSAULT","-0.9","Hezbollah's Islamic Resistance","Hezbollah's Islamic Resistance","Lebanon (95)","Israeli military targets","Israeli military targets","Israel (83)","","","","Israeli positions and troop concentrations along the border; Occupied Syrian Golan Heights; Northern Israel","","Israel (83); Syria (169); Israel (83)","2",""
"734081c8883f","2026-04-10","Lebanon's Prime Minister Nawaf Salam is scheduled to travel to Washington, D.C., for direct negotiations with Israel following a request from the Israeli government. This development occurs amid ongoing tensions and military operations in Lebanon, particularly against Hezbollah, despite a fragile ceasefire between the United States and Iran.","Lebanon's Prime Minister Nawaf Salam is set to travel to the US capital of Washington DC in the coming days following Israel's request for direct negotiations with Lebanon, a Lebanese government source told CNN on Friday.","Lebanon's Prime Minister Nawaf Salam CONSULT Israel","COOPERATION","CONSULT","0.2","Nawaf Salam","Nawaf Salam","Lebanon (95)","Israel","Israel","Israel (83)","Lebanon; Hezbollah; United States; Iran","Lebanon; Hezbollah; United States; Iran","Lebanon (95); Lebanon (95); USA (185); Iran (80)","Washington, D.C.; Lebanon","","USA (185); Lebanon (95)","1",""
"8d8274fb5b45","2026-04-10","Lebanon's Prime Minister Nawaf Salam is scheduled to travel to Washington, DC, at the request of Israel for direct negotiations regarding ongoing hostilities and ceasefire conditions. This visit follows Israel's continued military operations against Hezbollah amid a fragile ceasefire involving the United States and Iran.","Lebanon's Prime Minister Nawaf Salam is set to travel to the US capital of Washington DC in the coming days following Israel's request for direct negotiations with Lebanon, a Lebanese government source told CNN on Friday.","Lebanon's Prime Minister Nawaf Salam CONSULT Israel","COOPERATION","CONSULT","0.2","Lebanon's Prime Minister Nawaf Salam","Prime Minister Nawaf Salam","Lebanon (95)","Israel","Israel","Israel (83)","Hezbollah; United States; Iran","Hezbollah; United States; Iran","Lebanon (95); USA (185); Iran (80)","Washington, DC","","USA (185)","1",""
"125db45f0702","2026-04-10","Lebanon's Prime Minister Nawaf Salam is scheduled to travel to Washington, D.C., following Israel's request for direct negotiations with Lebanon. This development occurs amid a fragile ceasefire between the United States and Iran, which is under strain due to ongoing hostilities in Lebanon.","Lebanons Prime Minister Nawaf Salam is set to travel to the US capital of Washington DC in the coming days following Israels request for direct negotiations with Lebanon a Lebanese government source told CNN on Friday.","Lebanon and Lebanon's Prime Minister Nawaf Salam REQUEST Israel","CONFLICT","REQUEST","-0.2","Lebanon; Nawaf Salam","Lebanon; Nawaf Salam","Lebanon (95); Lebanon (95)","Israel","Israel","Israel (83)","United States; Iran","United States; Iran","USA (185); Iran (80)","Washington, D.C.","","USA (185)","1",""
"d5d89c777eb0","2026-04-10","Hezbollah launched a missile at Israel, which was intercepted by the Israeli military, amid escalating tensions and ongoing conflict. This exchange of attacks follows heavy airstrikes conducted by Israel on Lebanon, resulting in significant casualties, and occurs just before peace talks aimed at disarming Hezbollah and establishing a ceasefire.","Tensions have escalated between Israel and Hezbollah, with a missile attack from Hezbollah intercepted by Israel's military, according to the Times of Israel.","Hezbollah ASSAULT Israel","CONFLICT","ASSAULT","-0.9","Hezbollah","Hezbollah","Lebanon (95)","Israel","Israel","Israel (83)","","","","Lebanon","","Lebanon (95)","4",""
"1ac133365852","2026-04-10","Hezbollah fighters launched a missile attack targeting an Israeli military naval base at the port of Ashdod in southern Israel. This action was described by Hezbollah as a response to repeated Israeli violations of a ceasefire agreement and ongoing strikes on Beirut.","Hezbollah fighters launched a missile attack on Friday targeting an Israeli military naval base at the port of Ashdod in southern Israel, according to a statement by the group.","Hezbollah fighters ASSAULTED an Israeli military naval base at Ashdod.","CONFLICT","ASSAULT","-0.9","Hezbollah fighters","Hezbollah","Lebanon (95)","Israeli military naval base at Ashdod","Israeli military naval base at Ashdod","Israel (83)","","","","Ashdod; southern Israel","","Israel (83); Israel (83)","1",""
"0b41ff579ae8","2026-04-08","Hezbollah, a Lebanese militant group, halted fire on northern Israel and Israeli troops in Lebanon as part of a two-week ceasefire agreement involving the US and Iran. However, Israeli Prime Minister Benjamin Netanyahu stated that the ceasefire does not apply to Lebanon, and the Israeli military continued operations against Hezbollah, asserting that the battle in Lebanon persists.","The battle in Lebanon continues and the ceasefire does not include Lebanon.","Hezbollah ASSAULT Israeli military","CONFLICT","ASSAULT","-0.9","Hezbollah","Hezbollah","Lebanon (95)","Israeli military","Israeli military","Israel (83)","United States; Iran","United States; Iran","USA (185); Iran (80)","Northern Israel; Lebanon","","Israel (83); Lebanon (95)","3",""
"eebc87beb7f3","2026-04-08","Hezbollah issued a warning to Israel, stating that it would launch attacks if Israeli forces did not cease military operations and withdraw from southern Lebanon by 11:00 GMT. This statement escalated tensions along the border amid ongoing military actions.","“If Israel does not stop its attacks and withdraw from the south of Lebanon by 11:00 GMT, we will begin our attacks on Israel,” the group said in a statement, sharply escalating tensions along the border.","Hezbollah THREATEN Israel","CONFLICT","THREATEN","-0.6","Hezbollah","Hezbollah","Lebanon (95)","Israel","Israel","Israel (83)","","","","Israel; southern Lebanon","","Israel (83); Lebanon (95)","1",""
"c6d151b65501","2026-04-07","Hezbollah announced a ceasefire on attacks against northern Israel as part of a U.S.-Iran mediated ceasefire agreement. This decision was made despite Israeli Prime Minister Benjamin Netanyahu's rejection of Lebanon's inclusion in the ceasefire, as tensions between Hezbollah and Israel continue to escalate.","Hezbollah has paused its attacks on northern Israel and Israeli troops within Lebanon, following a U.S.-Iran mediated ceasefire.","Hezbollah RETREAT Israel","COOPERATION","RETREAT","0.6","Hezbollah","Hezbollah","Lebanon (95)","Israel","Israel","Israel (83)","United States; Iran","United States; Iran","USA (185); Iran (80)","Northern Israel","","Israel (83)","1",""
"e006c8dc43df","2026-04-07","The Israeli military activated alerts across central and northern Israel, including Greater Tel Aviv, following simultaneous missile launches from Iran and Lebanon. This incident marked the fifth Iranian strike on Israel since the morning of the same day, prompting millions of Israelis to seek shelter.","Sirens sounded across central and northern Israel on Tuesday evening following simultaneous missile launches from Iran and Lebanon.","Iran and Lebanon ASSAULT the Israeli military and civilians in Israel","CONFLICT","ASSAULT","-0.9","Iran; Lebanon","Iran; Lebanon","Iran (80); Lebanon (95)","Israeli military; Civilians in Israel","Israeli military; Israeli civilians","Israel (83); Israel (83)","","","","Central Israel; Northern Israel; Greater Tel Aviv","","Israel (83); Israel (83); Israel (83)","1",""
"429286645531","2026-04-04","Hezbollah launched a series of missile strikes targeting Israeli soldiers and military vehicles in the al-Sadr area of Ainata town, southern Lebanon. The attacks also included direct strikes on Israeli artillery positions and troop concentrations near Maroun al-Ras, as well as shelling Israeli forces in al-Malikiyah, marking a significant escalation in cross-border operations framed as retaliation for U.S. and Israeli actions against Iranian targets.","Hezbollah announced a series of new missile attacks Saturday targeting Israeli soldiers and military vehicles in the al-Sadr area of Ainata town in southern Lebanon.","Hezbollah ASSAULT Israeli soldiers and military targets","CONFLICT","ASSAULT","-0.9","Hezbollah","Hezbollah","Lebanon (95)","Israeli soldiers; Israeli military vehicles; Israeli artillery positions; Israeli troop concentrations","Israeli troops; Israeli military vehicles; Israeli artillery; Israeli military positions and troop concentrations","Israel (83); Israel (83); Israel (83); Israel (83)","U.S.; Iranian targets","United States; Iranian military targets","USA (185); Iran (80)","al-Sidr area, Ainata town, southern Lebanon; Maroun al-Ras, southern Lebanon; al-Malikiyah, southern Lebanon","","Lebanon (95); Lebanon (95); Lebanon (95)","1",""
"b8b2c664249e","2026-03-31","Lebanon condemned Israel's plans to impose a new occupation of its territory following Israeli strikes near Beirut's airport road. Lebanese Defence Minister Major General Michel Menassa stated that Israel's intentions, as expressed by Defence Minister Israel Katz, reflect a clear intention to forcibly displace citizens and destroy villages in southern Lebanon.","Lebanon denounced what it called Israel's plans for 'a new occupation of Lebanese territory' on Tuesday, after Israel said it would establish a 'security zone' in the country.","Lebanon ACCUSE Israel","CONFLICT","ACCUSE","-0.3","Lebanon","Lebanon","Lebanon (95)","Israel","Israel","Israel (83)","Lebanese civilians","Lebanese civilians","Lebanon (95)","Lebanon; Beirut Airport Road; Southern Lebanon","","Lebanon (95); Lebanon (95); Lebanon (95)","1",""
"8484cb5bf8dc","2026-03-30","Hezbollah, the dominant militia in Lebanon, stated that a settlement between Lebanon and Israel is possible if the international community and India encourage Israel to adhere to the ceasefire agreement established in November 2024. This statement comes amid ongoing hostilities following Hezbollah's rocket attacks on Israel on March 2, which were in retaliation for the killing of Iran's supreme leader.","Hezbollah, the dominant militia in Lebanon and close ally of Iran, says there can be a settlement between Lebanon and Israel if international community and India play its role and push Israel to abide by the ceasefire agreement of November 2024.","Hezbollah REQUESTED the international community, India, and Israel to encourage Israel to adhere to the ceasefire agreement.","CONFLICT","REQUEST","-0.2","Hezbollah","Hezbollah","Lebanon (95)","International community; India; Israel","International community; India; Israel","India (78); Israel (83)","","","","Lebanon; Israel","","Lebanon (95); Israel (83)","1",""
"d6aa92643250","2026-03-29","The Lebanese Hezbollah armed group launched multiple attacks on Israeli Defence Forces (IDF) positions and vehicles across southern Lebanon, targeting locations including al-Qantara, Deir Siriane, al-Qouzah, Hula, Beit Leef, and al-Naqoura with artillery, guided missiles, rockets, and a drone strike. The attacks included direct hits on Merkava main battle tanks and assaults on troop gatherings, prompting Israel to intensify its aerial and artillery operations in response.","The Lebanese Hezbollah armed group said its 'Islamic Resistance' fighters launched multiple attacks on Israeli Defence Forces (IDF) positions and vehicles across southern Lebanon on Sunday, targeting sites in al-Qantara, Deir Siriane, al-Qouzah, Hula, Beit Leef, and al-Naqoura with artillery, guided missiles, rockets, and a drone strike.","Lebanese Hezbollah ASSAULT Israeli Defense Forces","CONFLICT","ASSAULT","-0.9","Lebanese Hezbollah","Hezbollah","Lebanon (95)","Israeli Defense Forces","Israeli military","Israel (83)","","","","southern Lebanon; al-Qoussei; Deir Sirbane; Hula; Beit Leif; al-Naqoura; Merkava main battle tanks","","Lebanon (95); Lebanon (95); Lebanon (95); Lebanon (95); Lebanon (95); Lebanon (95); Israel (83)","2",""
"0dc06b75427f","2026-03-26","Hezbollah conducted a military operation targeting Israeli sites in Tel Aviv, launching volleys of missiles at the Israeli Ministry of War headquarters and the 'Dolphin' barracks of military intelligence. This action was described as a legitimate defense of Lebanon in response to Israeli attacks on civilians and infrastructure.","Lebanese Hezbollah announced, early Thursday, the execution of a qualitative military operation targeting the depth of the Israeli occupation in the city of Tel Aviv.","Hezbollah ASSAULT Israeli Ministry of War","CONFLICT","ASSAULT","-0.9","Hezbollah","Hezbollah","Lebanon (95)","Israeli Ministry of War","Israeli Foreign Ministry","Israel (83)","","","","Tel Aviv; Israeli Ministry of War headquarters; Dolphins baracks of military intelligence","","Israel (83); Israel (83); Israel (83)","1",""
"dbd3017589d2","2026-03-22","The militant group Hezbollah launched a rocket attack from Lebanon that resulted in the death of one person in northern Israel. This incident marked the first fatality from cross-border attacks since the escalation of conflict between Israel and Iran began.","Meanwhile, tensions on Israel’s northern border escalated after rocket fire from Lebanon killed one person in northern Israel on March 22, marking the first fatality from cross-border attacks since the latest conflict erupted.","Hezbollah ASSAULT Israel","CONFLICT","ASSAULT","-0.9","Hezbollah","Hezbollah","Lebanon (95)","Israel","Israel","Israel (83)","","","","Northern Israel; Lebanon","","Israel (83); Lebanon (95)","1",""
"3ecdbdcae36e","2026-03-22","Iran and Hezbollah escalated their attacks on Israel amid ongoing tensions in the Middle East. Iran threatened to close the Strait of Hormuz if the U.S. follows through on threats to attack its infrastructure, while Israeli leaders assessed damage from Iranian missile strikes on southern communities.","Iran said the Strait of Hormuz, crucial to oil and other exports, would be 'completely closed' immediately if the U.S. follows up on President Donald Trump’s new threat to attack its power plants.","Iran and Hezbollah THREATEN Israel","CONFLICT","THREATEN","-0.6","Iran; Hezbollah","Iran; Hezbollah","Iran (80); Lebanon (95)","Israel","Israel","Israel (83)","United States","United States","USA (185)","Israel; southern communities of Israel; Iran; Hezbollah; Hormuz Strait","","Israel (83); Israel (83); Iran (80); Lebanon (95); Iran (80)","1",""
"a4f54b861829","2026-03-22","Israeli intelligence has reported a potential escalation involving Hezbollah targeting key Israeli infrastructure, particularly the Dimona region associated with Israel's nuclear program. This follows recent missile strikes from Iran and ongoing airstrikes in southern Lebanon, contributing to heightened tensions and fears of a wider regional conflict.","Following Iran’s recent missile strikes, Israeli intelligence assessments indicate the possibility of a coordinated escalation involving militant groups.","Hezbollah ACCUSE Israel","CONFLICT","ACCUSE","-0.3","Hezbollah","Hezbollah","Lebanon (95)","Israel","Israel","Israel (83)","Iran","Iran","Iran (80)","Dimona region; southern Lebanon","","Israel (83); Lebanon (95)","1",""
"c9c92ad1a990","2026-03-15","The Lebanese government initiated efforts to form a high-level delegation to enter into direct negotiations with Israel aimed at stopping the ongoing war. This move is in response to escalating international and field pressures, as Lebanon seeks a political solution to prevent further destruction.","Official sources reported that the Lebanese capital, Beirut, has begun serious efforts to form a high-level delegation with the aim of entering into direct negotiations with Israel to stop the ongoing war.","Lebanese government CONSULT Israel","COOPERATION","CONSULT","0.2","Lebanese government","Lebanese government","Lebanon (95)","Israel","Israel","Israel (83)","","","","Lebanon; Israel","","Lebanon (95); Israel (83)","1",""
"d2b3034ecd70","2026-03-15","Lebanon expressed its willingness to enter direct peace talks with Israel, contingent upon the establishment of a ceasefire prior to the commencement of negotiations. Israeli Prime Minister Benjamin Netanyahu has appointed Ron Dermer to lead the Israeli delegation, while discussions may involve Jared Kushner from the US. The potential locations for these talks include Paris or Cyprus.","Lebanon is open to entering direct peace talks with Israel, but insists that a ceasefire must be reached before negotiations begin, according to Al Jazeera.","Lebanon AGREE Israel","COOPERATION","AGREE","0.5","Lebanon","Lebanon","Lebanon (95)","Israel","Israel","Israel (83)","Ron Dermer; Jared Kushner","Ron Dermer; Jared Kushner","USA (185); USA (185)","Paris; Cyprus","","France (62); Cyprus (44)","1",""
"0c3e7e7aa949","2026-03-14","Hezbollah confirmed its involvement in direct clashes with Israeli Defense Forces in the southern Lebanese town of Khiam, marking a significant escalation in the conflict and drawing more regional actors into the military confrontation.","The Lebanese militant group Hezbollah confirmed it has entered 'direct clashes' with Israeli Defense Forces.","Hezbollah ASSAULT Israeli Defense Forces","CONFLICT","ASSAULT","-0.9","Hezbollah","Hezbollah","Lebanon (95)","Israeli Defense Forces","Israeli military","Israel (83)","","","","Khiam","","Lebanon (95)","1",""
"212c29a5e539","2026-03-14","The Lebanon Ministry of Public Health condemned the Israel Defense Forces (IDF) for allegations that ambulances in Lebanon are being used for military purposes. The ministry reported that Israeli forces targeted ambulance teams during rescue operations, specifically citing an attack on a healthcare center in Burj Qalaouiyeh that resulted in the deaths of 12 medical workers and injuries to others.","In a statement, the ministry said Israeli forces have repeatedly targeted ambulance teams during rescue operations since the start of the offensive in Lebanon. It cited a strike on a primary healthcare centre in the southern village of Burj Qalaouiyeh early Saturday, describing the facility as a civilian medical centre operating under the ministry’s supervision.","Lebanon Ministry of Public Health ACCUSE Israel Defense Forces (IDF)","CONFLICT","ACCUSE","-0.3","Lebanon Ministry of Public Health","Lebanese Health Ministry","Lebanon (95)","Israel Defense Forces (IDF)","Israel Defense Forces (IDF)","Israel (83)","ambulance teams in Lebanon; medical workers at a healthcare center in Burj Qalaouiyah","ambulance teams in Lebanon; medical workers at a healthcare center in Burj Qalaouiyah","Lebanon (95); Lebanon (95)","Lebanon; Burj Qalaouiyeah","","Lebanon (95); Lebanon (95)","1",""
"71a236db55f2","2026-03-12","Iran's Revolutionary Guards conducted a joint missile operation with Hezbollah, targeting over 50 sites in Israel and US-linked locations across the region. The operation involved missile attacks launched from Iran, along with rockets and drones fired by Hezbollah, specifically hitting military bases in Haifa, Tel Aviv, and Beersheba, as well as US forces in Dubai, Kuwait, the UAE, Iraq, Saudi Arabia, and Jordan.","Iran's Revolutionary Guards said Thursday they carried out a joint missile operation with Lebanon's Hezbollah targeting Israel and US-linked sites across the region.","Iran's Revolutionary Guard Corps and Hezbollah ASSAULT Israel and US forces","CONFLICT","ASSAULT","-0.9","Iran's Revolutionary Guard Corps; Hezbollah","Iranian Revolutionary Guard; Hezbollah","Iran (80); Lebanon (95)","Israel; US forces","Israel; U.S. forces","Israel (83); USA (185)","","","","Israel; Haifa; Tel Aviv; Beersheba; Dubai; Kuwait; Iraq; Saudi Arabia; Jordan","","Israel (83); Israel (83); Israel (83); Israel (83); UAE (182); Kuwait (91); Iraq (81); Saudi Arabia (151); Jordan (87)","1",""
"369740b83596","2026-03-10","Hezbollah fighters have shifted to dispersed, guerrilla-style tactics and are limiting the use of key weapons in preparation for a potential wider confrontation with Israel. This strategic adjustment includes operating in small formations and avoiding Israeli surveillance, particularly by conserving anti-tank rockets, as the group assesses that a direct war with Israel is unavoidable.","The adjustments reflect Hezbollah’s internal assessment that a direct war with Israel was unavoidable.","Hezbollah fighters COERCE Israel","CONFLICT","COERCE","-0.6","Hezbollah fighters","Hezbollah","Lebanon (95)","Israel","Israel","Israel (83)","","","","Lebanon","","Lebanon (95)","1",""
"2dd28523667e","2026-03-10","Hezbollah has adapted its guerrilla tactics along the Lebanese-Israeli border in response to escalating tensions and a potential large-scale Israeli offensive. The group is rationing its arsenal and avoiding communication devices to evade interception while engaging Israeli troops, claiming their actions are defensive against ongoing Israeli aggression.","As tensions escalate along the Lebanese-Israeli border, Hezbollah adapts guerrilla tactics in preparation for a potential large-scale Israeli offensive, according to sources.","Hezbollah ASSAULT Israeli troops","CONFLICT","ASSAULT","-0.9","Hezbollah","Hezbollah","Lebanon (95)","Israeli troops","Israeli soldiers","Israel (83)","","","","Lebanese-Israeli border","","Lebanon (95)","1",""
"fb83638531e2","2026-03-09","Lebanese President Joseph Aoun called for a complete ceasefire with Israel during a virtual meeting with European Council President Antonio Costa and European Commission President Ursula von der Leyen. He urged an immediate halt to Israeli military actions against Lebanon and pledged that the Lebanese Armed Forces would disarm Hezbollah once they receive adequate international support.","Aoun made the remarks during a virtual meeting with European Council President Antonio Costa and European Commission President Ursula von der Leyen yesterday (9 March), where he urged an immediate halt to Israeli military actions against Lebanon.","Lebanese President Joseph Aoun REQUEST Israel","CONFLICT","REQUEST","-0.2","Joseph Aoun","Joseph Aoun","Lebanon (95)","Israel","Israel","Israel (83)","Antonio Costa; Ursula von der Leyen; Lebanese Armed Forces; Hezbollah","Antonio Costa; Ursula von der Leyen; Lebanese Armed Forces; Hezbollah","Lebanon (95); Lebanon (95)","Virtual meeting","","Immaterial","1",""
"8941fb42e6c4","2026-03-09","Hezbollah, aligned with Iran, has reverted to guerrilla warfare tactics in southern Lebanon in response to the threat of an Israeli ground invasion. The group is operating in small units and rationing its anti-tank rockets while launching attacks on Israel, particularly in retaliation for the assassination of Iran's Supreme Leader Ali Khamenei.","Hezbollah launched attacks on Israel, retaliating for the assassination of Iran's Supreme Leader Ali Khamenei.","Hezbollah ASSAULT Israel","CONFLICT","ASSAULT","-0.9","Hezbollah","Hezbollah","Lebanon (95)","Israel","Israel","Israel (83)","Iran; Ali Khamenei","Iran; Ali Khamenei","Iran (80); Iran (80)","southern Lebanon; Israel","","Lebanon (95); Israel (83)","1",""
"f83d31f745a8","2026-03-08","Lebanese President Joseph Aoun condemned Hezbollah during a virtual meeting with senior European Union officials, criticizing the group for its recent attacks on Israel that ended a ceasefire. He also criticized Israel for its military actions against Hezbollah strongholds in Lebanon, stating that the ongoing conflict poses a threat to the stability of Lebanon.","On Monday, Lebanese President Joseph Aoun excoriated Hezbollah during a virtual meeting with senior European Union officials.","Lebanese President Joseph Aoun ACCUSE Hezbollah and Israel","CONFLICT","ACCUSE","-0.3","Joseph Aoun","Joseph Aoun","Lebanon (95)","Hezbollah; Israel","Hezbollah; Israel","Lebanon (95); Israel (83)","European Union","European Union","European Union","Virtual meeting; Lebanon","","Lebanon (95)","1",""
"69ef4ab12db9","2026-03-07","Hezbollah issued a warning to residents of the Israeli settlements of Kiryat Shmona and Nahariya, urging them to evacuate immediately and head south. This warning was part of the ongoing conflict, coinciding with evacuation orders from the Israeli army for residents in parts of Lebanon.","“Warning: All residents of Kiryat Shmona and Nahariya are requested to evacuate immediately and head south,” Hezbollah said in a post on Telegram.","Hezbollah ACCUSE residents of the Israeli settlements of Kiryat Shmoun and Nahariya","CONFLICT","ACCUSE","-0.3","Hezbollah","Hezbollah","Lebanon (95)","Residents of the Israeli settlements of Kiryat Shmoun and Nahariya","Residents of the Israeli settlements of Kiryat Shmoul and Nahariya","Israel (83)","","","","Kiryat Shmona; Nahariya","","Israel (83); Israel (83)","2",""
"636d5e988271","2026-03-06","Hezbollah conducted a mortar attack on Israeli soldiers near the Lebanese border, resulting in injuries to nine individuals, including Bezalel Smotrich's son, Benya Hebron. The attack occurred as part of a series of assaults on Israeli forces heading towards the occupied Golan Heights and the Haifa region.","Hezbollah fighters carried out a series of attacks on Israel and its forces heading towards the occupied Golan Heights and the Haifa region on March 6, 2026.","Hezbollah ASSAULT Israeli soldiers and Bezaliel Smotrich's son, Benay Hebron","CONFLICT","ASSAULT","-0.9","Hezbollah","Hezbollah","Lebanon (95)","Israeli soldiers; Bezalel Smotrich's son, Benay Hebron","Israeli soldiers; Bezalel Smotrich's son, Benay Hebron","Israel (83); Israel (83)","","","","Near the Lebanese border; Golan Heights; Haifa region","","Lebanon (95); Israel (83); Israel (83)","1",""
"357f9a7738ed","2026-03-06","Hezbollah urged residents of Kiryat Shmona, Israel, to evacuate to the south amid heightened military activities, including rocket and drone attacks into Israel. This warning is part of the ongoing tensions involving Hezbollah, Israel, and the U.S.-Iran conflict.","Lebanese Shi'ite militant group Hezbollah has sparked concerns by urging residents of the northern Israeli city, Kiryat Shmona, to evacuate to the south.","Hezbollah REQUEST residents of Kiryat Shmona","CONFLICT","REQUEST","-0.2","Hezbollah","Hezbollah","Lebanon (95)","Residents of Kiryat Shmona","Residents of Kiryat Shmona","Israel (83)","Israel; United States; Iran","Israel; United States; Iran","Israel (83); USA (185); Iran (80)","Kiryat Shmona; Israel","","Israel (83); Israel (83)","1",""
"25ebe55d33cd","2026-03-05","Hezbollah conducted two drone attacks targeting military and defense industry sites in northern Israel, specifically the Ein Zeitim Base near Safed and a military industries complex belonging to Rafael Advanced Defense Systems south of Acre. The attacks were executed using swarms of attack drones in response to ongoing Israeli strikes on Lebanon.","Hezbollah announced early Thursday that it carried out two drone attacks targeting military and defense industry sites in northern Israel, amid escalating tensions along the border with Lebanon.","Hezbollah ASSAULT Israeli military and defense industry sites in northern Israel","CONFLICT","ASSAULT","-0.9","Hezbollah","Hezbollah","Lebanon (95)","Israeli military and defense industry sites in northern Israel","Israeli defense industry facilities","Israel (83)","","","","Ein Zeitah Base near Safed; Rafael Advanced Defense Systems military industries complex south of Acre","","Israel (83); Israel (83)","1",""
"b8098e88bf08","2026-03-04","Hezbollah, the Lebanese armed group, claimed responsibility for an attack on an Israeli military installation near Safed, Israel. The attack targeted what Hezbollah described as a military base, marking an escalation in tensions along the Israel–Lebanon frontier.","The Lebanese armed group Hezbollah has claimed responsibility for an attack on an Israeli military installation near the northern city of Safed, marking another escalation along the Israel–Lebanon frontier.","Hezbollah ASSAULT Israeli military installation","CONFLICT","ASSAULT","-0.9","Hezbollah","Hezbollah","Lebanon (95)","Israeli military installation","Israeli military bases","Israel (83)","","","","Safed; Israel-Lebanon border","","Israel (83)","1",""
"64e05aa2dff1","2026-03-04","Alarm sirens were triggered in Israel's Galilee region near the Lebanese border due to potential drone attacks, with several unmanned aerial vehicles (UAVs) launched from Lebanon into northern Israel. The Israel Defense Forces (IDF) attributed responsibility for the incident to the Hizbullah movement.","Alarm sirens were triggered in Israel's Galilee region near the Lebanese border due to potential drone attacks, Trend reports, citing the Times of Israel.","Hizballullah movement ASSAULT Israel Defense Forces (IDF)","CONFLICT","ASSAULT","-0.9","Hizballullah movement","Hizballullah movement","Lebanon (95)","Israel Defense Forces (IDF)","Israel Defense Forces (IDF)","Israel (83)","","","","Galilee region; Lebanon; Northern Israel","","Israel (83); Lebanon (95); Israel (83)","1",""
"c1f111dfea04","2026-03-03","Mahmoud Qomati, deputy head of Hezbollah's political council, announced that Hezbollah has decided to return to resistance against Israel due to ongoing aggression towards Lebanon. This statement was made in response to continued Israeli strikes and the failure of the Lebanese government to secure territorial or diplomatic gains, indicating a shift towards potential open conflict.","""We said patience has limits,"" Qomati stated, adding that the group had complied with the ceasefire agreement and handed over its weapons south of the Litani River, but Israel continued its strikes while the government failed to secure gains related to territory, detainees, or reconstruction.","Hezbollah AGREE Israel","COOPERATION","AGREE","0.5","Hezbollah","Hezbollah","Lebanon (95)","Israel","Israel","Israel (83)","Lebanese government","Lebanese government","Lebanon (95)","Lebanon","","Lebanon (95)","1",""
"61d485347ea9","2026-03-02","Hezbollah launched a rocket and drone attack against a military site in Haifa, Israel, in retaliation for the assassination of Iranian Supreme Leader Ayatollah Ali Khamenei. This marked the first attack by Hezbollah on Israel since the November 2024 ceasefire.","In a self-described act of retaliation for Khamenei’s killing, Hezbollah launched a rocket and drone attack against a military site in Haifa.","Hezbollah ASSAULT Israeli military site in Haifa","CONFLICT","ASSAULT","-0.9","Hezbollah","Hezbollah","Lebanon (95)","Israeli military site in Haifa","Israeli military site in Haifa","Israel (83)","Ayatollah Ali Khamenei","Ayatollah Ali Khamenei","Iran (80)","Haifa","","Israel (83)","1",""
"623bafbe6f2e","2026-03-01","Hezbollah launched rockets and drones toward northern Israel as retaliation for the killing of Iran’s Supreme Leader, Ali Khamenei. In response, Israel conducted heavy airstrikes on Hezbollah-controlled areas in southern Beirut and across southern Lebanon, resulting in at least 31 fatalities according to Lebanese health authorities. This exchange marks a significant escalation in the ongoing conflict between the two parties.","The fragile calm between Hezbollah and Israel collapsed overnight as Hezbollah launched rockets and drones toward northern Israel, declaring the attack retaliation for the killing of Iran’s Supreme Leader, Ali Khamenei.","Hezbollah ASSAULT Israel","CONFLICT","ASSAULT","-0.9","Hezbollah","Hezbollah","Lebanon (95)","Israel","Israel","Israel (83)","Ali Khamenei","Ali Khamenei","Iran (80)","northern Israel; southern Beirut; southern Lebanon","","Israel (83); Lebanon (95); Lebanon (95)","6",""
"e98ee63a892b","2026-03-01","Hezbollah launched a volley of six rockets from southern Lebanon toward northern Israel, marking the first attack since the ceasefire agreement took effect. This incident triggered heightened alert levels in Israeli border communities and prompted a response from Israeli air defense systems.","Tensions along the Israel-Lebanon border flared again after Hezbollah launched a volley of rockets toward northern Israel, marking the first such attack since the ceasefire agreement came into effect.","Hezbollah ASSAULT Israeli border communities","CONFLICT","ASSAULT","-0.9","Hezbollah","Hezbollah","Lebanon (95)","Israeli border communities","Israeli communities","Israel (83)","","","","southern Lebanon; northern Israel","","Lebanon (95); Israel (83)","1",""
"570962171b78","2026-02-28","Hezbollah, a Lebanese militant group, expressed solidarity with Iran in response to attacks from the United States and Israel. The group warned of dire consequences for the region if the US-Israeli actions are not challenged, although it did not specify whether it would engage in the conflict. This statement comes amid heightened tensions and threats from Israel towards Lebanon regarding potential involvement in the US-Iran conflict.","Hezbollah expressed solidarity with Iran on Saturday as it came under attack from the United States and Israel, warning in a statement of dire consequences for the region without saying whether it would get involved.","Hezbollah THREATEN United States and Israel","CONFLICT","THREATEN","-0.6","Hezbollah","Hezbollah","Lebanon (95)","United States; Israel","United States; Israel","USA (185); Israel (83)","Iran","Iran","Iran (80)","Lebanon","","Lebanon (95)","1",""
"c55005670f5e","2026-02-24","Lebanese Foreign Minister Youssef Rajji announced that Lebanese authorities have received warnings from Israel regarding potential strikes on vital infrastructure, including the Beirut Rafic Hariri International Airport, in the event of a conflict involving Hezbollah and a US-Iranian escalation. The Lebanese government has urged Hezbollah to refrain from involvement in such a conflict to avoid detrimental consequences for civilians.","There are signs that the Israelis could strike very hard in the event of an escalation, potentially including strategic infrastructure such as the airport.","Lebanese authorities ACCUSE Israel","CONFLICT","ACCUSE","-0.2","Lebanese authorities","Lebanese authorities","Lebanon (95)","Israel","Israel","Israel (83)","Hezbollah; United States; Iran; Civilians","Hezbollah; United States; Iran; Civilians","Lebanon (95); USA (185); Iran (80)","Beirut Rafic Hariri International Airport","","Lebanon (95)","1",""
"7b3e6316b828","2026-02-23","On February 23, 2026, the foreign ministers of Pakistan, Egypt, Jordan, United Arab Emirates, Qatar, Indonesia, Kuwait, Oman, Turkiye, Saudi Arabia, Bahrain, Lebanon, Syria, and Palestine, along with representatives from the Organisation of Islamic Cooperation (OIC), the League of Arab States (LAS), and the Gulf Cooperation Council (GCC), issued a joint statement expressing profound concern over remarks made by Huckabee regarding Israel's borders. They categorically rejected these statements as a violation of international law and a threat to regional security.","In a joint-statement issued today, the foreign ministers of Pakistan, Egypt, Jordan, United Arab Emirates, Qatar, Indonesia, Kuwait, Oman, Turkiye, Saudi Arabia, Bahrain, Lebanon, Syria, and Palestine, along with the Organisation of Islamic Cooperation (OIC), the League of Arab States (LAS), and the Gulf Cooperation Council (GCC), expressed 'profound concern' regarding Huckabee’s statement.","Pakistan, Egypt, Jordan, United Arab Emirates, Qatar, Indonesia, Kuwait, Oman, Turkiye, Saudi Arabia, Bahrain, Lebanon, Syria, Lebanon, Palestine, Organization of Islamic Cooperation, League of Arab States, and Gulf Cooperation Council ACCUSE Israel's Hezbollah Abu Akleh","CONFLICT","ACCUSE","-0.3","Pakistan; Egypt; Jordan; United Arab Emirates; Qatar; Indonesia; Kuwait; Oman; Syria; Lebanon; Palestine; Organization of Islamic Cooperation; League of Arab States; Gulf Cooperation Council","Pakistan; Egypt; Jordan; United Arab Emirates; Qatar; Indonesia; Kuwait; Oman; Syria; Lebanon; Palestine; Organization of Islamic Cooperation; Arab League; Gulf Cooperation Council","Pakistan (130); Egypt (53); Jordan (87); UAE (182); Qatar (139); Indonesia (79); Kuwait (91); Oman (129); Syria (169); Lebanon (95); Palestine (195)","Hussein Abu Akleh","Hussein Abu Akleh","Israel (83)","Israel","Israel","Israel (83)","Immaterial","","Immaterial","1",""
"cb15be113505","2026-02-15","German President Frank-Walter Steinmeier visited Lebanon and met with Lebanese President Joseph Aoun to reaffirm Germany's support for Lebanon following the end of the UNIFIL mission. The discussions included calls for Hezbollah and Israel to adhere to the ceasefire agreement and emphasized the need for Hezbollah's disarmament alongside the withdrawal of Israeli forces from southern Lebanon.","German President Frank-Walter Steinmeier said on Monday during his Lebanon visit that Germany will continue to stand by Lebanon even after the end of the United Nations Interim Force in Lebanon (UNIFIL) mission.","Frank-Wimmer Steinmeier and Joseph Aoun CONSULT Hezbollah and Israel","COOPERATION","CONSULT","0.2","Frank-Wimmer Steinmeier; Joseph Aoun","Frank-Wimmer Steinmeier; Joseph Aoun","Germany (66); Lebanon (95)","Hezbollah; Israel","Hezbollah; Israel","Lebanon (95); Israel (83)","United Nations Interim Force Force in Lebanon (UNIFIL)","United Nations Interim Force in Lebanon (UNIFIL)","United Nations","Lebanon","","Lebanon (95)","1",""
"c63f4837a7ee","2025-12-22","The Lebanese government rejected Israeli allegations regarding the death of Warrant Officer Ali Abdullah, who was killed in an air strike near Sidon. Israel claimed that Abdullah had ties to Hezbollah and was involved in planning attacks against Israeli forces, which Lebanon denied, labeling the claims as a 'malicious attack.'","The Lebanese defence ministry refuted claims of army personnel being linked to political or armed groups, labeling such reports as a 'malicious attack.'","Lebanese government REJECT Israel","CONFLICT","REJECT","-0.3","Lebanese government","Lebanese government","Lebanon (95)","Israel","Israel","Israel (83)","Warrant Officer Ali Abdullah; Hezbollah","Warrant Officer Ali Abdullah; Hezbollah","Lebanon (95); Lebanon (95)","Near Sidon","","Lebanon (95)","1",""
"a3fc0d6ebfc3","2025-12-15","The Lebanese army issued a statement rejecting claims made by Israel regarding Hezbollah rearming in southern Lebanon. The army asserted that their 'weapons control' efforts south of the Litani River were nearly complete, ahead of a three-week deadline set by Beirut to ensure arms are under the sole control of the state.","The army said in a statement to The Washington Post, that 'weapons control' efforts south of the Litani River were nearly complete, ahead of a three-week deadline set by Beirut to place arms under the sole control of the state.","Lebanese army ACCUSE Israel","CONFLICT","ACCUSE","-0.3","Lebanese army","Lebanese army","Lebanon (95)","Israel","Israel","Israel (83)","Hezbollah; Beirut","Hezbollah; Lebanon","Lebanon (95); Lebanon (95)","southern Lebanon; Litani River","","Lebanon (95); Lebanon (95)","1",""
"480cc976078e","2025-12-10","Lebanese President Joseph Aoun and Omani Sultan Haitham bin Tariq held a high-level summit in Muscat, Oman, where they jointly called for an immediate halt to Israeli attacks on Lebanese territory and a full withdrawal from all occupied Arab lands. The leaders expressed serious concern over ongoing Israeli aggression, describing it as a violation of UN Security Council Resolution 1701 and emphasized the need for international efforts to de-escalate tensions and stabilize the region.","Lebanese President Joseph Aoun and his Omani counterpart Sultan Haitham bin Tariq on Wednesday made a joint call for an immediate halt to Israeli attacks on Lebanese territory and a full withdrawal from all occupied Arab lands, warning that continued violations pose a direct threat to regional stability.","Lebanese President Joseph Aoun and Omani Sultan Haitham bin Tariq REQUEST Israel","CONFLICT","REQUEST","-0.2","Lebanese President Joseph Aoun; Omani Sultan Haitham bin Tariq","Lebanese President Joseph Aoun; His Majesty Sultan Haitham bin Tarik of Oman","Lebanon (95); Oman (129)","Israel","Israel","Israel (83)","United Nations Security Council","United Nations Security Council","United Nations","Muscat","","Oman (129)","1",""
"241d1106620c","2025-12-02","Lebanon's Foreign Minister made remarks regarding 'Iranian interference' in Lebanon, which sparked a significant reaction across the political landscape of the region. The comments raised questions about Lebanon's historical decline and the roles of various actors, including Iran, Israel, and the United States, in shaping the country's current state.","The recent remarks by Lebanon’s foreign minister about 'Iranian interference' have triggered a wave of reactions across the region’s political landscape.","Lebanon's Foreign Minister ACCUSE Iran, Israel, and the United States","CONFLICT","ACCUSE","-0.3","Lebanon's Foreign Minister","Lebanese president","Lebanon (95)","Iran; Israel; United States","Iran; Israel; United States","Iran (80); Israel (83); USA (185)","","","","Lebanon","","Lebanon (95)","1",""
"ff29f5f093e0","2025-11-18","Hezbollah condemned an attack that occurred in the Ain al-Helweh camp in Sidon, Lebanon, which resulted in the deaths of thirteen Palestinian refugees and numerous injuries. The group characterized the incident as a massacre perpetrated by Israel, claiming it targeted civilians and violated the ceasefire agreement and U.N. Security Council Resolution 1701.","Hezbollah, in a statement issued Wednesday, condemned in the strongest terms what it called 'the horrific massacre perpetrated by the criminal Zionist enemy last night in the Ain al-Helweh camp in Sidon,' which resulted in the death of thirteen Palestinian refugees and a large number of wounded.","Hezbollah ACCUSE Israel","CONFLICT","ACCUSE","-0.3","Hezbollah","Hezbollah","Lebanon (95)","Israel","Israel","Israel (83)","Palestinian refugees; United Nations Security Council Resolution 1701","Palestinian refugees; United Nations Security Council Resolution 1701","Palestine (195)","Ain al-Helweh camp, Sidon","","Lebanon (95)","1",""
"2eec8b91c0df","2025-11-15","Lebanon filed a complaint to the U.N. Security Council against Israel for constructing a concrete wall along Lebanon’s southern border that extends beyond the U.N.-mapped Blue Line. The Lebanese presidency stated that this construction violates U.N. Security Council Resolution 1701 and infringes on Lebanon’s sovereignty.","Lebanon will file a complaint to the U.N. Security Council against Israel for constructing a concrete wall along Lebanon’s southern border that extends beyond the 'Blue Line', the Lebanese presidency said on Saturday.","Lebanon ACCUSE Israel","CONFLICT","ACCUSE","-0.3","Lebanon","Lebanon","Lebanon (95)","Israel","Israel","Israel (83)","United Nations Security Council","United Nations Security Council","United Nations","Southern border of Lebanon","","Lebanon (95)","1",""
"0e4844cda7c8","2025-11-11","Lebanese President Joseph Aoun stated that Lebanon is awaiting Israel's response regarding negotiations to 'liberate the land' following a high-level visit by US officials, including Sebastian Gorka, the senior director for counterterrorism. The context of this statement relates to Lebanon's ongoing concerns about Israeli airstrikes and Hezbollah's refusal to disarm.","Lebanon is waiting for Israel’s response through the United States to the option of negotiating to liberate the land... The logic of force is no longer useful, and we must go to the power of logic.","Lebanese President Joseph Aoun REQUEST Israel","CONFLICT","REQUEST","-0.2","Lebanese President Joseph Aoun","Lebanese President Joseph Aoun","Lebanon (95)","Israel","Israel","Israel (83)","United States; US officials; Israel; Hezbollah","United States; U.S. officials; Israel; Hezbollah","USA (185); USA (185); Israel (83); Lebanon (95)","Lebanon","","Lebanon (95)","1",""
"5a1e84284094","2025-10-22","Lebanon's President Joseph Aoun called for negotiations with Israel to promote peace, emphasizing the need to move away from prolonged warfare. This statement follows a U.S.-brokered ceasefire between Israel and Hamas and occurs amid ongoing regional efforts for dialogue and stability.","In a call for peace, Lebanon's President Joseph Aoun has urged his country to enter negotiations with Israel, highlighting the unfruitful outcomes of prolonged warfare.","Joseph Aoun REQUEST Israel","CONFLICT","REQUEST","-0.2","Joseph Aoun","Joseph Aoun","Lebanon (95)","Israel","Israel","Israel (83)","United States; Hamas","United States; Hamas","USA (185); Palestine (195)","Lebanon; Israel","","Lebanon (95); Israel (83)","1",""
"ccc8a4609335","2025-10-13","Lebanese President Joseph Aoun called for an end to military hostilities with Israel as a precondition for restarting negotiations. This statement was made during a meeting with the Association of Economic Journalists in Lebanon, emphasizing the need for Israel to cease military actions against Lebanon to facilitate the negotiation process.","We hope to reach a time when Israel will stop its military actions against Lebanon so that the negotiation process can start.","Lebanese President Joseph Aoun REQUEST Israel","CONFLICT","REQUEST","-0.2","Joseph Aoun","Joseph Aoun","Lebanon (95)","Israel","Israel","Israel (83)","Association of Economic Journalists in Lebanon","Association of Economic Journalists in Lebanon","Lebanon (95)","Lebanon","","Lebanon (95)","1",""
"99e7f58e58f7","2025-07-17","Walid Jumblatt, a veteran Lebanese Druze leader, criticized Israel for allegedly manipulating members of the Druze community in southern Syria to create unrest, particularly in Suwayda province. He warned that this manipulation threatens regional security and called for a political resolution under the Syrian state to maintain the province's Arab identity.","This is part of Israel’s conspiracy. Israel uses some Druze to stir unrest in Syria under the guise of protection.","Walid Jumblatt ACCUSE Israel","CONFLICT","ACCUSE","-0.3","Walid Jumblatt","Walid Jumblatt","Lebanon (95)","Israel","Israel","Israel (83)","Druze community in southern Syria; Syrian state","Druze community in Syria; Syria","Syria (169); Syria (169)","southern Syria; Suweidaa province","","Syria (169); Syria (169)","1",""
"06e022b690ee","2025-07-11","Lebanese President Joseph Aoun publicly ruled out the possibility of normalisation between Lebanon and Israel during a statement made in Beirut. He emphasized the distinction between peace and normalisation, stating that while Lebanon seeks peaceful relations, normalisation is not part of its current foreign policy.","Aoun “distinguished between peace and normalisation”, according to a statement shared by the presidency. “Peace is the lack of a state of war, and this is what matters to us in Lebanon at the moment. As for the issue of normalisation, it is not currently part of Lebanese foreign policy.”","Lebanese President Joseph Aoun ACCUSE Israel","CONFLICT","ACCUSE","-0.3","Lebanese President Joseph Aoun","Lebanese President Joseph Aoun","Lebanon (95)","Israel","Israel","Israel (83)","","","","Beirut","","Lebanon (95)","1",""
"8dc8a93dfaf5","2025-06-30","Hezbollah, represented by Deputy Chairman Mahmoud Komati, publicly rejected negotiations regarding the disarmament of its units, citing ongoing Israeli attacks and the occupation of border areas. Komati emphasized that Israel must withdraw its forces and adhere to the ceasefire agreement before any discussions on disarmament can take place.","Hezbollah refuses from dialogue on disarming its units in a situation when Israeli attacks continue and five hills near the border are still occupied.","Hezbollah REJECT Israel","CONFLICT","REJECT","-0.3","Hezbollah","Hezbollah","Lebanon (95)","Israel","Israel","Israel (83)","","","","Immaterial","","Immaterial","1",""
"9489648d5b60","2025-06-13","Sheikh Naim Qassem, the chief of Hezbollah, issued a warning regarding Israel's military actions against Iran, stating that such attacks will have significant repercussions for regional stability and will not go unanswered. He expressed solidarity with Iran and its military leadership following recent losses, while also clarifying that Hezbollah will not initiate an attack on Israel in retaliation.","Hezbollah chief Sheikh Naim Qassem warned Friday that Israel’s massive attack on Iran 'will have major repercussions on the region’s stability, seeing as it will not pass without a response and punishment.'","Sheikh Naim Qassem THREATEN Israel","CONFLICT","THREATEN","-0.6","Sheikh Naim Qassem","Sheikh Naim Qassem","Lebanon (95)","Israel","Israel","Israel (83)","Iran; Hezbollah","Iran; Hezbollah","Iran (80); Lebanon (95)","Immaterial","","Immaterial","1",""
"b1b00dd32387","2025-05-18","At an Arab summit in Baghdad, Prime Minister Nawaf Salam of Lebanon denounced Israeli violations of Lebanese sovereignty and the ongoing Israeli occupation of positions in southern Lebanon. He emphasized Lebanon's commitment to implementing a United Nations Security Council resolution that mandates Lebanese troops and U.N. peacekeepers as the only forces in the region and calls for the disarmament of non-state groups.","At an Arab summit in Baghdad, Prime Minister Nawaf Salam denounced 'daily Israeli violations' of Lebanese sovereignty and 'the ongoing Israeli occupation of positions' in the South.","Nawaf Salam ACCUSE Israel","CONFLICT","ACCUSE","-0.3","Nawaf Salam","Nawaf Salam","Lebanon (95)","Israel","Israel","Israel (83)","Lebanon; United Nations Security Council; Lebanese troops; U.N. peacekeepers; non-state groups","Lebanon; United Nations Security Council; Lebanese army; United Nations peacekeepers; non-state groups","Lebanon (95); Lebanon (95)","Baghdad; southern Lebanon","","Iraq (81); Lebanon (95)","1",""
"f7d060a330b6","2025-04-26","Joseph Aoun, the President of Lebanon, condemned an Israeli attack on Beirut, specifically in the Dahiyeh suburbs, and called on the United States and France to fulfill their roles as sponsors of the ceasefire in Lebanon by urging Israel to cease its violations. He emphasized that Israel's actions are undermining stability and escalating tensions in the region, which poses significant security risks.","Joseph Aoun condemns the Israeli attack on Beirut and calls on the U.S. and France to “assume their responsibility” as the sponsors of the ceasefire in Lebanon and tell Israel to end its violations of the deal.","Joseph Aoun REQUEST Israel, United States, and France","CONFLICT","REQUEST","-0.3","Joseph Aoun","Joseph Aoun","Lebanon (95)","Israel; United States; France","Israel; United States; France","Israel (83); USA (185); France (62)","","","","Beirut; Dahiyeh suburbs","","Lebanon (95); Lebanon (95)","2",""
"7c5baa9e1456","2025-04-19","Hezbollah Chief Qassem issued a new warning to Israel following recent military actions, indicating a potential escalation in hostilities. This statement comes amidst ongoing tensions and military engagements involving various groups in the region.","Hezbollah Chief Qassem’s New Dare For Israel After Latest Attack","Hezbollah Chief Qassem THREATEN Israel","CONFLICT","THREATEN","-0.6","Hezbollah Chief Qassem","Hezbollah Chief Qassem","Lebanon (95)","Israel","Israel","Israel (83)","","","","Immaterial","","Immaterial","1",""
"ea643e404a6d","2025-04-03","Lebanon's Foreign Minister Youssef Rajji called for international pressure on Israel to withdraw from all occupied Lebanese territories during a meeting with Stefano Sannino, the European Commission’s Director-General for the Middle East and North Africa, in Beirut. The appeal emphasized Lebanon's rejection of Israel's aggression and demanded compliance with UN Security Council Resolution 1701.","Lebanon called on Thursday for international pressure on Israel to withdraw from all occupied Lebanese territories.","Youssef Rajha REQUEST Israel","CONFLICT","REQUEST","-0.3","Youssef Rajha","Youssef Rajhi","Lebanon (95)","Israel","Israel","Israel (83)","Lebanon; United Nations Security Council; European Union","Lebanon; United Nations Security Council; European Union","Lebanon (95)","Beirut","","Lebanon (95)","1",""
"ba82d19d2fc3","2025-03-22","Hezbollah issued a statement denying involvement in the rocket attacks launched towards northern Israel, amidst significant Israeli military escalation in southern Lebanon. The statement reaffirmed Hezbollah's commitment to the ceasefire agreement and support for the Lebanese state in addressing the situation.","On Saturday, Hezbollah issued a statement denying any involvement in the rocket attacks launched towards northern Israel.","Hezbollah REJECT Israel","CONFLICT","REJECT","-0.3","Hezbollah","Hezbollah","Lebanon (95)","Israel","Israel","Israel (83)","Lebanese state","Lebanese state","Lebanon (95)","Northern Israel; Southern Lebanon","","Israel (83); Lebanon (95)","1",""
"bd08accf8ded","2025-03-22","Rockets were fired from Lebanon into northern Israel, specifically targeting the Israeli town of Metula. This incident marks the second such attack since December, raising concerns about the stability of the fragile ceasefire. In response, Israel's army stated it would react 'severely' to the attack, while Hezbollah denied responsibility and reaffirmed its commitment to the truce.","Israel had said that it would respond 'severely' to the early Saturday attack from Lebanon when rockets were fired into northern Israel.","Hezbollah ASSAULT Israel","CONFLICT","ASSAULT","-0.9","Hezbollah","Hezbollah","Lebanon (95)","Israel","Israel","Israel (83)","","","","Metula; Northern Israel; Lebanon","","Israel (83); Israel (83); Lebanon (95)","1",""
"0ef30e832399","2025-03-22","Lebanese President Joseph Aoun condemned the Israeli airstrike campaign on villages and towns in southern Lebanon, which was a response to a rocket attack on the Israeli settlement of Metula. This airstrike marks the first major cross-border attack since the November 2024 ceasefire between Lebanon and Israel.","Lebanese President Joseph Aoun on Saturday condemned any attempts to drag Lebanon back into a cycle of violence, following an Israeli airstrike campaign on villages and towns in southern Lebanon in response to a rocket attack on the Israeli settlement of Metula.","Lebanese President Joseph Aoun ACCUSE Israel","CONFLICT","ACCUSE","-0.3","Lebanese President Joseph Aoun","Lebanese President Joseph Aoun","Lebanon (95)","Israel","Israel","Israel (83)","","","","southern Lebanon; Metula","","Lebanon (95); Israel (83)","1",""
"246cf2b6d5a3","2025-03-15","Lebanon's President General Joseph Aoun called for the urgent implementation of UN Resolution 1701 and the ceasefire agreement with Israel, emphasizing that stability and prosperity in Lebanon cannot be achieved without enforcing international resolutions and ensuring the withdrawal of Israeli forces from southern Lebanon.","President Aoun emphasized that amid the challenges facing Lebanon, the implementation of Resolution 1701 and the ceasefire is a central issue requiring urgent attention, stressing that no stability or prosperity will prevail amid the pervasive tension on the southern border.","President General Joseph Aoun REQUESTED the United Nations and Israel to urgently implement UN Resolution 1701 and a ceasefire agreement, including Israeli troop withdrawal from southern Lebanon.","CONFLICT","REQUEST","-0.3","President General Joseph Aoun","Joseph Aoun","Lebanon (95)","United Nations; Israel","United Nations; Israel","Israel (83)","","","","Lebanon; Southern Lebanon","","Lebanon (95); Lebanon (95)","1",""
"3f34227028cc","2025-03-12","Lebanese official Rajji met with US Deputy Assistant Secretary for the Levant and Syria engagement Natasha Franceschi and US Ambassador to Lebanon Lisa Johnson in Lebanon to discuss Israel's occupation and its implications for regional stability. Rajji thanked the US for its mediation efforts regarding Lebanese detainees and called for Israel's immediate withdrawal, while also urging Germany to apply pressure for this action.","Rajji emphasised that Israel's continued Occupation remains a key issue, Xinhua news agency reported quoting the official National News Agency.","Lebanese official Raje9, US Deputy Assistant Secretary for the Levant and Syria engagement Natasha Franceschi, and US Ambassador to Lebanon Lisa Johnson REQUEST Israel and Germany","CONFLICT","REQUEST","-0.3","Lebanese official Raje9; US Deputy Assistant Secretary for the Levant and Syria engagement Natasha Franceschi; US Ambassador to Lebanon Lisa Johnson","Lebanese official Raje9; U.S. Deputy Assistant Secretary for the Levant and Syria Natasha Franceschi; US Ambassador to Lebanon Lisa Johnson","Lebanon (95); USA (185); USA (185)","Israel; Germany","Israel; Germany","Israel (83); Germany (66)","","","","Lebanon","","Lebanon (95)","1",""
"7505f0cbec9d","2025-02-18","Lebanon called for a full Israeli troop withdrawal from its territory in the south under a ceasefire agreement, which set February 18 as the deadline for Israel's withdrawal. This call followed discussions among President Joseph Aoun, Prime Minister Nawaf Salam, and Parliament Speaker Nabih Berri regarding Israeli violations of the ceasefire deal.","Lebanon called on Tuesday for full Israeli troop withdrawal from its territory in the south under a ceasefire agreement, which set Tuesday as the deadline for Israel withdrawal.","Lebanon REQUEST Israel","CONFLICT","REQUEST","-0.2","Lebanon","Lebanon","Lebanon (95)","Israel","Israel","Israel (83)","President Joseph Aoun; Prime Minister Nawaf Salam; Parliament Speaker Nabih Berri","Joseph Aoun; Lebanese Prime Minister Nawaf Salam; Parliament Speaker Nabih Berri","Lebanon (95); Lebanon (95); Lebanon (95)","Lebanon","","Lebanon (95)","1",""
"83ef8239cc73","2025-02-17","Officials from Lebanon stated that the deadline for Israel's withdrawal and the Lebanese army's deployment has passed, indicating that any further delay is a breach of the Security Council resolution that ended the 2006 war between Israel and Hezbollah. They emphasized the determination of the new Lebanese President and Government to extend state authority in southern Lebanon and consolidate stability.","In the statement, the officials emphasized that as the deadline for Israel’s withdrawal and the Lebanese army’s deployment has passed, 'any further delay in this process is not what we hoped would happen.'","Lebanese officials ACCUSE Israel and the Lebanese army","CONFLICT","ACCUSE","-0.3","Lebanese officials","Lebanese authorities","Lebanon (95)","Israel; Lebanese army","Israel; Lebanese army","Israel (83); Lebanon (95)","United Nations Security Council; Hezbollah","United Nations Security Council; Hezbollah","Lebanon (95)","Southern Lebanon","","Lebanon (95)","1",""
"2470bb12ebe3","2025-02-16","Hezbollah's chief, Naim Qassem, issued a statement demanding that Israeli forces withdraw from Lebanese territory by the truce deadline of February 18, 2025. This statement was made during a televised address, emphasizing that Israel has no excuse for failing to comply with the ceasefire agreement.","""Israel must fully withdraw on Feb. 18, it has no excuse,"" Hezbollah's Naim Qassem said in a televised address.","Naim Qassem REQUEST Israeli forces","CONFLICT","REQUEST","-0.2","Naim Qassem","Naim Qassem","Lebanon (95)","Israeli forces","Israeli military","Israel (83)","","","","Lebanese territory","","Lebanon (95)","1",""
"b8a9bc9eae3b","2025-02-13","The Lebanese presidential media office issued a statement refuting claims regarding Israel's withdrawal from Lebanese territory, reaffirming President Joseph Aoun's position that Israel must withdraw by the agreed deadline of February 18, 2025. Parliament Speaker Nabih Berri also denied the claims, stating they were fabricated and rejecting any assertions of an agreement with Hezbollah to extend the ceasefire.","In an official statement, the presidential media office refuted the report, emphasising that, Lebanon had received no such information. 'This news is false,' the statement read, reaffirming President Joseph Aoun's stance on Israel's full withdrawal from Lebanese territory by the agreed deadline of Feb 18.","Lebanese presidential media office ACCUSE Israel","CONFLICT","ACCUSE","-0.2","Lebanese presidential media office","Lebanese presidential media office","Lebanon (95)","Israel","Israel","Israel (83)","President Joseph Aoun; Hezbollah","Joseph Aoun; Hezbollah","Lebanon (95); Lebanon (95)","Lebanon","","Lebanon (95)","1",""
"300a50362d45","2025-02-13","The foreign ministers of Lebanon and France, Youssef Rajji and Jean-Noel Barrot respectively, met in Paris to discuss the Israeli army's withdrawal behind the UN-designated Blue Line. They emphasized the need for Israel to withdraw completely and for Lebanese forces to be effectively deployed in that area, in line with UN Security Council resolutions.","The ministers stressed the need for the Israeli army to completely withdraw to the south of the Blue Line according to the agreed calendar, and for the effective deployment of the Lebanese forces in that area, in accordance with the UN Security Council resolutions.","Youssef Rajhi and Jean-Noel Barrot CONSULT Israel and Lebanese forces","COOPERATION","CONSULT","0.2","Youssef Rajhi; Jean-Noel Barrot","Youssef Rajhi; Jean-Noel Barrot","Lebanon (95); France (62)","Israel; Lebanese forces","Israel; Lebanese army","Israel (83); Lebanon (95)","United Nations Security Council","United Nations Security Council","United Nations","Paris","","France (62)","1",""
"dc704a89c395","2025-01-27","Suhil Bahij Gharb, the head of military intelligence for Hezbollah, allegedly provided classified information that jeopardized a ceasefire agreement with Israel. This breach occurred in a security control room operated by the US, France, and the UN, at the insistence of senior Hezbollah commander Wafiq Safa.","A military intelligence head handed Hezbollah classified information jeopardizing a ceasefire agreement with Israel, Britain's The Times reported citing intelligence sources.","Suhil Bahji Ghul ACCUSE Israel","CONFLICT","ACCUSE","-0.3","Suhil Bahji Ghul","Suhil Bahji Ghul","Lebanon (95)","Israel","Israel","Israel (83)","Hezbollah; United States; France; United Nations; Wafiq Safa","Hezbollah; United States; France; United Nations; Wafiq Safa","Lebanon (95); USA (185); France (62); Lebanon (95)","Security control room","","Unknown","1",""
"a8a5172c6b55","2025-01-26","The Lebanese army announced its readiness to deploy forces in southern Lebanon, accusing Israel of procrastination regarding its withdrawal, which is part of the terms of the Israel-Hezbollah ceasefire. The deployment is to occur alongside United Nations peacekeepers as the Israeli army's withdrawal is set to continue beyond the stipulated deadline.","The Lebanese army on Saturday said it was ready to deploy its forces in the country’s south, accusing Israel of 'procrastination' in its withdrawal in time for a deadline the following day.","Lebanese army MOBILIZE Israel","CONFLICT","MOBILIZE","-0.6","Lebanese army","Lebanese army","Lebanon (95)","Israel","Israel","Israel (83)","United Nations peacekeepers","United Nations peacekeepers","United Nations","southern Lebanon","","Lebanon (95)","2",""
"11bf30fb8f89","2025-01-25","Hundreds of Lebanese, primarily Hezbollah supporters, attempted to reach southern villages near the border with Israel, defying warnings from the Israeli Defense Forces (IDF) to stay away. This occurred as the ceasefire's original 60-day deadline for Israel to withdraw its forces passed, resulting in clashes where the IDF opened fire on individuals deemed an 'imminent threat', leading to 15 fatalities and 83 injuries.","Hundreds of Lebanese attempted to reach southern villages near the border with Israel by force on Sunday morning, defying warnings by the Israeli Defense Forces to stay away, as the ceasefire’s original 60-day deadline for Israel to withdraw its forces passed with troops remaining in parts of the country’s south.","Hezbollah supporters ASSAULT Israeli Defense Forces (IDF)","CONFLICT","ASSAULT","-0.9","Hezbollah supporters","Hezbollah supporters","Lebanon (95)","Israeli Defense Forces (IDF)","Israel Defense Forces (IDF)","Israel (83)","","","","southern Lebanon; border with Israel","","Lebanon (95)","1",""
"2bf56d01afe9","2025-01-21","Lebanese President Joseph Aoun met with Spanish Defence Minister Margarita Robles at Baabda Palace in Beirut to call for Israel's immediate withdrawal from disputed territories. The meeting addressed rising tensions along the border and the need for Israel to adhere to the January 26 deadline set in the November 27 ceasefire agreement to avoid further destabilization in the region.","Lebanese President Joseph Aoun called for Israel's immediate withdrawal from disputed territories during a meeting on Tuesday with Spanish Defence Minister Margarita Robles.","Lebanese President Joseph Aoun and Spanish Defense Minister Margarita Roble REQUEST Israel","CONFLICT","REQUEST","-0.2","Lebanese President Joseph Aoun; Spanish Defence Minister Margarita Roble","Lebanese President Joseph Aoun; Spanish Defence Minister Margarita Roble","Lebanon (95); Spain (163)","Israel","Israel","Israel (83)","","","","Baaramda Palace, Beirut","","Lebanon (95)","1",""
"be0ffe2dd23b","2025-01-17","Hezbollah chief Sheikh Naim Qassem accused Israel of committing hundreds of violations of a ceasefire during a visit by United Nations Secretary-General Antonio Guterres to Lebanon. Qassem's remarks emphasized the need for the Lebanese state to confront these violations, which he stated cannot continue, as the ceasefire is set to be fully implemented by next week.","Qassem called 'on the Lebanese state to be firm in confronting violations, now numbering more than hundreds. This cannot continue,' he said in a televised speech.","Sheikh Naim Qassem ACCUSE Israel","CONFLICT","ACCUSE","-0.3","Sheikh Naim Qassem","Sheikh Naim Qassem","Lebanon (95)","Israel","Israel","Israel (83)","United Nations Secretary-General Antonio Guterres; Lebanese state","United Nations Secretary-General Antonio Guterres; Lebanese state","Lebanon (95)","Lebanon","","Lebanon (95)","1",""
"6662f4e4dd40","2025-01-08","Lebanese Prime Minister issued an ultimatum to Israel demanding the withdrawal of Israeli troops from Lebanese territory. This statement comes amid ongoing tensions and military activities in the region.","'Withdraw Troops': Lebanese PM Issues Big Ultimatum To Israel Over Occupation Of Lebanese Territory","Lebanese Prime Minister REQUEST Israel","CONFLICT","REQUEST","-0.2","Lebanese Prime Minister","Lebanese Prime Minister","Lebanon (95)","Israel","Israel","Israel (83)","","","","Lebanese territory","","Lebanon (95)","1",""
"c7999cd4af7f","2025-01-06","Lebanese Prime Minister Najib Mikati demanded that Israel cease its violations of the ceasefire agreement during a meeting with US envoy Amos Hochstein in Beirut. Mikati called for a clear timetable for the completion of the Israeli withdrawal from southern Lebanon, which is to occur within 60 days as stipulated by the agreement.","Mikati on Monday reiterated 'the demand to stop the Israeli security violations of the ceasefire, the ongoing attacks on southern towns, the systematic destruction of homes and facilities, and the violation of Lebanese airspace' during a meeting with visiting US envoy Amos Hochstein.","Najib Mikati REQUEST Israel","CONFLICT","REQUEST","-0.2","Najib Mikati","Najib Mikati","Lebanon (95)","Israel","Israel","Israel (83)","Amos Hochstein","Amos Hochstein","USA (185)","Beirut","","Lebanon (95)","1",""
"78c72ca9256f","2024-12-30","Mahmoud Komati, a representative of Hezbollah, stated in an interview with Al-Manar TV that Hezbollah is committed to the ceasefire during the first 60 days of the truce deal with Israel. He indicated that after this period, Hezbollah would respond to any violations of the ceasefire, emphasizing the group's readiness to protect its military capabilities and reconstruction efforts.","In an interview with Al-Manar TV on Monday, Mahmoud Komati said Hezbollah is committed to the ceasefire during the first 60 days mentioned in the text of the truce deal.","Hezbollah AGREE Israel","COOPERATION","AGREE","0.5","Hezbollah","Hezbollah","Lebanon (95)","Israel","Israel","Israel (83)","","","","Immaterial","","Immaterial","1",""
"fd1b95defcc5","2024-12-28","The Lebanese Agriculture Ministry condemned Israeli military actions that targeted agricultural lands, specifically the destruction of a sapling propagation project in Wadi Houjeir. This project, supported by the UN World Food Program and funded by the EU, was vital for enhancing food security in Lebanon. The ministry characterized the destruction as a violation of Lebanon's sovereignty and international laws.","Lebanon on Saturday condemned Israeli attacks targeting agriculture and the destruction of a sapling propagation project implemented in Wadi Houjeir with support from the UN World Food Program (WFP) and funding from the EU.","Lebanese Agriculture Ministry ACCUSE Israeli military","CONFLICT","ACCUSE","-0.3","Lebanese Agriculture Ministry","Lebanese Agriculture Ministry","Lebanon (95)","Israeli military","Israeli military","Israel (83)","UN World Food Program; European Union","World Food Program; European Union","United Nations; European Union","Wadi Houjeir","","Lebanon (95)","1",""
"e81003e39ba0","2024-12-24","Lebanese Prime Minister Naguib Mikati met with the Ceasefire Monitoring Committee in the Prime Ministry building in Lebanon, where he called for pressure on Israel to comply with the ceasefire and cease its violations. The meeting included key military and UN officials, emphasizing the need for Israel to withdraw from southern Lebanon.","Mikati stated that Israel’s violations must be stopped and the ceasefire must be fully adhered to.","Naguib Mikati REQUEST Israel","CONFLICT","REQUEST","-0.2","Naguib Mikati","Najib Mikati","Lebanon (95)","Israel","Israel","Israel (83)","Ceasefire Monitoring Committee; Military and UN officials","Ceasefire Monitoring Committee; Military and UN officials","Unknown; Unknown","Prime Minister building, Lebanon","","Lebanon (95)","1",""
"0bf4337c2751","2024-12-02","Lebanon's parliament speaker Nabih Berri accused Israel of committing 54 violations of the ceasefire that ended the war between Hezbollah and Israel. He demanded urgent international intervention in response to Israel's alleged actions, including the demolition of homes in border villages and continuous reconnaissance drone flights.","Lebanon's parliament speaker Nabih Berri on Monday accused Israel of committing 54 violations of the ceasefire that ended the war between Hezbollah and Israel.","Nabih Berri ACCUSE Israel","CONFLICT","ACCUSE","-0.3","Nabih Berri","Nabih Berri","Lebanon (95)","Israel","Israel","Israel (83)","Hezbollah; International community","Hezbollah; International community","Lebanon (95)","Lebanon","","Lebanon (95)","1",""
"656d61cdee71","2024-12-02","Hezbollah launched two missiles at an Israeli military position in the Shebaa Farms area, which is contested territory near the Lebanon border. This action was described by Hezbollah as a 'defensive warning strike' in response to alleged Israeli violations of the ceasefire. Israeli Prime Minister Benjamin Netanyahu condemned the attack, labeling it a 'serious violation' of the ceasefire and stated that Israel would respond strongly.","Hezbollah's firing at Mount Dov constitutes a serious violation of the ceasefire, and Israel will respond strongly to this.","Hezbollah ASSAULT Israeli military","CONFLICT","ASSAULT","-0.9","Hezbollah","Hezbollah","Lebanon (95)","Israeli military","Israeli military","Israel (83)","","","","Shebaa Farms area; Lebanon border","","Israel (83); Lebanon (95)","3",""
"73c57e846372","2024-12-02","On December 2, 2024, Hezbollah fired at an Israeli-held site on disputed territory near the borders of Israel, Lebanon, and Syria. In response, the Israel Defense Forces (IDF) conducted strikes against Hezbollah, targeting terrorists, launchers, and infrastructure throughout Lebanon, including the launcher used in Hezbollah's attack. This exchange of fire occurred amid ongoing accusations of cease-fire violations by both parties.","On Dec. 2, Hezbollah, a Lebanese terrorist group, fired at an Israeli-held site on disputed territory near the borders of Israel, Lebanon, and Syria. The same day, Israel Defense Forces (IDF) said it struck 'Hezbollah terrorists, dozens of launchers, and terrorist infrastructure throughout Lebanon,' as well as the launcher used in Hezbollah’s attack on the area the IDF called Mount Dov, known as Shebaa Farms by the Lebanese.","Hezbollah ASSAULT Israel Defense Forces (IDF)","CONFLICT","ASSAULT","-0.9","Hezbollah","Hezbollah","Lebanon (95)","Israel Defense Forces (IDF)","Israel Defense Forces (IDF)","Israel (83)","","","","Near the borders of Israel, Lebanon, and Syria; Lebanon","","Lebanon (95)","8",""
"38feb871a493","2024-12-02","Hezbollah conducted a 'defensive warning strike' on an Israeli military position in the Shebaa Farms area, citing repeated Israeli violations of the ceasefire. The Israeli military confirmed that two missiles were fired by Hezbollah, with no reported casualties.","Hezbollah announced on Monday that it had carried out a “defensive warning strike” on an Israeli military position in the contested Shebaa Farms area, attributing the action to what it described as repeated Israeli violations of the ceasefire, including airstrikes and shelling in Lebanon.","Hezbollah THREATEN Israeli military","CONFLICT","THREATEN","-0.6","Hezbollah","Hezbollah","Lebanon (95)","Israeli military","Israeli military","Israel (83)","","","","Shebaa Farms","","Lebanon (95)","1",""
"4dbde15da866","2024-12-02","Hezbollah launched two mortars near the Israel-Lebanon border, targeting Israeli military posts in the contested area of Mount Dov and Shebaa Farms. This action was described by Hezbollah as a 'warning defensive response' to alleged Israeli violations of the ceasefire agreement, which has been in effect since November 27. In response, Israeli Prime Minister Benjamin Netanyahu accused Hezbollah of violating the ceasefire and vowed a 'forceful response'.","Israeli Prime Minister Benjamin Netanyahu has accused Hezbollah of violating the ceasefire agreement and vowed a 'forceful response' after the group launched two mortars near the border.","Hezbollah ASSAULT Israeli military posts","CONFLICT","ASSAULT","-0.9","Hezbollah","Hezbollah","Lebanon (95)","Israeli military posts","Israeli military posts","Israel (83)","","","","Israel-Lebanon border; Mount Dov; Shebaa Farms","","Unknown; Unknown; Unknown","1",""
"65518b33ba5f","2024-11-29","A Hamas gunman opened fire in an attack that resulted in the deaths of nine Israelis. This incident is part of escalating violence in the region, with multiple attacks reported involving both Hamas and Hezbollah forces against Israeli targets.","Al-Qassam Fighter Goes Berserk, Bleeds 9 Israelis In Non-stop Gunfire | Hamas Gunman Killed","Hamas and Hezbollah ASSAULTED Israeli civilians","CONFLICT","ASSAULT","-0.9","Hamas; Hezbollah","Hamas; Hezbollah","Palestine (195); Lebanon (95)","Israeli civilians","Israeli civilians","Israel (83)","","","","Immaterial","","Immaterial","1",""
"5c59cfbdb2b1","2024-11-27","The Lebanese Army accused Israel of breaching a ceasefire agreement that was established on November 27, 2024, to halt hostilities along the Israeli-Lebanese border. The violations included aerial incursions and strikes on Lebanese territory, raising concerns about the sustainability of the truce.","On November 27 and 28, following the announcement of the ceasefire agreement, the Israeli enemy breached the agreement multiple times.","Lebanese Army ACCUSE Israel","CONFLICT","ACCUSE","-0.3","Lebanese Army","Lebanese army","Lebanon (95)","Israel","Israel","Israel (83)","","","","Lebanese territory; Israeli-Lebanese border","","Lebanon (95)","1",""
"5b8af38e8622","2024-11-27","The Lebanese Army announced that it is taking necessary steps to enforce the ceasefire between Israel and Hezbollah. Lebanese military forces will be stationed along the border to ensure Hezbollah remains north of the Litani River, in accordance with UN Security Council Resolution 1701, and will cooperate with the United Nations Interim Force in Lebanon (UNIFIL) to maintain peace and stability.","The Lebanese Army announced on Wednesday that it is taking the necessary steps to enforce the ceasefire between Israel and the Iranian-backed Hezbollah militia.","Lebanese Army COOPERATE Israel and Hezbollah","COOPERATION","COOPERATE","0.8","Lebanese Army","Lebanese army","Lebanon (95)","Israel; Hezbollah","Israel; Hezbollah","Israel (83); Lebanon (95)","United Nations Interim Force in Lebanon (UNIFIL); United Nations Security Council","United Nations Interim Force in Lebanon (UNIFIL); United Nations Security Council","United Nations; United Nations","Lebanon; Israel; Litani River","","Lebanon (95); Israel (83); Lebanon (95)","1",""
"97548ae0cab0","2024-11-27","Hezbollah celebrated a perceived victory in Lebanon as Israeli Prime Minister Benjamin Netanyahu conceded to their demands. Thousands of supporters gathered to sing and dance in support of Hezbollah, marking a significant moment in the ongoing conflict.","Lebanon Celebrates 'Victory' As Netanyahu Gives In; Thousands Sing, Dance, Hail Hezbollah","Hezbollah ACCUSE Benjamin Netanyahu","CONFLICT","ACCUSE","-0.3","Hezbollah","Hezbollah","Lebanon (95)","Benjamin Netanyahu","Benjamin Netanyahu","Israel (83)","","","","Lebanon","","Lebanon (95)","1",""
"9f511695f629","2024-11-27","Lebanese caretaker Prime Minister Najib Mikati delivered a televised speech in which he expressed hope that the Lebanese army would restore security to the south following a ceasefire agreement. He reaffirmed Lebanon's commitment to its sovereignty and urged Israel to comply with the ceasefire resolution and withdraw from occupied territories.","In a televised speech on Wednesday, Mikati reaffirmed Lebanon’s commitment to its Sovereignty over all territories, including land, sea, and air. He emphasized the importance of electing a new president and strengthening constitutional institutions, while urging Israel to comply with the ceasefire resolution and withdraw from the territories it had occupied.","Najib Mikati REQUEST Lebanese army and Israel","CONFLICT","REQUEST","-0.2","Najib Mikati","Najib Mikati","Lebanon (95)","Lebanese army; Israel","Lebanese army; Israel","Lebanon (95); Israel (83)","","","","Immaterial","","Immaterial","1",""
"7a4e318553c4","2024-11-27","Hezbollah launched a 'warning' attack on an Israeli military base in Kfar Chouba, Lebanon, in response to repeated Israeli violations of a fragile ceasefire. The attack was described as a 'preliminary defensive response' to Israeli air raids and other breaches of the truce that had been in effect since the previous Wednesday.","For its part, the Lebanese group said on Monday that it carried out a “preliminary defensive response” to the “repeated violations” of the ceasefire by attacking an Israeli military base in the hills of Kfar Chouba, a disputed area that Lebanon claims as its own.","Hezbollah ASSAULT Israeli military base","CONFLICT","ASSAULT","-0.9","Hezbollah","Hezbollah","Lebanon (95)","Israeli military base","Israeli military bases","Israel (83)","","","","Kfar Chouba","","Lebanon (95)","1",""
"9e7f9c9638fc","2024-11-27","Lebanon's caretaker government approved a U.S.-brokered ceasefire agreement with Israel, signaling its commitment to deploy Lebanese soldiers along the border and cooperate with United Nations peacekeepers. This agreement aims to implement U.N. Security Council resolution 1701, which seeks to establish the Lebanese military as the sole armed presence in southern Lebanon.","Lebanon’s caretaker government on Wednesday approved a U.S.-brokered ceasefire with Israel.","Lebanon's caretaker government AGREE Israel","COOPERATION","AGREE","0.5","Lebanon's caretaker government","Lebanon's caretaker Prime Minister","Lebanon (95)","Israel","Israel","Israel (83)","Lebanese soldiers; United Nations peacekeepers; United Nations Security Council","Lebanese army; United Nations peacekeepers; United Nations Security Council","Lebanon (95)","Lebanon; Israel; southern Lebanon","","Lebanon (95); Israel (83); Lebanon (95)","1",""
"2fb525c6078b","2024-11-27","Hezbollah, a Lebanese militant group, issued a statement reaffirming its commitment to resist Israel despite a ceasefire agreement being reached. The group emphasized its readiness to combat Israeli actions and maintain vigilance beyond Lebanon's borders, indicating a continued commitment to Palestine and preparedness against potential Israeli aggressions.","Hezbollah pledged unwavering resistance against Israel, even after a ceasefire agreement was reached.","Hezbollah ACCUSE Israel","CONFLICT","ACCUSE","-0.8","Hezbollah","Hezbollah","Lebanon (95)","Israel","Israel","Israel (83)","Palestine","Palestine","Palestine (195)","Lebanon; Israel","","Lebanon (95); Israel (83)","1",""
"3509b05ca953","2024-11-27","Hezbollah issued a statement reaffirming its commitment to resistance against Israel following the implementation of a ceasefire agreement between Israel and Lebanon. The group declared its readiness to confront any future aggression from Israel and pledged to monitor the withdrawal of Israeli forces from southern Lebanon, claiming victory over Israel.","Our forces will remain fully ready to address the Israeli enemy’s ambitions and aggressions.","Hezbollah AGREE Israel","COOPERATION","AGREE","0.5","Hezbollah","Hezbollah","Lebanon (95)","Israel","Israel","Israel (83)","Lebanon","Lebanon","Lebanon (95)","Southern Lebanon","","Lebanon (95)","1",""
"fd0a00f993be","2024-11-27","The editorial in Siasat-e-Rooz criticized the United States and Israel, asserting that they aim to portray the conflict in Palestine and Lebanon as a war between Iran and Israel. It emphasized Iran's defensive stance against perceived threats and discussed the implications of the arrest warrants issued by the International Criminal Court against Israeli officials Netanyahu and Gallant.","In an analysis, Jam-e-Jam discussed the arrest warrants against Netanyahu and Yoav Gallant by The Hague-based International Criminal Court.","Editorial in Siasat-e-Rouiyeh ACCUSE United States and Israel","CONFLICT","ACCUSE","-0.3","Editorial in Siasat-e-Rouiyeh","Editorial in Siasat-e-Rouiyeh","Lebanon (95)","United States; Israel","United States; Israel","USA (185); Israel (83)","Iran; Palestine; Lebanon; International Criminal Court; Netanyahu; Gallad","Iran; Palestine; Lebanon; International Criminal Court; Benjamin Netanyahu; Gallad","Iran (80); Palestine (195); Lebanon (95); Israel (83); Israel (83)","Siasat-e-Rouiyeh","","Lebanon (95)","1",""
"2df3f35587f3","2024-11-26","The Foreign Ministry of Lebanon welcomed a ceasefire agreement between Israel and Lebanon, urging all parties to implement the deal for the benefit of civilians and regional stability. This ceasefire aims to end nearly 14 months of fighting between Israel and Hezbollah, which escalated into all-out war in mid-September.","The Foreign Ministry has welcomed the ceasefire agreement between Israel and Lebanon, describing it is “as a positive initial step towards lasting peace in the region.”","Foreign Ministry of Lebanon SUPPORT Israel, Lebanon, and Hezbollah","COOPERATION","SUPPORT","0.5","Foreign Ministry of Lebanon","Lebanese Foreign Minister","Lebanon (95)","Israel; Lebanon; Hezbollah","Israel; Lebanon; Hezbollah","Israel (83); Lebanon (95); Lebanon (95)","Civilians","Civilians","Unknown","Lebanon","","Lebanon (95)","1",""
"df5498c8a402","2024-11-24","Hezbollah militants fired approximately 250 projectiles from Lebanon into northern and central Israel, with some rockets reaching Tel Aviv. The Israeli military reported that at least seven people were injured by shrapnel, and while many rockets were intercepted, some caused damage to houses in central Israel.","The Israeli military (IDF) said around 250 projectiles had been fired by Hezbollah militants from Lebanon into northern and central Israel on Sunday, with some rockets reaching Tel Aviv.","Hezbollah militants ASSAULT Israeli civilians","CONFLICT","ASSAULT","-0.9","Hezbollah militants","Hezbollah","Lebanon (95)","Israeli civilians","Israeli civilians","Israel (83)","","","","Lebanon; Northern Israel; Central Israel; Tel Aviv","","Lebanon (95); Israel (83); Israel (83); Israel (83)","1",""
"a49043360454","2024-11-24","Hezbollah launched at least 185 rockets and other projectiles into Israel, resulting in seven injuries. This action was described as the group's heaviest barrage in several days, occurring in response to Israeli airstrikes in Beirut. Concurrently, an Israeli strike on a Lebanese army center killed one soldier and injured 18 others, prompting condemnation from Lebanon's caretaker prime minister, Najib Mikati.","Hezbollah fired at least 185 rockets and other projectiles into Israel on Sunday, wounding seven people in the militant group's heaviest barrage in several days, in response to deadly Israeli strikes in Beirut while negotiators pressed on with cease-fire efforts to halt the war.","Hezbollah ASSAULT Israel and the Lebanese army","CONFLICT","ASSAULT","-0.9","Hezbollah","Hezbollah","Lebanon (95)","Israel; Lebanese army","Israel; Lebanese army","Israel (83); Lebanon (95)","","","","Israel; Beirut; Lebanon","","Israel (83); Lebanon (95); Lebanon (95)","14",""
"cd54a63643fb","2024-11-18","Hezbollah launched a significant military attack on Israel, marking the largest offensive since the new leadership took over. The attack resulted in multiple casualties and heightened tensions in the region.","Hezbollah Launches Biggest Attack On Israel After New Chief's Takeover; Multiple Casualties Reported","Hezbollah ASSAULT Israel","CONFLICT","ASSAULT","-0.9","Hezbollah","Hezbollah","Lebanon (95)","Israel","Israel","Israel (83)","","","","Israel","","Israel (83)","1",""
"e0ae99c9bbc5","2024-11-18","Hezbollah launched over 75 rockets into central Israel, resulting in one death and injuries to 56 others, including 18 children. This attack occurred while U.S. envoy Amos Hochstein was in Beirut for talks regarding a ceasefire proposal.","Hezbollah is keeping up its deadly rocket attacks, firing over 75 rockets into Israel on Monday, resulting in one death and injuries to 56 others. Among the injured were 18 children.","Hezbollah ASSAULT Civilians in central Israel","CONFLICT","ASSAULT","-0.9","Hezbollah","Hezbollah","Lebanon (95)","Civilians in central Israel","Israeli civilians","Israel (83)","U.S. envoy Amos Hochstein","U.S. envoy Amos Hochstein","USA (185)","central Israel; Beirut","","Israel (83); Lebanon (95)","1",""
"852ae5c6a3ac","2024-11-16","Hezbollah launched a drone that crashed into an Israeli apartment as part of a series of retaliatory strikes following a bombing in Beirut. This incident is part of a broader escalation, with over 140 rockets fired from Lebanon targeting various locations in Israel, including Haifa.","Hezbollah Drone Crashes Into Israeli Apartment; Revenge Strikes After Beirut Bombing","Hezbollah ASSAULT Israeli civilians in an Israeli apartment in Haifa","CONFLICT","ASSAULT","-0.9","Hezbollah","Hezbollah","Lebanon (95)","Israeli civilians in an Israeli apartment in Haifa","Israeli civilians in an Israeli apartment in Haifa","Israel (83)","","","","Beirut; Haifa; Israel; Lebanon","","Lebanon (95); Israel (83); Israel (83); Lebanon (95)","1",""
"d1f0298d19ac","2024-11-15","The Israeli Defense Forces (IDF) faced multiple attacks from Hezbollah, resulting in the death of an Israeli soldier during an ambush. This incident is part of a broader escalation involving coordinated strikes against Israel from various fronts, including missile attacks and bombings.","Israeli Soldier Killed In Hezbollah Ambush; Rockets Breach Air Defenses In Haifa","Hezbollah ASSAULT Israeli Defense Forces and an Israeli soldier","CONFLICT","ASSAULT","-0.9","Hezbollah","Hezbollah","Lebanon (95)","Israeli Defense Forces; Israeli soldier","Israeli military; Israeli soldier","Israel (83); Israel (83)","","","","Israel","","Israel (83)","1",""
"2565d1064efb","2024-11-12","Hezbollah conducted an attack on the Israeli Defence Ministry located in Tel Aviv, claiming to have accurately hit two Israel Defense Forces (IDF) bases. This action is part of escalating tensions in the region.","Hezbollah 'Bombs' Israeli Defence Ministry In Tel Aviv; 2 IDF Bases 'Accurately Hit'","Hezbollah ASSAULTED the Israeli Defense Ministry and Israel Defense Forces (IDF)","CONFLICT","ASSAULT","-0.9","Hezbollah","Hezbollah","Lebanon (95)","Israeli Defense Ministry; Israel Defense Forces (IDF)","Israeli Defense Ministry; Israel Defense Forces (IDF)","Israel (83); Israel (83)","","","","Tel Aviv","","Israel (83)","1",""
"1f87921d9756","2024-11-12","Hezbollah claimed responsibility for a drone attack targeting a military base in Nahariya, northern Israel, resulting in two fatalities. This attack was a response to the Israeli airstrikes in Beirut.","In response to Israeli airstrikes, Hezbollah claimed responsibility for a drone attack targeting a military base in Nahariya, northern Israel, where two fatalities occurred.","Hezbollah ASSAULT Israeli military base in Nahariya","CONFLICT","ASSAULT","-0.9","Hezbollah","Hezbollah","Lebanon (95)","Israeli military base in Nahariya","Israeli military base in Nahariya","Israel (83)","","","","Nahariya; Beirut","","Israel (83); Lebanon (95)","1",""
"eebebc41a3e7","2024-11-11","Saudi Arabia hosted an emergency summit of Islamic leaders in Riyadh, where they condemned Israeli actions against Palestine and Lebanon. The summit aimed to discuss a two-state solution and called for the international community to intervene to stop Israeli aggression, with leaders from Turkey, Lebanon, Palestine, and Syria in attendance.","Saudi Arabia held an emergency summit of Islamic leaders in Riyadh, calling on the international community to stop 'Israeli aggression against the people of Palestine and Lebanon.'","Saudi Arabia, Turkey, Lebanon, Palestine, and Syria ACCUSE the Israeli government","CONFLICT","ACCUSE","-0.3","Saudi Arabia; Turkey; Lebanon; Palestine; Syria","Saudi Arabia; Turkey; Lebanon; Palestine; Syria","Saudi Arabia (151); Türkiye (177); Lebanon (95); Palestine (195); Syria (169)","Israeli government","Israeli government","Israel (83)","Palestinians; Lebanese; International community","Palestinians; Lebanese; International community","Palestine (195); Lebanon (95)","Riyadh","","Saudi Arabia (151)","1",""
"bf1603e34fc9","2024-11-11","Hezbollah reported that the military forces of the Zionist entity have been unable to occupy any villages in Lebanon since their invasion began on September 30, 2024. This statement was made by Hezbollah Spokesman Mohammad Afif during a news conference in south Beirut, highlighting the ongoing conflict and the challenges faced by the Zionist entity's military.","“After 45 days of bloody fighting, the enemy is still unable to occupy a single Lebanese village,” Hezbollah Spokesman Mohammad Afif told a news conference in south Beirut.","Hezbollah ACCUSE military forces of the Zionist entity","CONFLICT","ACCUSE","-0.3","Hezbollah","Hezbollah","Lebanon (95)","Military forces of the Zionist entity","Zionist forces","Israel (83)","","","","Lebanon","","Lebanon (95)","1",""
"62064d33d080","2024-11-06","Hezbollah leader Qassem delivered a speech marking the 40th day since the martyrdom of his predecessor Hassan Nasrallah, asserting Hezbollah's commitment to compel Israel to pursue a ceasefire and resist Israeli occupation of Lebanon. He emphasized the group's intention to strengthen its resistance against Israel and praised the resilience of the Palestinian people in Gaza.","In a fiery address marking the 40th day since the martyrdom of his predecessor Hassan Nasrallah, Qassem stated, 'We will compel Israel to pursue a ceasefire.'","Qassem ACCUSE Israel","CONFLICT","ACCUSE","-0.3","Qassem","Qassem","Lebanon (95)","Israel","Israel","Israel (83)","Hezbollah; Palestinian people","Hezbollah; Palestinians","Lebanon (95); Palestine (195)","Lebanon; Gaza","","Lebanon (95); Palestine (195)","1",""
"35c61fcbd513","2024-11-06","Hezbollah leader Naim Kassem delivered a speech in which he stated that the group is open to ceasefire negotiations with Israel, contingent upon the cessation of Israeli military actions. This statement was made during the 40-day mourning period following the assassination of former Hezbollah chief Hassan Nasrallah.","Hezbollah leader Naim Kassem said in a speech aired Wednesday that the Lebanese group is open for ceasefire negotiations only once 'the enemy stops its aggression.'","Naim Kassem REQUEST Israel","CONFLICT","REQUEST","-0.2","Naim Kassem","Naim Kassem","Lebanon (95)","Israel","Israel","Israel (83)","Hezbollah; Hassan Nasrallah","Hezbollah; Hassan Nasrallah","Lebanon (95); Lebanon (95)","Immaterial","","Immaterial","1",""
"7ab8a9cb7fc5","2024-11-06","The 'Strong Lebanon' bloc, chaired by Deputy Gebran Bassil, convened in Lebanon to discuss current events and issued a statement addressing the recent Israeli landing in Batroun. The bloc called for a thorough investigation into the maritime breach and emphasized the need for a ceasefire between Lebanon and Israel, urging the implementation of UN Resolution 1701.","The bloc asserts that the recent Israeli landing in Batroun underscores Lebanon’s vulnerability and lack of protection against the ongoing Israeli aggressions, which include violations of sovereignty by air, land, and sea.","Strong Lebanon REQUEST Israel","CONFLICT","REQUEST","-0.2","Strong Lebanon","Strong Lebanon","Lebanon (95)","Israel","Israel","Israel (83)","United Nations","United Nations","United Nations","Lebanon; Batroun","","Lebanon (95); Lebanon (95)","1",""
"42ab015ba230","2024-11-06","Sheikh Naeem Qassem, the new Secretary-General of Lebanese Hezbollah, delivered a speech in Tehran warning the Israeli regime about the capabilities of Hezbollah's missiles and drones. He emphasized that no area in Israel is safe from their attacks and highlighted the strength and resilience of Hezbollah's trained fighters.","The new Secretary-General of the Lebanese Hezbollah warned the Israeli regime on Wednesday that it will suffer from the resistance movement’s missiles and drones. 'No place in the entity (Israel) is off-limits to our missiles and drones. The coming days will reveal more, and what will happen will be greater,' Sheikh Naeem Qassem said.","Sheikh Naeem Qassem THREATEN Israeli regime","CONFLICT","THREATEN","-0.6","Sheikh Naeem Qassem","Sheikh Naim Qassem","Lebanon (95)","Israeli regime","Israeli regime","Israel (83)","Hezbollah","Hezbollah","Lebanon (95)","Tehran","","Iran (80)","1",""
"d469713bec47","2024-11-01","Lebanon's Prime Minister Najib Mikati condemned Israel's expansion of military attacks on Lebanon, particularly targeting the southern suburbs of Beirut. This condemnation followed overnight raids and was made in the context of ongoing conflict and failed negotiations for a ceasefire, highlighting Israel's refusal to engage in diplomatic efforts.","The Israeli enemy’s renewed expansion of the scope of its aggression on Lebanese regions, its repeated threats to the population to evacuate entire cities and villages, and its renewed targeting of the southern suburbs of Beirut with destructive raids, are all indicators that confirm the Israeli enemy’s rejection of all efforts being made to secure a ceasefire.","Najib Mikati ACCUSE Israel","CONFLICT","ACCUSE","-0.3","Najib Mikati","Najib Mikati","Lebanon (95)","Israel","Israel","Israel (83)","","","","Lebanon; Southern suburbs of Beirut","","Lebanon (95); Lebanon (95)","4",""
"405a19b69c94","2024-10-31","Hezbollah launched rocket attacks on northern Israel, specifically targeting areas near Metula and Haifa, resulting in the deaths of seven agricultural workers. The first attack occurred near Metula, killing five individuals, followed by another attack in Kiryat Ata, which claimed two more lives. The victims included one Israeli citizen and several foreign nationals.","Hezbollah rockets killed 7 innocent civilians inside Israel today. We will not let Hezbollah's deadly attacks go unanswered.","Hezbollah ASSAULT Israeli citizens and foreign nationals","CONFLICT","ASSAULT","-0.9","Hezbollah","Hezbollah","Lebanon (95)","Israeli citizens; Foreign nationals","Israeli citizens; Foreign nationals","Israel (83)","","","","Northern Israel; Metula; Haifa; Kiryat Ata","","Israel (83); Israel (83); Israel (83); Israel (83)","1",""
"e8d155432cc8","2024-10-31","Hezbollah launched an attack on the northern Israeli border community of Metula, resulting in the deaths of five individuals, including an Israeli farmer and four foreign workers. This incident occurred amidst ongoing conflicts in Lebanon and Gaza, where Israeli forces are engaged with Hezbollah and Hamas militants, respectively.","Beirut: A Hezbollah attack on the northern Israeli border community of Metula killed five people, including an Israeli farmer and four foreign workers, Israel’s Channel 12 reported on Thursday.","Hezbollah ASSAULT foreign workers at Metula and an Israeli farmer","CONFLICT","ASSAULT","-0.9","Hezbollah","Hezbollah","Lebanon (95)","Foreign workers at Metula; Israeli farmer","Foreign workers at Metula; Israeli farmers","Israel (83)","","","","Metula; Northern Israeli border community; Lebanon; Gaza","","Israel (83); Israel (83); Lebanon (95); Palestine (195)","2",""
"2c2228ee6dae","2024-10-30","Sheikh Naim Qassem, the newly appointed Secretary-General of Hezbollah, announced in his first televised speech that he will continue the war strategy of his predecessor, Sayyed Hassan Nasrallah, by supporting the Gaza front against Israel. He emphasized the importance of this support in confronting Israeli threats and stated that Hezbollah is capable of maintaining its operations despite recent challenges.","""My work programme is a continuation of Sayyed Hassan Nasrallah's program in all fields, political, jihadist, social, and cultural,"" Qassem said in his first televised speech following his appointment as the new Secretary-General of Hezbollah.","Sheikh Naim Qassem SUPPORT Israel","COOPERATION","SUPPORT","0.5","Sheikh Naim Qassem","Sheikh Naim Qassem","Lebanon (95)","Israel","Israel","Israel (83)","Hezbollah; Sayyed Hassan Nasrallah","Hezbollah; Hassan Nasrallah","Lebanon (95); Lebanon (95)","Gaza","","Palestine (195)","1",""
"877c5a2f873c","2024-10-30","Hezbollah conducted an attack on Israel's Metula, resulting in the deaths of five individuals, including one Israeli farmer and four foreign workers. This incident prompted Israeli retaliatory strikes in southern Lebanon, which led to the deaths of six health workers, significantly escalating regional tensions.","A Hezbollah attack on Israel's Metula resulted in the death of five individuals, including an Israeli farmer and four foreign workers, according to Israel's Channel 12. Simultaneously, Beirut reported that Israeli retaliatory strikes in southern Lebanon resulted in the death of six health workers, escalating regional tensions significantly.","Hezbollah ASSAULT Israel","CONFLICT","ASSAULT","-0.9","Hezbollah","Hezbollah","Lebanon (95)","Israel","Israel","Israel (83)","Israeli farmers; foreign workers in Israel; Lebanese health workers","Israeli farmers; foreign workers in Israel; Health workers in south Lebanon","Israel (83); Lebanon (95)","Metula; southern Lebanon","","Israel (83); Lebanon (95)","3",""
"4adf74c05d5b","2024-10-30","Lebanon's caretaker Prime Minister Najib Mikati expressed cautious optimism regarding a potential cease-fire agreement following discussions with US envoy Amos Hochstein. The talks aim to establish a cease-fire deal with Israel in the near future.","Lebanese caretaker PM 'cautiously optimistic' in latest cease-fire push Lebanon's Prime Minister Najib Mikati said in an interview on Wednesday that he was 'cautiously optimistic' after talks with US envoy Amos Hochstein about an apparent new push for a cease-fire deal with Israel.","Najib Mikati CONSULT Israel","COOPERATION","CONSULT","0.2","Najib Mikati","Najib Mikati","Lebanon (95)","Israel","Israel","Israel (83)","US envoy Amos Hochstein","U.S. envoy Amos Hochstein","USA (185)","Lebanon","","Lebanon (95)","1",""
"8d3aeb0b336f","2024-10-30","Naim Qassem, the new leader of Hezbollah, stated that the group could agree to a ceasefire with Israel under specific conditions amid escalating Israeli bombardment of Hezbollah strongholds. This statement was made during an interview with Al-Jadeed, as discussions within Israel's security cabinet were ongoing regarding potential truce terms.","""If the Israelis decide that they want to stop the aggression, we say we accept, but under the conditions that we see as appropriate and suitable,"" he remarked during an interview with Al-Jadeed.","Naim Qassem AGREE Israel","COOPERATION","AGREE","0.5","Naim Qassem","Naim Qassem","Lebanon (95)","Israel","Israel","Israel (83)","Hezbollah; Al-Jazeera","Hezbollah; Al-Jazeera","Lebanon (95); Lebanon (95)","Immaterial","","Immaterial","2",""
"e4de33d85ded","2024-10-30","Naim Qassem, the new leader of Hezbollah, announced that the group could agree to a ceasefire with Israel under specific conditions. This statement followed Israel's escalation of attacks on Hezbollah positions, including an airstrike in Baalbek that resulted in the death of at least 19 people. Qassem emphasized the group's readiness to resist Israeli attacks but indicated openness to a ceasefire if Israel presents suitable terms.","""If the Israelis decide that they want to stop the aggression, we say we accept, but under the conditions that we see as appropriate and suitable,"" he stated during an interview with Al-Jadeed.","Naim Qassem REQUEST Israel","CONFLICT","REQUEST","-0.2","Naim Qassem","Naim Qassem","Lebanon (95)","Israel","Israel","Israel (83)","Hezbollah","Hezbollah","Lebanon (95)","Baalbek","","Lebanon (95)","2",""
"bc6ed3ce8354","2024-10-30","Hezbollah's new leader, Naim Kassem, delivered his first televised address, stating that the group would consider a cease-fire with Israel if 'suitable conditions' are presented. He emphasized the importance of supporting Gaza and maintaining a 'solidarity front' against Israel.","Hezbollah's new leader Naim Kassem gave his first televised address on Wednesday, vowing to keep up the fight against Israel but also saying that if certain terms were met, the militant organization could consider a ceasefire in the war against Israel.","Naim Kassem REQUEST Israel","CONFLICT","REQUEST","-0.2","Naim Kassem","Naim Kassem","Lebanon (95)","Israel","Israel","Israel (83)","Hezbollah; Gaza","Hezbollah; Gaza","Lebanon (95); Palestine (195)","Immaterial","","Immaterial","1",""
"0467a7053ce9","2024-10-30","Naim Qassem, the newly appointed leader of Hezbollah, delivered his first address in which he affirmed the continuation of the group's military strategy against Israel, following the death of a deputy commander of Hezbollah's elite unit. He warned the Israeli military to withdraw from Lebanese territory to avoid further losses.","""My work program is a continuation of the work program of our [former] leader, Sayyed Hassan Nasrallah,"" Qassem said, according to a translation from France24. ""Get out of our land to reduce your losses,"" Qassem warned the Israeli military, claiming that Hezbollah was willing to fight far into the future despite heavy casualties.","Naim Qassem THREATENED the Israeli military","CONFLICT","THREATEN","-0.6","Naim Qassem","Naim Qassem","Lebanon (95)","Israeli military","Israeli military","Israel (83)","Hezbollah","Hezbollah","Lebanon (95)","Lebanon","","Lebanon (95)","1",""
"2330ed92ae3c","2024-10-26","Hezbollah issued a statement condemning Israeli airstrikes on military bases and missile sites in Iran, which occurred on October 26, 2024. The group warned of a 'dangerous escalation' in the region and stated that the United States bears 'full responsibility' for the actions taken by Israel against Iran.","Hezbollah strongly condemns the treacherous Zionist aggression against the Islamic Republic of Iran and considers it a dangerous escalation at the level of the entire region.","Hezbollah ACCUSE Israel and the United States","CONFLICT","ACCUSE","-0.3","Hezbollah","Hezbollah","Lebanon (95)","Israel; United States","Israel; United States","Israel (83); USA (185)","Iran","Iran","Iran (80)","Iran","","Iran (80)","1",""
"487fb9c60689","2024-10-24","Caretaker Prime Minister Najib Mikati called for an immediate cease-fire and the deployment of 8,000 Lebanese troops to a buffer zone along the border with Israel during a conference in Paris. This call was made in the context of the ongoing conflict with Israel and aimed at addressing the humanitarian and infrastructural damage caused by the war.","Caretaker Prime Minister Najib Mikati on Thursday called for an immediate cease-fire, the full implementation of the U.N. resolution that ended the last Israel-Hezbollah war and the deployment of 8,000 Lebanese troops to a buffer zone along the border with Israel.","Najib Mikati REQUEST Israel","CONFLICT","REQUEST","-0.2","Najib Mikati","Najib Mikati","Lebanon (95)","Israel","Israel","Israel (83)","Lebanese troops","Lebanese army","Lebanon (95)","Paris","","France (62)","2",""
"88df38106422","2024-10-22","Hezbollah launched a series of rocket attacks on Israeli military bases near Tel Aviv and a naval base west of Haifa, escalating tensions in the region. This action coincided with U.S. Secretary of State Antony Blinken's arrival in the area to negotiate a ceasefire amid ongoing conflicts involving Israel, Gaza, and Lebanon.","Hezbollah launched a series of rocket attacks on Israeli military bases near Tel Aviv and a naval base west of Haifa, escalating tensions on the same day U.S. Secretary of State Antony Blinken arrived in the region aiming to negotiate a ceasefire.","Hezbollah ASSAULT Israeli military bases near Tel Aviv and a naval base west of Haifa","CONFLICT","ASSAULT","-0.9","Hezbollah","Hezbollah","Lebanon (95)","Israeli military bases near Tel Aviv; Naval base west of Haifa","Israeli military bases; Israeli naval base in Haifa","Israel (83); Israel (83)","United States; Antony Blinken","United States; Antony Blinken","USA (185); USA (185)","Tel Aviv; Haifa","","Israel (83); Israel (83)","3",""
"920114b761fa","2024-10-21","Hezbollah conducted a drone strike that resulted in the deaths of four Israeli soldiers, escalating security concerns amid ongoing tensions in the region. This incident highlights the increasing hostilities between Israel and Hezbollah.","Hezbollah Drone Strike Kills Four Israeli Soldiers, Raising Security Concerns","Hezbollah ASSAULT Israeli soldiers","CONFLICT","ASSAULT","-0.9","Hezbollah","Hezbollah","Lebanon (95)","Israeli soldiers","Israeli military","Israel (83)","","","","Immaterial","","Immaterial","1",""
"00415e3594d7","2024-10-20","Hezbollah, the Lebanon-based armed group, claimed responsibility for a non-fatal drone attack that targeted the residence of Israeli Prime Minister Benjamin Netanyahu in Caesarea over the weekend. The attack occurred when neither Netanyahu nor his wife were home, and the Israeli military confirmed that a drone was launched from Lebanon and struck a building.","Hezbollah, the Lebanon-based armed group that has lost top leaders in recent Israeli airstrikes, on Tuesday claimed responsibility for the non-fatal drone attack that targeted the residence of Israel's Prime Minister Benjamin Netanyahu in Caesarea this weekend.","Hezbollah ASSAULTED Benjamin Netanyahu and his wife","CONFLICT","ASSAULT","-0.9","Hezbollah","Hezbollah","Lebanon (95)","Benjamin Netanyahu; Benjamin Netanyahu's wife","Benjamin Netanyahu; Benjamin Netanyahu's wife","Israel (83); Israel (83)","","","","Caearea","","Israel (83)","6",""
"79ffedf13020","2024-10-19","A drone attack targeted Israeli Prime Minister Benjamin Netanyahu's private residence in Caesarea, Israel, launched from Lebanon. The attack occurred earlier in the morning, but neither Netanyahu nor his wife were present, and no injuries were reported. Additionally, two other drones from Lebanon were intercepted by Israel's air defense systems, triggering sirens in Tel Aviv and northern Israel, including the Haifa Bay area.","Earlier this morning, Israeli Prime Minister Benjamin Netanyahu 's private residence in Caesarea was the target of a drone attack launched from Lebanon , according to reports by The Times of Israel citing the Prime Minister's Office.","Unknown militants of a militant group ASSAULT Israeli Prime Minister Benjamin Netanyahu and his wife","CONFLICT","ASSAULT","-0.9","Unknown militants of a militant group","Unknown militants of a militant group","Lebanon (95)","Benjamin Netanyahu; Benjamin Netanyahu's wife","Benjamin Netanyahu; Benjamin Netanyahu's wife","Israel (83); Israel (83)","","","","Caearea; Lebanon; Tel Aviv; Haifa Bay","","Israel (83); Lebanon (95); Israel (83); Israel (83)","1",""
"e5e75312313a","2024-10-17","Hezbollah launched an attack on Tel Aviv, Israel, using Qader-2 missiles. This military action is part of ongoing hostilities in the region, with the strike being documented in a released video.","Hezbollah Attacks Tel Aviv With Qader-2 Missiles; Strike Video Released","Hezbollah ASSAULT Tel Aviv","CONFLICT","ASSAULT","-0.9","Hezbollah","Hezbollah","Lebanon (95)","Tel Aviv","Tel Aviv","Israel (83)","","","","Tel Aviv","","Israel (83)","1",""
"c63d08cd0077","2024-10-17","Hezbollah's Radwan Force ambushed Israeli troops in southern Lebanon, resulting in the deaths of seven Israeli soldiers and injuries to 45 others. This incident highlights the ongoing conflict between Israel and Hezbollah.","Hezbollah's Radwan Force traps Israeli troops in scary ambush; 7 soldiers 'killed,' 45 injured.","Hezbollah's Radwan Force ASSAULT Israeli troops","CONFLICT","ASSAULT","-0.9","Hezbollah's Radwan Force","Hezbollah's Radwan unit","Lebanon (95)","Israeli troops","Israeli military","Israel (83)","","","","southern Lebanon","","Lebanon (95)","1",""
"f4db6c689e38","2024-10-16","The Political Council of the Free Patriotic Movement, chaired by Deputy Gebran Bassil, held a meeting in Lebanon where it called for an immediate ceasefire amid ongoing Israeli aggression against Lebanon. The Council emphasized the need for full implementation of UN Resolution 1701 and condemned Israel's violations of Security Council resolutions.","Amid the ongoing Israeli aggression against Lebanon, the Council reaffirms the Free Patriotic Movement’s commitment to safeguarding Lebanon and preserving its national unity. The Council calls for an immediate ceasefire in line with UN Resolution 1701, emphasizing the need for its full implementation by both Lebanon and the Israeli enemy.","Political Council of the Free Patriotic Movement REQUEST Israel","CONFLICT","REQUEST","-0.2","Political Council of the Free Patriotic Movement","Political Council of the Free Patriotic Movement","Lebanon (95)","Israel","Israel","Israel (83)","United Nations Security Council; United Nations","United Nations Security Council; United Nations","United Nations; United Nations","Lebanon","","Lebanon (95)","1",""
"e989f92fd8bd","2024-10-16","Hezbollah announced a new phase of escalation in its conflict with Israel following the killing of Hamas leader Yahya Sinwar during an Israeli military operation in Gaza. The operation, which took place on October 16, 2024, was confirmed by Israeli Prime Minister Benjamin Netanyahu, who stated that the war would continue until all hostages held by Hamas are returned.","Lebanon’s Hezbollah militant group announced on Friday that it is entering a new phase of escalation in its war against Israel, following the killing of Hamas leader Yahya Sinwar.","Hezbollah MOBILIZE Israel","CONFLICT","MOBILIZE","-0.6","Hezbollah","Hezbollah","Lebanon (95)","Israel","Israel","Israel (83)","Hamas; Yahya Sinwar; Hostages held by Hamas","Hamas; Yahya Sinwar; Hostages in Gaza","Palestine (195); Palestine (195)","Gaza","","Palestine (195)","1",""
"97d1c23d0ce5","2024-10-15","Hezbollah launched an attack on the Haifa Naval Base in Israel, following a previous strike on an Israeli army camp. This escalation is part of ongoing tensions in the region, with millions of Israelis seeking shelter as rockets are fired across cities.","Deadly Attack On Haifa Again; Video Shows Israelis Running For Life As Hezbollah Rains Rockets Millions Of Israelis Run To Bomb Shelters As Hezbollah Rains Rockets Across Cities.","Hezbollah ASSAULT Israeli military","CONFLICT","ASSAULT","-0.9","Hezbollah","Hezbollah","Lebanon (95)","Israeli military","Israeli military","Israel (83)","","","","Haifa Naval Base; Israel","","Israel (83); Israel (83)","1",""
"8b947a9facae","2024-10-15","Hezbollah’s Deputy Secretary-General Naim Qassem made a statement in Dubai reinforcing the group's alliance with Iran and its stance on the conflict with Israel. He emphasized Hezbollah's belief in the legitimacy of their resistance and mentioned ongoing clashes along the border, asserting that Hezbollah's missiles can reach deep into Israeli territory.","Hezbollah’s Deputy Secretary-General Naim Qassem highlighted on Tuesday the group’s close alliance with Iran, stating that the group was 'proud of Iran and its role in the region.'","Hezbollah ACCUSE Israel","CONFLICT","ACCUSE","-0.3","Hezbollah","Hezbollah","Lebanon (95)","Israel","Israel","Israel (83)","Iran","Iran","Iran (80)","Dubai","","UAE (182)","1",""
"4552af45fd58","2024-10-15","Caretaker Prime Minister Najib Mikati announced that Lebanon is prepared to increase the army's presence in the south from 4,500 to between 7,000 and 11,000 soldiers following a ceasefire. This statement comes amid reports of brief Israeli cross-border incursions into south Lebanon.","Caretaker Prime Minister Najib Mikati said Tuesday that Lebanon was ready to bolster the army’s presence in the south after any ceasefire, adding that Israeli troops were making brief cross-border incursions.","Najib Mikati AGREE Israel","COOPERATION","AGREE","0.5","Najib Mikati","Najib Mikati","Lebanon (95)","Israel","Israel","Israel (83)","","","","South Lebanon","","Lebanon (95)","1",""
"bd6c3dd83ac8","2024-10-15","Hezbollah, led by acting leader Naim Kassem, announced an intention to increase its strikes on Israel following a deadly strike in northern Lebanon that resulted in at least 22 fatalities. This declaration is part of the group's ongoing military actions against Israel, which have been occurring since October 7, 2023.","Hezbollah on Tuesday vowed to increase its strikes on Israel. This came after a deadly strike in northern Lebanon claimed the lives of at least 22 people.","Hezbollah THREATEN Israel","CONFLICT","THREATEN","-0.6","Hezbollah","Hezbollah","Lebanon (95)","Israel","Israel","Israel (83)","","","","Israel; Lebanon","","Israel (83); Lebanon (95)","2",""
"0e2338318eaa","2024-10-14","Hezbollah launched a retaliatory attack on the Israeli naval base in Haifa, targeting the Stella Maris base with rockets. This operation aimed to support the Palestinian resistance in Gaza and defend Lebanon against Israeli aggression, while also honoring Hezbollah’s martyred leader Sayyed Hassan Nasrallah.","Hezbollah rockets targeted the Stella Maris base of the Zionist regime in the occupied port of Haifa on Monday, Press TV reported.","Hezbollah ASSAULT Israeli naval base in Haifa","CONFLICT","ASSAULT","-0.9","Hezbollah","Hezbollah","Lebanon (95)","Israeli naval base in Haifa","Israeli naval base in Haifa","Israel (83)","Palestinian resistance in Gaza; Lebanon; Sayyed Hassan Nasrallah","Palestinian resistance; Lebanon; Hassan Nasrallah","Palestine (195); Lebanon (95); Lebanon (95)","Haifa; Gaza","","Israel (83); Palestine (195)","1",""
"7f9a3caf3788","2024-10-13","Hezbollah conducted a drone strike on a training base of the Golani Brigade in Binyamina, southern Haifa, Israel, resulting in the deaths of four individuals and injuries to over 60 others. This attack is notable as it successfully bypassed Israel's air defense system, leading to significant casualties amidst ongoing military actions between Israel and Hezbollah.","A drone strike by Hezbollah on northern Israel killed four and wounded over 60 people on Sunday as the Israeli military expanded its bombardment of Lebanon and troops battled militants across the border.","Hezbollah ASSAULT Golani Brigade training base and Israeli military personnel","CONFLICT","ASSAULT","-0.9","Hezbollah","Hezbollah","Lebanon (95)","Golani Brigade training base; Israeli military personnel","Golani Brigade training base; Israeli security personnel","Israel (83); Israel (83)","","","","Binyamina","","Israel (83)","3",""
"78095b944cc6","2024-10-11","Lebanon's foreign ministry criticized Israel for allegedly targeting the UN Interim Force in Lebanon's (UNIFIL) main base in Ras Naqura, amid international condemnation of Israeli airstrikes on UN positions in Lebanon. The situation has raised concerns regarding the safety of UN personnel deployed in the area.","Lebanon's foreign ministry on Friday criticized what it described as the Israeli 'targeting' of UNIFIL's main base in Ras Naqura.","Lebanon's foreign ministry ACCUSE Israel","CONFLICT","ACCUSE","-0.3","Lebanon's foreign ministry","Lebanese Foreign Minister","Lebanon (95)","Israel","Israel","Israel (83)","United Nations Interim Force in Lebanon (UNIFIL); UN personnel","United Nations Interim Force in Lebanon (UNIFIL); UN personnel","United Nations; United Nations","Ras Naqoura","","Lebanon (95)","2",""
"e761b9076686","2024-10-11","Hezbollah launched an air attack using explosive-laden drones on the Israeli Air Defense Command base located in Kiryat Elazar, Haifa, targeting the base as part of its military operations against Israeli forces. This attack was part of a broader series of operations that included rocket barrages aimed at gatherings of Israeli soldiers in various locations around Haifa.","“We launched an air attack with a squadron of explosive-laden drones on Friday on the Air Defense Command base in Kiryat Elazar in Haifa.”","Hezbollah ASSAULTED the Israeli Air Defense Command base and soldiers.","CONFLICT","ASSAULT","-0.9","Hezbollah","Hezbollah","Lebanon (95)","Israeli Air Defense Command base; Israeli soldiers","Air defense position in southern Israel; Israeli military","Israel (83); Israel (83)","","","","Kiryat El Herzliya, Haifa; Haifa","","Israel (83); Israel (83)","9",""
"cd777460b291","2024-10-08","Hezbollah launched approximately 180 rockets into Israel, targeting areas as far south as Haifa. In response, the Israeli military deployed additional ground troops into southern Lebanon and conducted an airstrike that resulted in the death of a senior Hezbollah commander. This escalation has led to tens of thousands of Israelis evacuating their homes near the Lebanese border.","Hezbollah fired another barrage of rockets into Israel on Tuesday, and the militant group’s acting leader vowed to keep up pressure that has forced tens of thousands of Israelis from their homes near the Lebanese border.","Hezbollah ASSAULT Israel","CONFLICT","ASSAULT","-0.9","Hezbollah","Hezbollah","Lebanon (95)","Israel","Israel","Israel (83)","","","","Israel; Lebanon; Haifa; southern Lebanon; Lebanese border","","Israel (83); Lebanon (95); Israel (83); Lebanon (95); Lebanon (95)","3",""
"192ea07b29e1","2024-10-08","Hezbollah's deputy leader Naim Qassem publicly expressed support for a ceasefire mediated by Speaker of Parliament Nabih Berri, following recent Israeli military operations that resulted in the deaths of key Hezbollah leaders. This statement marks a potential shift in Hezbollah's approach amidst escalating tensions and regional anxieties.","In a surprising move, Hezbollah's deputy leader Naim Qassem publicly supported efforts for a ceasefire mediated by Speaker of Parliament Nabih Berri.","Naim Qassem AGREE Israel","COOPERATION","AGREE","0.5","Naim Qassem","Naim Qassem","Lebanon (95)","Israel","Israel","Israel (83)","Nabih Berri","Nabih Berri","Lebanon (95)","Immaterial","","Immaterial","3",""
"cf51c9781da1","2024-10-07","Hezbollah launched a series of rockets targeting Haifa, Israel's third-largest city, resulting in injuries and property damage. The attack specifically aimed at a military base south of Haifa, with reports indicating that two rockets struck Haifa and five others hit Tiberias, approximately 65 km away.","Hezbollah rockets hit Haifa, Israel's third-largest city, Israeli police said early on Monday, and Israeli media reported 10 people were injured in the country's north.","Hezbollah ASSAULT Haifa and Tiberias","CONFLICT","ASSAULT","-0.9","Hezbollah","Hezbollah","Lebanon (95)","Haifa; Tiberias","Haifa; Tiberias","Israel (83); Israel (83)","","","","Haifa; Tiberias; Military base south of Haifa","","Israel (83); Israel (83); Israel (83)","1",""
"d04f9d2e4637","2024-10-06","Hezbollah launched a barrage of 'Fadi 1' missiles at the Carmel military base located south of Haifa, Israel, in retaliation for attacks on civilians. The action resulted in reported casualties.","In retaliation for the attacks on civilians and the massacres committed by the Zionist enemy, the Islamic Resistance launched a barrage of 'Fadi 1' missiles at the Carmel base south of Haifa on Sunday evening.","Hezbollah ASSAULT Israeli military personnel at the Caramel military base","CONFLICT","ASSAULT","-0.9","Hezbollah","Hezbollah","Lebanon (95)","Israeli military personnel at the Caramel military base","Israeli military personnel at the Caramel military base","Israel (83)","","","","Caramel military base, south of Haifa","","Israel (83)","1",""
"1f9797035b00","2024-10-02","Israeli troops engaged in combat with Hezbollah militants in southern Lebanon, resulting in the deaths of eight Israeli Defence Forces (IDF) soldiers. This incident marks Israel's first combat losses since initiating cross-border raids earlier in the week, amidst ongoing fighting between the two sides.","Israeli troops and Hezbollah militants clashed in Lebanon on Wednesday with the Israeli Defence Forces (IDF) announcing the deaths of eight of its soldiers.","Hezbollah militants ASSAULT Israeli troops","CONFLICT","ASSAULT","-0.9","Hezbollah militants","Hezbollah","Lebanon (95)","Israeli troops","Israeli military","Israel (83)","","","","southern Lebanon","","Lebanon (95)","1",""
"35777fbbf153","2024-10-02","Hezbollah launched an artillery strike on a large concentration of Israel Defense Forces (IDF) troops near the kibbutz of Misgav Am, which has been declared a closed military zone in northern Israel. This action is part of the ongoing tensions and military responses in the region.","Lebanese Shia movement Hezbollah said on Wednesday that it had launched an artillery strike on a large concentration of Israel Defense Forces (IDF) troops near the kibbutz of Misgav Am, a recently declared closed military zone in northern Israel.","Hezbollah ASSAULT Israel Defense Forces (IDF) troops","CONFLICT","ASSAULT","-0.9","Hezbollah","Hezbollah","Lebanon (95)","Israel Defense Forces (IDF) troops","Israel Defense Forces (IDF)","Israel (83)","","","","Misgav Am","","Israel (83)","1",""
"cd8bec4c12da","2024-10-01","Hezbollah launched a missile attack involving 100 missiles targeting various areas in Israel, including Haifa and other regions. This action is part of escalating tensions following the death of Hezbollah leader Nasrallah.","Huge New Missile Attack On Haifa, Other Israeli Areas; 100 Missiles Launched By Hezbollah Fighters","Hezbollah ASSAULT Israel","CONFLICT","ASSAULT","-0.9","Hezbollah","Hezbollah","Lebanon (95)","Israel","Israel","Israel (83)","Nasrallah","Nasrallah","Lebanon (95)","Israel; Haifa","","Israel (83); Israel (83)","2",""
"6029fca96732","2024-09-30","The Lebanese government, led by caretaker Prime Minister Najib Mikati, announced its readiness to fully implement UN Security Council Resolution 1701, which aims to end Hezbollah's armed presence south of the Litani River. This decision includes deploying the Lebanese army to the area, approximately 30 km from Lebanon's southern border, as part of efforts to establish a ceasefire with Israel.","Mikati said Lebanon was ready to fully implement UN Security Council Resolution 1701 and deploy the army south of the river, which lies about 30 km (around 20 miles) from Lebanon's southern border.","Lebanese government AGREE Hezbollah and Israel to a ceasefire and deploy Lebanese army in southern Lebanon","COOPERATION","AGREE","0.5","Lebanese government","Lebanese government","Lebanon (95)","Hezbollah; Israel","Hezbollah; Israel","Lebanon (95); Israel (83)","United Nations Security Council; Najib Mikati","United Nations Security Council; Najib Mikati","Lebanon (95)","Litani River; Southern Lebanon","","Lebanon (95); Lebanon (95)","2",""
"656060aaf801","2024-09-30","Hezbollah's deputy chief Naim Qassem announced the group's commitment to continue fighting against Israel and readiness to confront any potential Israeli ground operation into Lebanon. This statement follows the death of their leader Hassan Nasrallah in an air strike, which significantly impacted the group.","Hezbollah vowed on Monday to keep fighting Israel and said it was ready to face any ground operation into Lebanon, after its leader was killed in an air strike that dealt the group a seismic blow.","Hezbollah AGREE Israel","COOPERATION","AGREE","0.5","Hezbollah","Hezbollah","Lebanon (95)","Israel","Israel","Israel (83)","Naim Qassem; Hezbollah","Naim Qassem; Hezbollah","Lebanon (95); Lebanon (95)","Lebanon","","Lebanon (95)","1",""
"2fae6f6aa5bf","2024-09-30","Hezbollah's deputy leader, Naim Qassem, addressed troops in an undisclosed location, stating that the group is prepared to confront any Israeli ground invasion of Lebanon. This statement comes in the context of ongoing Israeli airstrikes that have resulted in significant casualties and displacement in Lebanon.","Hezbollah fighters are primed to confront any Israeli ground invasion of Lebanon, the group's deputy leader Naim Qassem said on Monday in his first public speech since Israeli airstrikes killed its veteran chief Hassan Nasrallah last week.","Naim Qassem THREATEN Israeli troops","CONFLICT","THREATEN","-0.6","Naim Qassem","Naim Qassem","Lebanon (95)","Israeli troops","Israeli military","Israel (83)","","","","Unspecified location","","Lebanon (95)","1",""
"4db57c2f52a7","2024-09-30","Lebanon’s Prime Minister Najib Mikati called for a ceasefire in the ongoing conflict between Israel and Hezbollah during a meeting with French Foreign Minister Jean-Noel Barrot in Beirut. The meeting aimed to address the Israeli aggression against Lebanon and to revive international appeals for a ceasefire, emphasizing the importance of applying United Nations Security Council resolution 1701.","Lebanon’s Prime Minister Najib Mikati on Monday called for a ceasefire in the fighting between Israel and Hezbollah during a meeting with French Foreign Minister Jean-Noel Barrot in Beirut.","Najib Mikati REQUEST Israel and Hezbollah","CONFLICT","REQUEST","-0.2","Najib Mikati","Najib Mikati","Lebanon (95)","Israel; Hezbollah","Israel; Hezbollah","Israel (83); Lebanon (95)","France; United Nations Security Council","France; United Nations Security Council","France (62)","Beirut","","Lebanon (95)","4",""
"b85f23d1606c","2024-09-29","The uMkhonto weSizwe Party (MKP) condemned the planned Israeli ground invasion of Lebanon, characterizing it as a violation of Lebanon's sovereignty and a dangerous escalation that could lead to widespread conflict. The MKP called on the international community to recognize the serious consequences of this invasion and to work towards de-escalation and peace.","MKP condemns planned Israeli ground invasion of Lebanon 29 September 2024 The uMkhonto weSizwe Party strongly condemns any form of Israeli ground invasion of Lebanon.","uMkhoun We Sra'a Party (MKP) ACCUSE Israeli government and international community","CONFLICT","ACCUSE","-0.3","uMkhoun We Sra'a Party (MKP)","uMkhoun We Sra'a Party (MKP)","Lebanon (95)","Israeli government; International community","Israeli government; International community","Israel (83)","Lebanon","Lebanon","Lebanon (95)","Lebanon","","Lebanon (95)","1",""
"fe9e290a004c","2024-09-28","Hezbollah launched a salvo of Fadi-3 missiles targeting the Israeli Ramat-David air base, located southeast of Haifa, as part of its response to the Israeli military offensive in Lebanon and Gaza. The Israeli army confirmed the detection of around five rockets launched from southern Lebanon aimed at the Haifa Bay area and the central Galilee, with some intercepted by air defense systems.","Hezbollah announced on Saturday that it launched a salvo of Fadi-3 missiles targeting the Israeli Ramat-David air base, located southeast of Haifa.","Hezbollah ASSAULTED the Israeli military with a salvo of Fadi-3 missiles.","CONFLICT","ASSAULT","-0.9","Hezbollah","Hezbollah","Lebanon (95)","Israeli military","Israeli military","Israel (83)","","","","Fadi-3 missile site; Israeli Ramat-David air base; Haifa Bay area; central Galilee; southern Lebanon","","Lebanon (95); Israel (83); Israel (83); Israel (83); Lebanon (95)","2",""
"16a080488fad","2024-09-28","Lebanon's Information Minister Ziad Makary announced during a cabinet session that diplomatic efforts for a ceasefire with Israel are ongoing following the confirmed death of Hezbollah leader Hassan Nasrallah. The Lebanese government is actively seeking a ceasefire amidst heightened tensions along the border with Israel.","Diplomatic efforts to achieve a ceasefire are ongoing. The Prime Minister is not falling short, but the matter is not that easy.","Lebanese government REQUEST Israel","CONFLICT","REQUEST","-0.3","Lebanese government","Lebanese government","Lebanon (95)","Israel","Israel","Israel (83)","Ziad Makar; Hezbollah; Hassan Nasrallah","Ziad Makar; Hezbollah; Hassan Nasrallah","Lebanon (95); Lebanon (95); Lebanon (95)","Lebanon; Israel","","Lebanon (95); Israel (83)","1",""
"d51320be7fec","2024-09-27","Hezbollah confirmed the death of its leader, Hassan Nasrallah, due to an Israeli strike in Beirut, Lebanon. This incident has raised concerns about the potential for the conflict to escalate into a regional war, prompting Australian Foreign Minister Penny Wong to urge Australians to evacuate Lebanon and call for a ceasefire.","Hassan Nasrallah was killed in the Lebanese capital of Beirut on Friday, sharpening fears the conflict could widen into a regional war.","Hezbollah ACCUSE Israel","CONFLICT","ACCUSE","-0.3","Hezbollah","Hezbollah","Lebanon (95)","Israel","Israel","Israel (83)","Hassan Nasrallah; Australian Foreign Minister Penny Wong","Hassan Nasrallah; Australian Foreign Minister Penny Wong","Lebanon (95); Australia (9)","Beirut; Lebanon","","Lebanon (95); Lebanon (95)","2",""
"c26d5fa2e5a1","2024-09-27","Hezbollah issued a threat to Israel following the assassination of its leader, Hassan Nasrallah, in an Israeli airstrike in Beirut. The group vowed to continue its 'holy war' against Israel in response to the airstrike campaign aimed at destroying Hezbollah amidst ongoing conflict.","The Lebanese militant group threatened to continue its 'holy war' following their leaders death in Beirut yesterday after Israel's huge airstrike campaign.","Hezbollah THREATEN Israel","CONFLICT","THREATEN","-0.6","Hezbollah","Hezbollah","Lebanon (95)","Israel","Israel","Israel (83)","Hassan Nasrallah","Hassan Nasrallah","Lebanon (95)","Beirut","","Lebanon (95)","1",""
"dd7bd6f651c3","2024-09-26","Hezbollah launched rocket attacks targeting the Rafael Electronics Company and the Kiryat Motzkin settlement in northern Israel. This action was taken in support of the Palestinian people in Gaza and in defense of Lebanon and its people amid escalating cross-border warfare with Israel.","BEIRUT Lebanese group Hezbollah hit a settlement and several military sites in northern Israel on Thursday amid an escalation in cross-border warfare with Israel.","Hezbollah ASSAULT Rafael Electronics Company and Kiryat Motaz","CONFLICT","ASSAULT","-0.9","Hezbollah","Hezbollah","Lebanon (95)","Rafael Electronics Company; Kiryat Motaz","Rafael Electronics Company; Kiryat Motaz","Israel (83); Israel (83)","Palestinian people; Lebanon","Palestinians; Lebanon","Palestine (195); Lebanon (95)","Northern Israel; Gaza","","Israel (83); Palestine (195)","1",""
"e1fa311c56f4","2024-09-26","The Israeli military reported that nearly 80 rockets were fired from Lebanon by Hezbollah towards northern Israel, specifically targeting settlements in the Upper Galilee. This action followed an Israeli airstrike in Beirut that killed Muhammad Hussein Sarour, the head of Hezbollah's aerial force unit.","Israel said Thursday that it detected nearly 80 rockets fired from Lebanon towards its northern regions, causing fires and damage, according to local media.","Hezbollah ASSAULT Northern Israel","CONFLICT","ASSAULT","-0.9","Hezbollah","Hezbollah","Lebanon (95)","Northern Israel","Southern Israel","Israel (83)","","","","Lebanon; Upper Galilee; Northern Israel; Beirut","","Lebanon (95); Lebanon (95); Israel (83); Lebanon (95)","1",""
"4ffe0de263ed","2024-09-26","Hezbollah launched rocket barrages targeting several Israeli military bases, including the Ami'ad base, the Birya base, and areas around Safed, in response to Israeli airstrikes on Lebanon. This action was part of Hezbollah's defense of Lebanon and its people against what they termed 'barbaric Israeli attacks'.","""Defending Lebanon and its people, and in response to the barbaric Israeli attacks on cities, villages, and civilians in Lebanon, Hezbollah fighters targeted Safed with 80 rockets,"" Hezbollah said in a statement.","Hezbollah ASSAULT Israeli military bases","CONFLICT","ASSAULT","-0.9","Hezbollah","Hezbollah","Lebanon (95)","Israeli military bases","Israeli military bases","Israel (83)","Lebanon","Lebanon","Lebanon (95)","Amiqiy military base; Birya military base; Safed","","Israel (83); Israel (83); Israel (83)","2",""
"4f4e6535f91d","2024-09-26","Hezbollah launched missiles targeting an Israeli military factory, intelligence headquarters, and a Jewish settlement in Israel. This action is part of ongoing hostilities amid the broader conflict involving Hamas and Israel.","Hezbollah Falaq Missiles 'Bomb' Israeli Military Factory, Intel HQ, Jewish Settlement","Hezbollah ASSAULT Israeli military facility, intelligence headquarters, and a Jewish settlement in Israel","CONFLICT","ASSAULT","-0.9","Hezbollah","Hezbollah","Lebanon (95)","Israeli military facility; Israeli intelligence headquarters; Jewish settlement in Israel","Israeli military sites; Israeli intelligence agencies; Israeli settlements","Israel (83); Israel (83); Israel (83)","Hamas","Hamas","Palestine (195)","Israel","","Israel (83)","1",""
"c107f18ef097","2024-09-25","Hezbollah launched a ballistic missile at Tel Aviv, Israel, early on September 25, 2024, in response to Israeli airstrikes on Lebanon that resulted in significant casualties. The Israeli military intercepted the missile, which triggered air raid sirens in Tel Aviv and central Israel, and subsequently struck the launch site in southern Lebanon.","Hezbollah launched a ballistic missile at Tel Aviv early on Wednesday, in a further escalation after Israel carried out strikes on Lebanon that killed hundreds of people.","Hezbollah ASSAULT Israel","CONFLICT","ASSAULT","-0.9","Hezbollah","Hezbollah","Lebanon (95)","Israel","Israel","Israel (83)","","","","Tel Aviv; central Israel; southern Lebanon","","Israel (83); Israel (83); Lebanon (95)","3",""
"f6e5ecfa3b97","2024-09-25","Lebanese Prime Minister Najib Mikati participated in a United Nations Security Council (UNSC) emergency meeting in New York, where he welcomed a temporary ceasefire proposal for Lebanon and urged the international community to compel Israel to restore regional security. He emphasized the need for Israel's commitment to enforcing international resolutions to implement the proposal.","""My presence aims to come out of this session with a serious solution based on the combined efforts of all members of the Security Council to pressure Israel to immediately cease fire on all fronts and restore security and stability to our region,"" Mikati said.","Najib Mikati REQUESTED the United Nations Security Council, the international community, and Israel to enforce a temporary ceasefire and restore regional security in Lebanon.","CONFLICT","REQUEST","-0.3","Najib Mikati","Najib Mikati","Lebanon (95)","United Nations Security Council; International community; Israel","United Nations Security Council; International community; Israel","Israel (83)","","","","New York","","USA (185)","3",""
"7621d739d50f","2024-09-25","Lebanese Prime Minister Najib Mikati welcomed a joint call for a temporary cease-fire between Israel and Hezbollah during a Security Council session in Istanbul. The call, made by the US, EU, and nine other nations, urged both parties to agree to a 21-day cease-fire amid escalating cross-border attacks.","Late on Wednesday, the US, EU, and nine other nations urged the two sides to agree to a 21-day cease-fire.","Najib Mikati ACCUSE Israel and Hezbollah","CONFLICT","ACCUSE","-0.2","Najib Mikati","Najib Mikati","Lebanon (95)","Israel; Hezbollah","Israel; Hezbollah","Israel (83); Lebanon (95)","United States; European Union; United Nations Security Council","United States; European Union; United Nations Security Council","USA (185)","Istanbul","","Türkiye (177)","1",""
"1b117a88bc9a","2024-09-24","Hezbollah launched a barrage of rockets against Israeli air bases, including the Megiddo airfield near northern Afula, in response to Israeli air strikes that had occurred the previous day. This exchange of fire is part of an escalating conflict following Israel's military actions that resulted in significant casualties in Lebanon.","Hezbollah said on Tuesday that it launched a barrage of rockets against Israeli air bases, including the Megiddo airfield near northern Afula, and on an explosives factory about 60km (37 miles) into Israel.","Hezbollah ASSAULT Israeli military","CONFLICT","ASSAULT","-0.9","Hezbollah","Hezbollah","Lebanon (95)","Israeli military","Israeli military","Israel (83)","","","","Megiddo airfield near northern Afula; Lebanon","","Israel (83); Lebanon (95)","2",""
"9d5fd9579c6e","2024-09-23","Hezbollah's deputy leader Naim Qassem delivered a public speech in Beirut, Lebanon, asserting that the group is prepared to confront any potential Israeli ground invasion. This statement follows a series of Israeli airstrikes that have targeted Hezbollah and resulted in significant casualties among Lebanese civilians.","""We will face any possibility and we are ready if the Israelis decide to enter by land and the resistance forces are ready for a ground engagement,"" he said in an address from an undisclosed location.","Naim Qassem THREATEN Israel","CONFLICT","THREATEN","-0.6","Naim Qassem","Naim Qassem","Lebanon (95)","Israel","Israel","Israel (83)","Hezbollah; Lebanese civilians","Hezbollah; Lebanese civilians","Lebanon (95); Lebanon (95)","Beirut","","Lebanon (95)","2",""
"9e053f310d5f","2024-09-22","On September 22, 2024, Hezbollah launched an attack targeting Israeli military-industrial complexes, specifically the Rafael Electronics Company north of Haifa, Israel, using dozens of missiles. This action was described as an initial response to previous incidents involving walkie-talkies and pager explosions in Lebanon, which had resulted in significant casualties.","Hezbollah on Sunday announced it had targeted Israeli military-industrial complexes north of Haifa, with Israel reporting three people injured in the attack.","Hezbollah ASSAULT Israeli military-industrial complexes","CONFLICT","ASSAULT","-0.9","Hezbollah","Hezbollah","Lebanon (95)","Israeli military-industrial complexes","Israeli military-industrial complexes","Israel (83)","","","","Rafael Industrial Complex; Haifa","","Israel (83); Israel (83)","2",""
"d4e8eac514b4","2024-09-22","Hezbollah launched more than 100 rockets into northern Israel in response to an Israeli airstrike in Beirut that killed 45 people. This escalation follows a series of attacks last week targeting communications devices used by Hezbollah members, leading to significant casualties. Israeli Prime Minister Benjamin Netanyahu vowed to take necessary actions against Hezbollah to restore security in northern Israel.","Netanyahu suggested that Israel would take “whatever action was necessary” to restore security in the north and allow people to return to their homes.","Hezbollah ASSAULT Israel","CONFLICT","ASSAULT","-0.9","Hezbollah","Hezbollah","Lebanon (95)","Israel","Israel","Israel (83)","","","","northern Israel; Beirut","","Israel (83); Lebanon (95)","6",""
"946df9ddea6b","2024-09-22","Hezbollah launched 115 rockets into northern Israel as an initial response to Israeli attacks in Lebanon. The strikes targeted military facilities and the Ramat David military base, resulting in at least four injuries in northern Israel. In retaliation, the Israel Defense Forces (IDF) continued their campaign of cross-border strikes against Hezbollah targets in Lebanon.","Hezbollah said the barrage was 'an initial response' to Israel's pager and walkie-talkie attacks in Lebanon last week.","Hezbollah ASSAULT Israel Defense Forces (IDF)","CONFLICT","ASSAULT","-0.9","Hezbollah","Hezbollah","Lebanon (95)","Israel Defense Forces (IDF)","Israel Defense Forces (IDF)","Israel (83)","","","","Northern Israel; Lebanon","","Israel (83); Lebanon (95)","2",""
"21bc35fad99a","2024-09-21","Rockets were fired from Lebanon toward the northern Israeli cities of Haifa and Nazareth, triggering alarms. The Israeli army reported that 15 rockets were launched, with one missile hitting Nazareth and causing a fire. In response, Israel's air defense systems intercepted missiles, leading to explosions in the air.","JERUSALEM Rockets were fired from Lebanon toward the northern Israeli cities of Haifa and Nazareth, triggering alarms late Saturday.","Lebanese militants ASSAULT Israeli civilians in Haifa and Nazareth","CONFLICT","ASSAULT","-0.9","Lebanese militants","Lebanese militants","Lebanon (95)","Israeli civilians in Haifa and Nazareth","Israeli civilians","Israel (83)","","","","Haifa; Nazareth","","Israel (83); Israel (83)","1",""
"a4f3f666ebb1","2024-09-20","Hezbollah claimed responsibility for a rocket attack on an Israeli military base located near Galilee. This incident is part of ongoing tensions between the two groups.","Hezbollah Claims Rocket Attack On Israeli Military Base Near Galilee: Report","Hezbollah ASSAULT Israeli military base near Galilee","CONFLICT","ASSAULT","-0.9","Hezbollah","Hezbollah","Lebanon (95)","Israeli military base near Galilee","Israeli military bases","Israel (83)","","","","Galilee","","Israel (83)","1",""
"03eadfb8c230","2024-09-20","Hezbollah launched twin attacks on Israeli positions in Safed using missiles and drones, following a series of reported strikes against Israeli sites and troops within a 12-hour period.","Hezbollah Hits Northern Israel with Drones and Rockets, IDF Reports","Hezbollah ASSAULT Israeli military positions in Safed","CONFLICT","ASSAULT","-0.9","Hezbollah","Hezbollah","Lebanon (95)","Israeli military positions in Safed","Israeli military positions","Israel (83)","","","","Sufed","","Israel (83)","1",""
"9874d4f75ce6","2024-09-19","Two Israeli military personnel, including officer Nael Fwarsy and soldier Tomer Keren, were killed in separate attacks on the northern border with southern Lebanon. Fwarsy was killed by a drone in western Galilee, while Keren was killed by an anti-tank missile strike in Mount Rameh. Another soldier was reported injured in the missile strike.","Two Israeli military personnel, including an officer, were killed and another was injured in attacks on the northern border with southern Lebanon on Thursday, the army said.","Unknown militants of Hezbollah ASSAULT Israeli military personnel including Nael Faresy, Tomer Keren, and another Israeli soldier.","CONFLICT","ASSAULT","-0.9","Unknown militants of Hezbollah","Hezbollah","Lebanon (95)","Nael Faresy; Tomer Keren; Another Israeli soldier","Nael Faresy; Tomer Keren; Israeli soldier","Israel (83); Israel (83); Israel (83)","","","","Western Galili; Mount Rumeh; Northern border with southern Lebanon","","Israel (83); Israel (83); Israel (83)","1",""
"3283ebaa1378","2024-09-17","Lebanon filed a complaint with the UN Security Council against Israel regarding a drone strike that occurred on September 7, 2024, which killed four firefighters in the town of Froun, southern Lebanon. The complaint, submitted by Lebanon's mission to the UN, condemns Israel's attacks on relief workers and calls for accountability and adherence to international laws.","Lebanon filed a new complaint with the UN Security Council against Israel on Tuesday over a deadly airstrike that killed four firefighters.","Lebanon ACCUSE Israel","CONFLICT","ACCUSE","-0.3","Lebanon","Lebanon","Lebanon (95)","Israel","Israel","Israel (83)","UN Security Council; UN","United Nations Security Council; UN","United Nations; United Nations","Froun; Southern Lebanon","","Lebanon (95); Lebanon (95)","1",""
"af58d685391e","2024-09-17","Hezbollah, a Lebanese armed group, issued a warning of retaliation against Israel following a coordinated attack on September 17, 2024, which resulted in 12 fatalities and over 2,800 injuries in Lebanon and parts of Syria. The group stated that Israel would face 'a difficult reckoning' for the attack, which has heightened fears of escalating conflict in the region.","In a statement on Wednesday, the Lebanese armed group warned that Israel awaits 'a difficult reckoning' for the coordinated attack on Tuesday, which killed 12 people and injured more than 2,800 in Lebanon and in parts of Syria.","Hezbollah THREATEN Israel","CONFLICT","THREATEN","-0.6","Hezbollah","Hezbollah","Lebanon (95)","Israel","Israel","Israel (83)","","","","Lebanon; Syria","","Lebanon (95); Syria (169)","1",""
"ef1aea8fe275","2024-09-15","Hezbollah launched three military operations targeting Israeli sites in Malkia, Metula, and the Raviv military barracks along the Lebanese border. The operations included the use of dozens of Katyusha rockets against the armored battalion headquarters of the 188th Brigade in the Raviv barracks, a drone strike that destroyed an Israeli technical system at Malkia, and another drone attack targeting Israeli soldiers at Metula. These actions were described as retaliation for Israeli assaults on southern Lebanese villages.","Hezbollah announced on Sunday that it had launched three military operations targeting Israeli sites and gatherings in Malkia, Metula, and the Raviv military barracks along the Lebanese border.","Hezbollah ASSAULT Israeli military sites and soldiers","CONFLICT","ASSAULT","-0.9","Hezbollah","Hezbollah","Lebanon (95)","Israeli military sites in Malkha; Israeli military sites in Metula; Israeli soldiers at the Ramiya military base in Ramiya","Israeli military sites in Malkha; Israeli military sites in Metula; Israeli soldiers at the Ramiya military base in Ramiya","Israel (83); Israel (83); Israel (83)","","","","Malkha; Metula; Rafah","","Lebanon (95); Lebanon (95); Lebanon (95)","1",""
"a3e61e0c1287","2024-09-14","Hezbollah's deputy leader, Naim Qassem, issued a warning in Beirut, Lebanon, regarding the potential consequences of a full-scale war with Israel, stating it would lead to significant losses and displacement. This statement coincided with reports that Israeli Prime Minister Benjamin Netanyahu was considering a major military operation along the Israel-Lebanon border amid ongoing tit-for-tat attacks.","Naim Qassem’s comments on Saturday came as Israel’s Channel 13 reported that Israeli Prime Minister Benjamin Netanyahu was 'on the verge' of launching a 'broad and strong operation' on the country’s northern border with Lebanon.","Naim Qassem ACCUSE Israel","CONFLICT","ACCUSE","-0.2","Naim Qassem","Naim Qassem","Lebanon (95)","Israel","Israel","Israel (83)","Hezbollah; Benjamin Netanyahu","Hezbollah; Benjamin Netanyahu","Lebanon (95); Israel (83)","Beirut; Israel-Lebanon border","","Lebanon (95)","1",""
"af5a8df60211","2024-09-13","Hezbollah targeted an Israeli air defense base located in the Birya barracks in northern Israel by launching multiple Katyusha rockets. The attack resulted in direct hits to the base, causing parts of it to catch fire.","Hezbollah on Friday said it targeted an Israeli air defense base in the Birya barracks, northern Israel.","Hezbollah ASSAULT Israeli air defense base","CONFLICT","ASSAULT","-0.9","Hezbollah","Hezbollah","Lebanon (95)","Israeli air defense base","Air defense position in southern Israel","Israel (83)","","","","Birya barracks, northern Israel","","Israel (83)","1",""
"59f7132ed82a","2024-09-11","An Israeli soldier was seriously injured in northern Israel after an anti-tank missile fired from Lebanon struck a building in the illegal Dan settlement. This incident occurred amidst a barrage of 60 rockets launched from Lebanon into various areas of Israel, including the Upper and Western Galilee.","The army confirmed in its statement that 'a reservist soldier who is a community security team member was severely injured as a result of anti-tank missile fired in the area of Dan.'","Lebanese militants ASSAULT Israeli soldiers","CONFLICT","ASSAULT","-0.9","Lebanese militants","Lebanese militants","Lebanon (95)","Israeli soldiers","Israeli military","Israel (83)","","","","Northern Israel; Dan settlement; Upper Galilee; Western Galilee","","Israel (83); Lebanon (95); Israel (83); Israel (83)","1",""
"49833db72d1a","2024-09-10","The Lebanese government, represented by Prime Minister Najib Mikati, announced its readiness to engage in indirect negotiations with Israel to establish a ceasefire and end the conflict between Hezbollah and the Israeli army in South Lebanon. This announcement was made during a meeting with ambassadors and representatives from United Nations Security Council member states.","The Lebanese government has said it was ready to engage in indirect negotiations with Israel to establish a ceasefire and bring an end to the conflict between Hezbollah and the Israeli army in South Lebanon.","Lebanese government and Najib Mikati AGREE Israel","COOPERATION","AGREE","0.5","Lebanese government; Najib Mikati","Lebanese government; Najib Mikati","Lebanon (95); Lebanon (95)","Israel","Israel","Israel (83)","Hezbollah; United Nations Security Council member states","Hezbollah; United Nations Security Council members","Lebanon (95)","Lebanon; South Lebanon","","Lebanon (95); Lebanon (95)","1",""
"93f1727da5fe","2024-09-08","Lebanese Foreign Minister Abdallah Bou Habib discussed the rising tensions along Lebanon's southern border with Israel during an interview with Al Jazeera. The discussion focused on the fears of a potential regional war exacerbated by the ongoing conflict in Gaza, which has been ongoing for 11 months and has complicated Lebanon's security situation.","Lebanon is grappling with rising tensions along its southern border with Israel, sparking fears of a broader regional war. The ongoing war on Gaza, now in its 11th month, has further complicated Lebanon’s already fragile security, drawing in domestic, regional, and international powers.","Abdallah Bou Habib CONSULT Israel","COOPERATION","CONSULT","0.2","Abdallah Bou Habib","Abdallah Bou Habib","Lebanon (95)","Israel","Israel","Israel (83)","","","","Lebanon's southern border","","Lebanon (95)","1",""
"d6ddeb27b1db","2024-09-08","Hezbollah fighters in Lebanon launched a bombardment of the northern Israeli town of Kiryat Shmona using Falaq rockets early Sunday, in response to Israeli attacks that resulted in the deaths of three rescue workers in the Lebanese village of Froun. Concurrently, the Israeli military conducted air strikes on Hezbollah targets in southern Lebanon, including Aitaroun, Maroun El Ras, and Yaroun.","Hezbollah stated that it bombarded the northern Israeli town of Kiryat Shmona with a volley of Falaq rockets early Sunday 'in response to the enemy attacks, and particularly the attack' that killed the emergency workers in the Lebanese village of Froun. The Israeli military announced Sunday morning that it had carried out a series of air strikes on Hezbollah targets, saying it had intercepted a number of projectiles launched overnight from Lebanon.","Hezbollah fighters ASSAULT Israel","CONFLICT","ASSAULT","-0.9","Hezbollah fighters","Hezbollah","Lebanon (95)","Israel","Israel","Israel (83)","Rescue workers","Rescuers","Unknown","Kiryat Shmona; Froun; Aitaroun; Maroun El Ras; Yaroun; Southern Lebanon","","Israel (83); Lebanon (95); Lebanon (95); Lebanon (95); Lebanon (95); Lebanon (95)","10",""
"78b73c442f1f","2024-09-04","The Israeli army reported that approximately 30 rockets were fired from Lebanon towards the Upper Galilee region in Israel. Some of these rockets were intercepted, while others landed in open areas, causing fires near Kfar Blum. This incident occurred amid heightened tensions along the Israel-Lebanon border due to ongoing cross-border attacks.","A barrage of some 30 rockets was fired from Lebanon at the Galilee Panhandle earlier this evening.","Lebanese militants ASSAULT Israeli civilians and military","CONFLICT","ASSAULT","-0.9","Lebanese militants","Lebanese militants","Lebanon (95)","Israeli civilians; Israeli military","Israeli civilians; Israeli military","Israel (83); Israel (83)","","","","Upper Galilee; Kfar Blum; Israel-Lebanon border; Lebanon","","Israel (83); Israel (83); Lebanon (95)","1",""
"62cbc7543cbc","2024-08-25","Hezbollah launched rockets from southern Lebanon towards Israel, with one rocket being fired from near a position operated by the United Nations peacekeeping force, UNIFIL, in Hanniyeh. This action occurred during a heavy exchange between Hezbollah and the Israeli military, prompting UNIFIL to report a high number of air strikes and rocket launches in its area of operations.","One of the rockets launched from Lebanon in the heavy exchange between armed group Hezbollah and the Israeli military on Sunday was fired from near a position operated by international peacekeepers, the United Nations force told Reuters on Tuesday.","Hezbollah ASSAULT Israel and UNIFIL","CONFLICT","ASSAULT","-0.9","Hezbollah","Hezbollah","Lebanon (95)","Israel; United Nations peacekeeping force (UNIFIL)","Israel; United Nations peacekeeping force","Israel (83)","","","","southern Lebanon; Hanniyeh","","Lebanon (95); Lebanon (95)","9",""
"fecfa6632a98","2024-08-25","Hezbollah launched over 300 rockets and drones at Israel, targeting 11 military sites in retaliation for the killing of its top commander in Beirut. This exchange of fire involved the Israel Defense Forces (IDF) conducting 40 strikes in southern Lebanon.","Hezbollah launched over 300 rockets and drones at Israel on Sunday, targeting 11 military sites in retaliation for the killing of its top commander in Beirut last month.","Hezbollah ASSAULT Israel Defense Forces (IDF)","CONFLICT","ASSAULT","-0.9","Hezbollah","Hezbollah","Lebanon (95)","Israel Defense Forces (IDF)","Israel Defense Forces (IDF)","Israel (83)","","","","Israel; southern Lebanon; Beirut","","Israel (83); Lebanon (95); Lebanon (95)","1",""
"471806798a15","2024-08-25","On August 25, 2024, Hezbollah launched an aerial attack using drones and missiles targeting Israeli military sites in northern occupied Palestine in response to Israeli airstrikes that destroyed Hezbollah rocket launchers in southern Lebanon. The Israeli military had previously conducted extensive airstrikes, claiming to have targeted over 40 sites associated with Hezbollah.","Islamic Resistance fighters started an aerial attack with a large number of drones towards the Zionist depth and a quality Israeli military target that will be unveiled later, adding that, simultaneously, the Islamic Resistance targeted a number of the enemy's sites, barracks and Iron Dome platforms in northern occupied Palestine with a large number of missile.","Hezbollah ASSAULT Israeli military","CONFLICT","ASSAULT","-0.9","Hezbollah","Hezbollah","Lebanon (95)","Israeli military","Israeli military","Israel (83)","","","","Northern occupied Palestinian territories; Southern Lebanon","","Palestine (195); Lebanon (95)","1",""
"264e827eda0b","2024-08-25","Hezbollah launched a barrage of over 300 Katyusha rockets and drones targeting 11 Israeli military sites in response to the killing of senior commander Fuad Shukr. This action was part of a broader threat from Iran and its proxies against Israel, following high-profile assassinations in Tehran and Beirut.","Hezbollah said its recent strikes on Israel were in response to one of those assassinations. 'We continue to assess that there is a threat of attack, and we... remain well-postured to be able to support Israel’s defense as well as to protect our forces should they be attacked,' Pentagon spokesman Major General Pat Ryder told journalists.","Hezbollah ASSAULT Israeli military sites","CONFLICT","ASSAULT","-0.9","Hezbollah","Hezbollah","Lebanon (95)","Israeli military sites","Israeli military sites","Israel (83)","Iran; Iranian proxies","Iran; Hostages in Gaza","Iran (80)","Israel; Tehran; Beirut","","Israel (83); Iran (80); Lebanon (95)","1",""
"ae73c72df076","2024-08-25","The United Nations and Lebanon's Prime Minister Najib Mikati called for de-escalation following Israeli strikes on Lebanon and Hezbollah's retaliatory attacks on Israeli positions. This joint statement emphasized the need for a ceasefire and the implementation of UN Security Council resolution 1701 to restore peace in the region.","The office of the UN special coordinator for Lebanon and the United Nations Interim Force in Lebanon (UNIFIL) 'call on all to cease fire and refrain from further escalatory action', a joint statement said, describing the latest developments as 'worrying'.","United Nations and Najib Mikati REQUEST Israel and Hezbollah","CONFLICT","REQUEST","-0.2","United Nations; Najib Mikati","United Nations; Najib Mikati","Lebanon (95)","Israel; Hezbollah","Israel; Hezbollah","Israel (83); Lebanon (95)","UN Security Council","United Nations Security Council","United Nations","Lebanon","","Lebanon (95)","2",""
"6dca3ffe6f0b","2024-08-24","Hezbollah launched cross-border attacks from Lebanon against Israeli forces in response to an Israeli strike on Beirut's southern suburbs that killed a key commander, Fouad Shukur. This escalation is part of Hezbollah's ongoing military actions since the conflict in Gaza began following Hamas's attack on Israel on October 7, 2023.","Fears of all-out war have spiked after Hezbollah vowed to avenge an Israeli strike on Beirut's southern suburbs last month that killed a key commander, Fouad Shukur.","Hezbollah ASSAULT Israeli forces","CONFLICT","ASSAULT","-0.9","Hezbollah","Hezbollah","Lebanon (95)","Israeli forces","Israeli military","Israel (83)","Fouad Shahr; Hamas","Fouad Shahr; Hamas","Israel (83); Palestine (195)","Lebanon; Beirut","","Lebanon (95); Lebanon (95)","4",""
"0a166d8433fd","2024-08-21","Hezbollah launched suicide drones at an Israeli military base in Ami'ad and fired salvos of rockets at a logistic military base in the Israeli-annexed Golan Heights. This action was in response to recent airstrikes on the Bekaa region, leading to significant damage and injuries in the Golan Heights.","Hezbollah said it launched suicide drones Wednesday at an Israeli military base in Ami'ad, near Lake Tiberias, and salvos of rockets on 'a logistic military base' in the Israeli-annexed Golan Heights in response to the latest airstrikes on the Bekaa.","Hezbollah ASSAULTED Israeli military bases in Amihaq and the Golan Heights.","CONFLICT","ASSAULT","-0.9","Hezbollah","Hezbollah","Lebanon (95)","Israeli military base in Amihaq; Logistic military base in the Golan Heights","Israeli military base in Amihaq; Logistic military base in the Golan Heights","Israel (83); Israel (83)","","","","Amihaq; Golan Heights","","Israel (83); Israel (83)","1",""
"11e157d22888","2024-08-21","Hezbollah launched a series of attacks against northern Israel, including a barrage of 100 rockets that penetrated the Iron Dome defense system, causing significant damage and chaos in the region. The attacks included a strike 17 kilometers deep into Israeli territory, targeting the crucial Mahava Alon base and resulting in injuries to IDF troops.","Hezbollah’s 100-Rocket Barrage Pierces Through Iron Dome, Northern Israeli Regions Set Ablaze.","Hezbollah ASSAULTED Israeli Defense Forces (IDF)","CONFLICT","ASSAULT","-0.9","Hezbollah","Hezbollah","Lebanon (95)","Israeli Defense Forces (IDF)","Israel Defense Forces (IDF)","Israel (83)","","","","Northern Israel; Iron Dome defense system; Mahava Alon base; Israeli territory","","Israel (83); Israel (83); Israel (83); Israel (83)","2",""
"4dd9ee01b859","2024-08-21","Hezbollah launched more than 50 rockets and a swarm of drones against northern Israel, targeting private homes in the Israeli-annexed Golan Heights, resulting in one injury. This military action occurred amidst ongoing tensions in the region and follows a meeting involving US Secretary of State Antony Blinken with mediators from Egypt and Qatar.","Hezbollah has launched more than 50 rockets and a swarm of drones against northern Israel, hitting a number of private homes in the Israeli-annexed Golan Heights and wounding one person.","Hezbollah ASSAULT Israel","CONFLICT","ASSAULT","-0.9","Hezbollah","Hezbollah","Lebanon (95)","Israel","Israel","Israel (83)","United States; Egypt; Qatar","United States; Egypt; Qatar","USA (185); Egypt (53); Qatar (139)","Golan Heights; Northern Israel","","Israel (83); Israel (83)","4",""
"da827bead6f2","2024-08-19","Lebanon lodged a formal complaint with the UN Security Council against Israel for violations of its airspace, specifically citing incidents where Israeli warplanes breached the sound barrier over several areas, including Beirut. The complaint condemns these actions as violations of Lebanese sovereignty and international humanitarian law.","BEIRUT Lebanon lodged a complaint with the UN Security Council against Israel on Monday after its warplanes breached the sound barrier over several areas, including the capital Beirut.","Lebanon ACCUSE Israel","CONFLICT","ACCUSE","-0.3","Lebanon","Lebanon","Lebanon (95)","Israel","Israel","Israel (83)","UN Security Council","United Nations Security Council","United Nations","Lebanon; Beirut","","Lebanon (95); Lebanon (95)","1",""
"ce817a8dfe12","2024-08-17","Hezbollah launched a barrage of rockets at northern Israel's Upper Galilee in response to an Israeli Defense Forces strike on a Hezbollah weapons storage facility in Nabatieh, Lebanon. This exchange follows one of the deadliest strikes on Lebanon in over 10 months, resulting in the deaths of ten Syrian nationals and injuries to five others.","Hezbollah said it launched a salvo of rockets at northern Israel following one of the deadliest strikes on Lebanon since both sides began trading fire more than 10 months ago.","Hezbollah ASSAULTED Israeli Defense Forces","CONFLICT","ASSAULT","-0.9","Hezbollah","Hezbollah","Lebanon (95)","Israeli Defense Forces","Israeli military","Israel (83)","Syrian nationals","Syrian nationals","Syria (169)","Upper Galaji, Northern Israel; Nabatieh, Lebanon","","Israel (83); Lebanon (95)","2",""
"d8492b418310","2024-08-17","Hezbollah launched a barrage of rockets into northern Israel, specifically targeting the Upper Galilee region, following Israeli airstrikes in southern Lebanon that resulted in the deaths of ten Syrian nationals and injuries to five others. The Israeli Defense Forces (IDF) confirmed that approximately 55 projectiles crossed from Lebanon into Israeli territory, marking one of the most intense clashes between the two sides in over a decade.","The rockets, targeting Israel’s Upper Galilee region, were fired shortly after the Israeli Defense Forces (IDF) carried out airstrikes in southern Lebanon, particularly in the Nabatieh area.","Hezbollah ASSAULT Israel","CONFLICT","ASSAULT","-0.9","Hezbollah","Hezbollah","Lebanon (95)","Israel","Israel","Israel (83)","Syrian nationals","Syrian nationals","Syria (169)","northern Israel; Upper Galilee region; southern Lebanon; Lebanon; Israeli territory","","Israel (83); Israel (83); Lebanon (95); Lebanon (95); Israel (83)","2",""
"375164493bcd","2024-08-17","A drone belonging to the Lebanese Hezbollah was reported to have filmed the residence of Israeli Prime Minister Benjamin Netanyahu. In response, Israeli warplanes were dispatched to investigate the airspace near the Caesarea Villa in occupied al-Quds, but they did not detect any reconnaissance drone. The Israeli army suggested that the warning about the drone's presence was likely due to a radar and defense systems error.","The Zionist newspaper Israel Hayom reported that Netanyahu’s residence was filmed by a drone belonging to the Lebanese Hezbollah.","Lebanese Hezbollah ACCUSE Israeli warplanes","CONFLICT","ACCUSE","-0.2","Lebanese Hezbollah","Hezbollah","Lebanon (95)","Israeli warplanes","Israeli warplanes","Israel (83)","Benjamin Netanyahu","Benjamin Netanyahu","Israel (83)","Caesarea Villa, occupied al-Quds","","Palestine (195)","1",""
"d9ab1427247c","2024-08-17","Caretaker Prime Minister Najib Mikati of Lebanon communicated with British Foreign Minister David Lammy regarding the need to pressure Israel to cease its airstrikes targeting southern Lebanese towns and villages. This discussion followed an Israeli airstrike in the Nabatieh region that resulted in the deaths of 10 Syrian civilians and numerous injuries.","""Caretaker Prime Minister Najib Mikati told British Foreign Minister David Lammy in a call there was a 'need to pressure the Israeli enemy to stop its direct targeting of southern towns and villages,' after an Israeli airstrike on the Nabatieh region killed 10 Syrian civilians and wounded many others.""","Najib Mikati of Lebanon and British Foreign Minister CONSULT Israel","COOPERATION","CONSULT","0.2","Najib Mikati; British Foreign Minister","Najib Mikati; British Foreign Minister","Lebanon (95); UK (183)","Israel","Israel","Israel (83)","Lebanon; Syria","Lebanon; Syria","Lebanon (95); Syria (169)","Lebanon; southern Lebanese towns and villages; Nabatieh region","","Lebanon (95); Lebanon (95); Lebanon (95)","1",""
"e8f27a9a25aa","2024-08-13","Hezbollah launched a series of missile strikes against Israeli military sites, specifically targeting the Israeli army’s technical and espionage equipment at the al-Samaqa, Ramia, and Misgav Am locations. This action was claimed to be in support of the Palestinian people in Gaza and coincided with Hamas' failed rocket attacks on Tel Aviv.","Hezbollah on Tuesday said it launched a series of strikes against sensitive Israeli military sites, claiming that one of its missiles hit a group of Israeli troops near a site, moments after Hamas' M90 rocket attack on Tel Aviv failed to make an impact.","Hezbollah ASSAULT Israeli military","CONFLICT","ASSAULT","-0.9","Hezbollah","Hezbollah","Lebanon (95)","Israeli military","Israeli military","Israel (83)","Palestinian people","Palestinians","Palestine (195)","al-Samaqa, Ramia; Misgav Am; Tel Aviv; Gaza","","Israel (83); Israel (83); Israel (83); Palestine (195)","2",""
"f0ee77c4c300","2024-08-12","Hezbollah militants fired approximately 30 rockets from Lebanon into the Kabari region of northern Israel overnight. The Israeli Defense Forces (IDF) confirmed that the rockets landed in open areas with no reported casualties and subsequently launched strikes on the locations in Lebanon from which the rockets were fired.","Further to the alerts that were activated in the north of the country in the last hour, about 30 launches were detected that crossed from the territory of Lebanon to the Kabari region, and a number of crashes were detected in open areas. There are no casualties. IDF forces attack the sources of the shooting.","Hezbollah militants ASSAULTED the Israeli Defense Forces (IDF)","CONFLICT","ASSAULT","-0.9","Hezbollah militants","Hezbollah","Lebanon (95)","Israeli Defense Forces (IDF)","Israel Defense Forces (IDF)","Israel (83)","","","","Kabari region, northern Israel; Lebanon","","Israel (83); Lebanon (95)","2",""
"98f579a41768","2024-08-11","Hezbollah fired approximately 30 rockets from southern Lebanon toward northern Israel in response to Israeli strikes and in support of the Palestinian people in Gaza. This action occurred amid heightened tensions following the assassination of Hamas leader Ismail Haniyeh and ongoing fears of a broader conflict involving Iran.","Hezbollah fired a barrage of rockets toward northern Israel on Sunday night, as Israeli forces remain on high alert for potential retaliation from Iran and its proxies following the assassination of a top Hamas leader last month.","Hezbollah ASSAULT Israel","CONFLICT","ASSAULT","-0.9","Hezbollah","Hezbollah","Lebanon (95)","Israel","Israel","Israel (83)","Palestinian people; Iran","Palestinians; Iran","Palestine (195); Iran (80)","southern Lebanon; northern Israel; Gaza","","Lebanon (95); Israel (83); Palestine (195)","3",""
"31bb32816a7a","2024-08-11","Hezbollah launched kamikaze drone attacks on the Israeli Military's 91st Division headquarters as tensions escalated following the assassination of Hamas leader Ismail Haniyeh. This action is part of a broader response from Iran and its proxies in the region.","Hezbollah Pounds Israeli Military's 91st Division HQ With Kamikaze Drones As Iran Prepares Response","Hezbollah ASSAULTED the Israeli Military's 91st Division headquarters.","CONFLICT","ASSAULT","-0.9","Hezbollah","Hezbollah","Lebanon (95)","Israeli Military's 91st Division","Israeli Military's 91st Division","Israel (83)","Iran; Hamas","Iran; Hamas","Iran (80); Palestine (195)","Israeli Military's 91st Division headquarters","","Israel (83)","1",""
"88efbbef6c53","2024-08-10","Hezbollah issued a statement condemning the Israeli attack on al-Tabin school in the Daraj neighborhood of central Gaza City, which was being used as a shelter for displaced Palestinians. The group characterized the assault as part of Israel's genocidal war against the Palestinian people and criticized the international community for its inaction.","Hezbollah issued a statement on Saturday denouncing the Israeli attack on al-Tabin school in the Daraj neighborhood of central Gaza City, which has been used as a shelter for displaced Palestinians.","Hezbollah ACCUSE Israel","CONFLICT","ACCUSE","-0.3","Hezbollah","Hezbollah","Lebanon (95)","Israel","Israel","Israel (83)","Palestinian people; International community","Palestinians; International community","Palestine (195)","Daraj neighborhood, central Gaza City","","Palestine (195)","1",""
"e9362e169dba","2024-08-10","A Lebanese government source reported to Kuwait’s al-Anbaa newspaper that diplomatic efforts are underway to prevent a major war involving Lebanon, Israel, and Iran. The focus is on convincing Israeli Prime Minister Benjamin Netanyahu to refrain from a preemptive strike against Hezbollah and Iranian nuclear sites, particularly the Arak nuclear reactor.","the issue is no longer about convincing Iran and Hezbollah not to retaliate, but rather about convincing (Israeli PM Benjamin) Netanyahu not to go to a preemptive strike in Lebanon and Iran.","Lebanese government, Kuwait's al-Anbaa newspaper, Israel, and Iran CONSULTED Israeli Prime Minister Benjamin Netanyahu","COOPERATION","CONSULT","0.2","Lebanese government; Kuwait's al-Anbaa newspaper; Israel; Iran","Lebanese government; Kuwait's al-Anbaa newspaper; Israel; Iran","Lebanon (95); Kuwait (91); Israel (83); Iran (80)","Benjamin Netanyahu","Benjamin Netanyahu","Israel (83)","Hezbollah; Iranian nuclear sites","Hezbollah; Iranian nuclear sites","Lebanon (95); Iran (80)","Lebanon; Israel; Iran; Arak nuclear reactor","","Lebanon (95); Israel (83); Iran (80); Israel (83)","1",""
"e52d947fe2f9","2024-08-08","Hezbollah evacuated key staff and equipment from Beirut in response to warnings of Israeli retaliation amid rising tensions between Israel and Hezbollah. This action indicates a significant shift in operational posture as the conflict escalates.","Hezbollah Evacuates Key Staff and Equipment Out Of Beirut Amid Israeli Retaliation Warning: Report","Hezbollah RETREAT Israeli military","COOPERATION","RETREAT","0.6","Hezbollah","Hezbollah","Lebanon (95)","Israeli military","Israeli military","Israel (83)","","","","Beirut","","Lebanon (95)","1",""
"5172ea627452","2024-08-08","Hezbollah is reportedly preparing for a potential strike on Israel, moving faster in its planning than Iran. Insider sources indicate that Hezbollah could launch an attack in the coming days, independent of Iran's response strategy, which is still being determined.","Hezbollah appears to be preparing for a potential strike on Israel, independent of Iran's intentions, according to insider sources.","Hezbollah THREATEN Israel","CONFLICT","THREATEN","-0.6","Hezbollah","Hezbollah","Lebanon (95)","Israel","Israel","Israel (83)","Iran","Iran","Iran (80)","Israel","","Israel (83)","2",""
"d10f54798d82","2024-08-08","The Lebanese government is preparing for a potential escalation of conflict between Hezbollah and Israel, as tensions have risen following the assassinations of Hezbollah's military commander Fuad Shukr and Hamas leader Ismail Haniyeh. Concurrently, Hezbollah forces have been engaged in daily exchanges of fire with the Israeli military along the border.","The Lebanese government is continuing its preparations for a possible expansion of the conflict between Hezbollah and Israel, as Air France on Thursday extended its suspension of flights between Paris and Beirut until at least Sunday 'due to the security situation' in Lebanon.","Lebanese government CONSULT Hezbollah and Israel","COOPERATION","CONSULT","0.2","Lebanese government","Lebanese government","Lebanon (95)","Hezbollah; Israel","Hezbollah; Israel","Lebanon (95); Israel (83)","Fuad Shoulh; Ismail Haniyeh","Fuad Shoulh; Ismail Haniyeh","Lebanon (95); Palestine (195)","Lebanon; Israel","","Lebanon (95); Israel (83)","1",""
"31c08bc47172","2024-08-06","Hezbollah launched drone and rocket attacks on military sites in northern Israel, specifically targeting locations near Acre and an Israeli military vehicle. This action was part of their retaliation for the assassination of their commander, Fuad Shukr, which occurred the previous week. The Israeli military confirmed the interception of hostile drones and reported injuries among Israeli civilians due to the strikes.","Lebanese militant group Hezbollah unleashed a slew of drone and rocket attacks on Israel Tuesday — but warned the brunt of its revenge for Israel’s assassination of a top commander last week was still yet to come.","Hezbollah ASSAULT Israeli military and civilians","CONFLICT","ASSAULT","-0.9","Hezbollah","Hezbollah","Lebanon (95)","Israeli military; Israeli civilians","Israeli military; Israeli civilians","Israel (83); Israel (83)","Fouad Shoul","Fouad Shoukr","Lebanon (95)","Northern Israel; Acre","","Israel (83); Israel (83)","16",""
"edecf9a74a23","2024-08-05","Hezbollah fighters targeted the Israeli naval base at Ras al-Naqoura as part of their ongoing operations against Israel, emphasizing support for the Palestinian people in Gaza. This operation was part of a series of attacks, including artillery fire on the Zar'it military base and shelling of the Rameem military base.","Hezbollah announced in a statement on Monday that its fighters targeted the Israeli naval base at Ras al-Naqoura as part of their ongoing operations against the Israeli regime.","Hezbollah fighters ASSAULT Israeli military","CONFLICT","ASSAULT","-0.9","Hezbollah fighters","Hezbollah fighters","Lebanon (95)","Israeli military","Israeli military","Israel (83)","Palestinian people in Gaza","Palestinians in Gaza","Palestine (195)","Ras al-Naqoura; Zar'it military base; Rameh military base; Gaza","","Israel (83); Israel (83); Israel (83); Palestine (195)","1",""
"3fc52d6148ae","2024-08-05","Hezbollah launched a series of drones into northern Israel, targeting the headquarters of Israel’s Golani Brigade and the Egoz Unit at the Shraga barracks. The attack resulted in casualties, with reports indicating that two individuals were injured, one critically, in the town of Mazra’a due to a drone impact.","Hezbollah has confirmed it carried out an air attack in northern Israel that caused casualties.","Hezbollah ASSAULT Israels Golani Brigade and Israels Egout Unit","CONFLICT","ASSAULT","-0.9","Hezbollah","Hezbollah","Lebanon (95)","Israels Golani Brigade; Israels Egoz Unit","Israels Golani Brigade; Israels Egoz Unit","Israel (83); Israel (83)","","","","Northern Israel; Mazra'a; Shraga Barracks","","Israel (83); Israel (83); Israel (83)","1",""
"ab71f47ddbad","2024-08-05","Hassan Nasrallah, leader of Hezbollah, announced in a televised address that both Hezbollah and Iran are obliged to respond to Israel following the recent killings of Hezbollah military commander Fuad Shukr and Hamas political leader Ismail Haniyeh. He indicated that retaliation could occur either independently or as part of a unified response from Iran-backed groups in the region.","Speaking in a televised address to mark one week since Shukr's death, Nasrallah said Tehran 'finds itself obliged to respond, and the enemy is waiting in a great state of dread'.","Hassan Nasrallah THREATEN Israel, Iran, and Iran-backed groups in the region","CONFLICT","THREATEN","-0.6","Hassan Nasrallah","Hassan Nasrallah","Lebanon (95)","Israel; Iran; Iran-backed groups in the region","Israel; Iran; Hostages in Gaza","Israel (83); Iran (80)","Hezbollah; Hamas","Hezbollah; Hamas","Lebanon (95); Palestine (195)","Immaterial","","Immaterial","1",""
"478c028152e8","2024-08-04","Iran is preparing retaliatory actions against Israel in response to the assassination of Hamas leader Ismail Haniyeh. The planned strikes may involve coordinated attacks from Iran, Iraq, Lebanon, and Yemen, potentially targeting Israel as soon as this weekend.","Tehran's retaliation for Haniyeh's killing could involve multiple attacks from Iran, Iraq, Lebanon, and Yemen potentially targeting Israel as soon as this weekend.","Iran, Iraq, Lebanon, and Yemen ASSAULT Israel","CONFLICT","ASSAULT","-0.9","Iran; Iraq; Lebanon; Yemen","Iran; Iraq; Lebanon; Yemen","Iran (80); Palestine (195); Lebanon (95); Yemen (191)","Israel","Israel","Israel (83)","Hamas; Ismail Haniyeh","Hamas; Ismail Haniyeh","Palestine (195); Palestine (195)","Iran; Iraq; Lebanon; Yemen","","Iran (80); Palestine (195); Lebanon (95); Yemen (191)","1",""
"6603dc9169b2","2024-08-01","Hezbollah forces resumed rocket and artillery attacks against Israel, including firing a surface-to-air missile at an Israeli warplane in Lebanese airspace and conducting two artillery attacks and two rocket strikes on military positions in northern Israel. This escalation followed the killing of Hezbollah's military commander in Beirut by Israeli forces.","Hezbollah forces yesterday resumed rocket and artillery attacks against Israel, ending the lull along the border following Israel’s killing of the Lebanese group’s military commander in Beirut.","Hezbollah ASSAULT Israel","CONFLICT","ASSAULT","-0.9","Hezbollah","Hezbollah","Lebanon (95)","Israel","Israel","Israel (83)","","","","Lebanese airspace; Northern Israel; Beirut","","Lebanon (95); Israel (83); Lebanon (95)","13",""
"a9ddff0d642e","2024-08-01","Hezbollah, a Lebanese militant group, is reportedly preparing to instigate a conflict with Israel from Lebanon's southern border, claiming it is on a 'support mission' to coordinate and show solidarity with the Gaza Strip, which is governed by Hamas. This action is set against the backdrop of Lebanon's ongoing economic crisis and political vacuum.","Hezbollah’s pretext for instigating a conflict with Israel from Lebanon’s southern border is that it is on a 'support mission' — coordinating and showing solidarity with the Gaza Strip.","Hezbollah COERCE Israel","CONFLICT","COERCE","-0.6","Hezbollah","Hezbollah","Lebanon (95)","Israel","Israel","Israel (83)","Hamas; Lebanon","Hamas; Lebanon","Palestine (195); Lebanon (95)","Southern Lebanon","","Lebanon (95)","1",""
"3c4b7cdd95c2","2024-08-01","Hezbollah, a Lebanese militant group, launched approximately 70 Katyusha rockets targeting Israeli military sites in western Galilee and the settlement of Matzuva in response to an Israeli airstrike in southern Lebanon that resulted in the deaths of four Syrians. The Lebanese army reported that some rockets were intercepted by Israel's Iron Dome missile defense system.","Hezbollah added that it also attacked the Jal al-Alam site with rockets, Xinhua news agency reported.","Hezbollah ASSAULT Israeli military sites in western Galilee and the Matzuva settlement","CONFLICT","ASSAULT","-0.9","Hezbollah","Hezbollah","Lebanon (95)","Israeli military sites in western Galilia; Matzuva settlement","Israeli military sites in western Galilia; Matzuva settlement","Israel (83); Israel (83)","Syrians","Syrian people","Syria (169)","Western Galaliya; Matzuva; Southern Lebanon","","Lebanon (95); Lebanon (95); Lebanon (95)","1",""
"455e795d908d","2024-08-01","Hezbollah chief Hassan Nasrallah addressed mourners at the funeral of Fuad Shukr, the Lebanese group's top military commander, in Beirut, Lebanon, where he warned Israel of an impending response to the recent killings of Hamas and Hezbollah leaders. This event occurred in the context of heightened regional tensions following the deaths of these leaders.","Hezbollah chief Hassan Nasrallah, addressing the funeral of the Lebanese group's top military commander, said Israel and 'those who are behind it must await our inevitable response' to Fuad Shukr's and Haniyeh's killings within hours of each other.","Hezbollah chief Hassan Nasrallah THREATEN Israel","CONFLICT","THREATEN","-0.6","Hezbollah chief Hassan Nasrallah","Hezbollah leader Hassan Nasrallah","Lebanon (95)","Israel","Israel","Israel (83)","Hamas; Hezbollah","Hamas; Hezbollah","Palestine (195); Lebanon (95)","Beirut","","Lebanon (95)","1",""
"6889688048ff","2024-08-01","Hezbollah launched a significant rocket attack on northern Israel, resulting in injuries to an Israeli Defense Forces (IDF) soldier. This action was described as a revenge attack following threats made by Hezbollah.","Hezbollah 'Kills Israeli Troops' In Revenge Attack; Rockets, Drones Rained At IDF Sites","Hezbollah ASSAULTED Israeli Defense Forces (IDF)","CONFLICT","ASSAULT","-0.9","Hezbollah","Hezbollah","Lebanon (95)","Israeli Defense Forces (IDF)","Israel Defense Forces (IDF)","Israel (83)","","","","northern Israel","","Israel (83)","1",""
"ea7de94337de","2024-07-30","Lebanon's caretaker Prime Minister Najib Mikati announced that Lebanon will respond to Israeli accusations regarding an alleged attack by Hezbollah in a detailed letter to the UN Security Council. This follows Israel's accusation that Hezbollah shelled a football field in Majdal Shams, resulting in casualties. Mikati condemned all forms of violence and called for an end to Israeli aggression in southern Lebanon.","Lebanon will respond to Israeli accusations in a detailed letter to the (UN) Security Council.","Najam Mikati REQUEST Israel","CONFLICT","REQUEST","-0.2","Najib Mikati","Najib Mikati","Lebanon (95)","Israel","Israel","Israel (83)","UN Security Council; Hezbollah","United Nations Security Council; Hezbollah","Lebanon (95)","Lebanon; Majdal Shams; southern Lebanon","","Lebanon (95); Lebanon (95); Lebanon (95)","1",""
"5093d128a5fc","2024-07-29","Hezbollah targeted a military base in northern Israel in response to attacks and assassinations carried out by Israel in several villages in south Lebanon. This action follows the killing of Hezbollah commander Fouad Shukur in Beirut and is part of ongoing tensions between Israel and Hezbollah amidst fears of a regional war.","The Iranian-backed Hezbollah said in a statement it targeted a military base in northern Israel in response to 'attacks and assassinations' carried out by Israel in several villages in south Lebanon.","Hezbollah ASSAULTED a military base in northern Israel","CONFLICT","ASSAULT","-0.9","Hezbollah","Hezbollah","Lebanon (95)","Military base in northern Israel","Israeli military bases","Israel (83)","","","","Northern Israel; Southern Lebanon","","Israel (83); Lebanon (95)","1",""
"1f3dbcc54c7b","2024-07-29","A senior Hezbollah official announced in an interview with Al Jazeera that Hezbollah is prepared to respond to any Israeli attack, emphasizing their capability to severely bomb military facilities in Haifa, the Golan, and Ramat David. The statement was made amid escalating tensions regarding Israel's military actions.","International parties have asked us not to respond to the expected aggression - we have informed them that we have rejected this request.","Hezbollah THREATEN Israel","CONFLICT","THREATEN","-0.6","Hezbollah","Hezbollah","Lebanon (95)","Israel","Israel","Israel (83)","","","","Haifa; Golan; Ramat David","","Lebanon (95); Lebanon (95); Lebanon (95)","1",""
"4a213e272db1","2024-07-29","Hezbollah launched attacks on several military posts in northern Israel, targeting the Al-Malikiyya post with appropriate weapons, the Al-Raheb site with guided missiles, and firing dozens of Katyusha rockets at the Al-Baghdadi site. This action was taken amid rising tensions with Israel following a missile attack on the Druze town of Majdal Shams.","BEIRUT Lebanese group Hezbollah said Monday it struck several military posts in northern Israel amid fears of a full-blown war with Tel Aviv.","Hezbollah ASSAULTED the Israeli military","CONFLICT","ASSAULT","-0.9","Hezbollah","Hezbollah","Lebanon (95)","Israeli military","Israeli military","Israel (83)","","","","northern Israel; Al-Malikhiya military post; Al-Raheb military site; Al-Baghdadi military site; Majdal Shams","","Israel (83); Israel (83); Israel (83); Israel (83); Israel (83)","2",""
"de4c1890c51f","2024-07-28","The United States is leading a diplomatic initiative involving Lebanese and Iranian officials, as well as Middle Eastern and European diplomats, to deter Israel from launching strikes on Beirut or major civilian infrastructure in response to a rocket attack attributed to Hezbollah that killed 12 youths in the Golan Heights. The aim is to prevent a full-scale war between Israel and Hezbollah.","The United States is leading a diplomatic effort to deter Israel from striking Beirut or major civilian infrastructure in response to a deadly rocket attack on the Golan Heights.","United States, Lebanese officials, Iranian officials, and Middle Eastern and European diplomats CONSULT Israel","COOPERATION","CONSULT","0.2","United States; Lebanese officials; Iranian officials; Middle Eastern and European diplomats","United States; Lebanese officials; Iranian officials; Hostages in Gaza","USA (185); Lebanon (95); Iran (80)","Israel","Israel","Israel (83)","Hezbollah; Lebanese civilians; Iranian civilians","Hezbollah; Lebanese civilians; Iranian civilians","Lebanon (95); Lebanon (95); Iran (80)","Beirut; Golan Heights","","Lebanon (95); Israel (83)","1",""
"5098ca60aec6","2024-07-27","Lebanon received international assurances regarding the Israeli military response to a rocket attack in the Druze town of Majdal Shams, which Israel attributed to Hezbollah. Lebanon's Foreign Minister Abdullah Bou Habib stated that both the Israeli and Hezbollah responses would be 'limited'.","We have received assurances from the concerned countries that the Israeli response will be limited, as will Hezbollah’s response.","Lebanon AGREE Israel and Hezbollah","COOPERATION","AGREE","0.5","Lebanon","Lebanon","Lebanon (95)","Israel; Hezbollah","Israel; Hezbollah","Israel (83); Lebanon (95)","","","","Druze town of Majdal Shams","","Lebanon (95)","1",""
"cc57fb10deb8","2024-07-27","Israeli authorities reported a missile attack on the town of Druze in Majdal Shams, located in the occupied Golan Heights, resulting in 11 fatalities and 37 injuries. The Israeli army accused Hezbollah of being involved in the attack, which Hezbollah denied, leading to heightened tensions along the Lebanon-Israel border.","Israeli authorities said earlier that 11 people were killed and 37 others injured in the missile attack. While the Israeli army accused Hezbollah of the attack, the group denied responsibility.","Hezbollah ACCUSE Israeli authorities","CONFLICT","ACCUSE","-0.3","Hezbollah","Hezbollah","Lebanon (95)","Israeli authorities","Israeli authorities","Israel (83)","","","","Druze, Majdal Shams, Golan Heights; Lebanon-Israel border","","Israel (83)","1",""
"698ae74ad41a","2024-07-27","Hassan Nasrallah, the leader of Hezbollah, was reported to have murdered 12 Israeli children in a field near their home. This incident has raised concerns regarding Israel's ability to respond effectively to threats from Hezbollah and maintain deterrence in the region.","Exactly 48 hours ago, Hassan Nasrallah, the leader of Hezbollah, murdered 12 Israeli children playing on the grass in a field near their home.","Hassan Nasrallah ASSAULT Israeli children","CONFLICT","ASSAULT","-0.9","Hassan Nasrallah","Hassan Nasrallah","Lebanon (95)","Israeli children","Israeli children","Israel (83)","Hezbollah","Hezbollah","Lebanon (95)","Near the home of Israeli children","","Israel (83)","1",""
"4b36af3e3c3c","2024-07-27","Hezbollah was blamed for a rocket strike in the Druze town of Majdal Shams, Israel, although the group denied involvement. This incident coincided with Israeli military strikes on a school in Deir al-Balah, Gaza, which resulted in the deaths of at least 30 Palestinians, as reported by the Hamas-run health ministry.","Hezbollah has been blamed for Saturday’s rocket strike in the Druze town of Majdal Shams, although it has denied involvement.","Hezbollah ACCUSE Israel","CONFLICT","ACCUSE","-0.3","Hezbollah","Hezbollah","Lebanon (95)","Israel","Israel","Israel (83)","","","","Majdal Shams; Deir al-Balah","","Israel (83); Palestine (195)","1",""
"51fc182a8be3","2024-07-27","Mohammad Raad, a Lebanese lawmaker from the Loyalty to the Resistance Bloc, issued a warning during a ceremony in Saida, Lebanon, regarding the potential for a full-scale Israeli war against Lebanon. He stated that such a conflict could escalate into a wider regional war, amidst ongoing tensions and exchanges of fire between Israel and Hezbollah.","The Lebanese lawmaker also warned that a full-blown Israeli war against Lebanon would lead to a wider conflict in the region.","Mohammad Raad ACCUSE Israel","CONFLICT","ACCUSE","-0.2","Mohammad Raad","Mohammad Raad","Lebanon (95)","Israel","Israel","Israel (83)","Hezbollah","Hezbollah","Lebanon (95)","Saida","","Lebanon (95)","1",""
"6d634d0e57aa","2024-07-27","Lebanon experienced heightened tensions following a rocket strike on the occupied Golan Heights, which resulted in the deaths of 12 individuals, including 11-year-old Guevara Ibrahim. In response, Lebanese Foreign Minister Abdallah Bou Habib engaged in diplomatic efforts to mitigate the anticipated Israeli retaliation, as Israeli Defence Minister Yoav Gallant warned of a strong response.","Lebanese Foreign Minister Abdallah Bou Habib said a flurry of diplomatic activity has sought to contain the anticipated Israeli response after Defence Minister Yoav Gallant threatened to 'hit the enemy hard.'","Abdallah Bou Habib CONSULT Israel","COOPERATION","CONSULT","0.2","Abdallah Bou Habib","Abdallah Bou Habib","Lebanon (95)","Israel","Israel","Israel (83)","Guevara Ibrahim","Guevara Ibrahim","Lebanon (95)","Golan Heights","","Israel (83)","1",""
"4c151a8f22ae","2024-07-27","A rocket strike occurred at a soccer field in Majdal Shams, Israel, resulting in the deaths of at least 11 children and injuries to 20 others. The Israeli government attributed the attack to the Lebanese militant group Hezbollah, which denied involvement. Israeli Prime Minister Benjamin Netanyahu warned Hezbollah of severe consequences for the attack, marking it as the deadliest strike on Israeli civilians since the onset of the current conflict.","At least 11 children were killed and 20 other people were injured in a rocket strike at a soccer field in Israel, the authorities said.","Hezbollah ASSAULT Israeli civilians","CONFLICT","ASSAULT","-0.9","Hezbollah","Hezbollah","Lebanon (95)","Israeli civilians","Israeli civilians","Israel (83)","","","","Soccer field, Majdal Shams","","Israel (83)","29",""
"428359e8dd3b","2024-07-27","The Shiite Hezbollah militia allegedly carried out a rocket attack on the Israeli-occupied Golan Heights, which has raised concerns in Israel regarding a potential military response to Hezbollah in southern Lebanon. This incident has dampened hopes for a ceasefire in the ongoing Gaza war.","Hopes of a ceasefire in the Gaza war were seriously dampened at the weekend by a devastating rocket attack on the Israeli-occupied Golan Heights, allegedly carried out by the Shiite Hezbollah militia.","Shiite Hezbollah militia ASSAULT Israel","CONFLICT","ASSAULT","-0.9","Shiite Hezbollah militia","Hezbollah","Lebanon (95)","Israel","Israel","Israel (83)","","","","Golan Heights; Southern Lebanon","","Israel (83); Lebanon (95)","1",""
"32e83dbfd08f","2024-07-18","Hezbollah targeted an Israeli Merkava tank and several military positions near the southern Lebanese border, using anti-tank missiles, resulting in the tank's destruction and fire. They also attacked the Rweisat Al-Alam site with rocket-propelled weapons and the Birkat Risha site with Borkan missiles, causing a fire. Additionally, Hezbollah conducted a drone attack on the Filon base in northern Israel, which houses the 210th Division's headquarters, resulting in confirmed casualties among officers and soldiers.","Hezbollah said on Thursday that it targeted an Israeli tank and several military positions near the southern Lebanese border.","Hezbollah ASSAULT Israeli military and the 210th Division of the Israel Defense Forces","CONFLICT","ASSAULT","-0.9","Hezbollah","Hezbollah","Lebanon (95)","Israeli military; 210th Division of the Israel Defense Forces","Israeli military; 210th Division of the Israel Defense Forces","Israel (83); Israel (83)","","","","southern Lebanese border; northern Israel","","Lebanon (95); Israel (83)","1",""
"a9b4d4755a58","2024-07-16","Israeli airstrikes in south Lebanon resulted in the deaths of five individuals, including three Syrian children, in the village of Umm Toot and on the Kfar Tebnit road. In retaliation, Hezbollah launched Katyusha rockets at northern Israel, citing the deaths of civilians as the reason for their response.","Lebanese official media said separate Israeli strikes Tuesday in south Lebanon killed five people including three Syrian children, with Hezbollah announcing rocket fire at Israel in retaliation.","Hezbollah ASSAULT Israeli civilians","CONFLICT","ASSAULT","-0.9","Hezbollah","Hezbollah","Lebanon (95)","Israeli civilians","Israeli civilians","Israel (83)","","","","Umm Toot; Kfar Tebnit road; Northern Israel","","Lebanon (95); Lebanon (95); Israel (83)","1",""
"253853fbe1eb","2024-07-11","An Israeli soldier, identified as a 33-year-old sergeant, was killed in combat near the border with Lebanon. The incident is reported to have occurred during ongoing hostilities between Israel and the Iran-backed Hezbollah group, which have been escalating for nearly nine months.","Israel’s military said on Friday that one of its soldiers was killed in combat near the border with Lebanon a day earlier.","Hezbollah ASSAULT Israeli soldier","CONFLICT","ASSAULT","-0.9","Hezbollah","Hezbollah","Lebanon (95)","Israeli soldier","Israeli soldier","Israel (83)","","","","Near the border with Lebanon","","Lebanon (95)","1",""
"8fbc65200c63","2024-07-11","Hezbollah conducted an aerial drone attack targeting the new headquarters of the Israeli artillery battalion of the 146th division, located south of Kabri, in response to incendiary attacks by the Israeli army on Lebanese territory. The strike reportedly resulted in deaths and injuries among Israeli forces, with Hezbollah claiming one soldier dead and two wounded.","Hezbollah carried out an aerial attack in response, using drones to target the new headquarters of the artillery battalion of Israel’s 146th division. The strike, south of Kabri, 'achieved a direct hit' and led to deaths and injuries on the Israeli side, Hezbollah said.","Hezbollah ASSAULT Israeli forces","CONFLICT","ASSAULT","-0.9","Hezbollah","Hezbollah","Lebanon (95)","Israeli forces","Israeli military","Israel (83)","","","","New headquarters of the Israeli artillery battalion, 146th division, south of Kabri; Lebanese territory","","Lebanon (95); Lebanon (95)","1",""
"36e3ac5c7ace","2024-07-10","Hezbollah Leader Hassan Nasrallah announced that Hezbollah will cease attacks on Israel if a ceasefire agreement is reached regarding the conflict in Gaza. This statement was made during a televised speech commemorating a Hezbollah leader killed by Israel, and it coincided with ongoing truce talks involving delegations from Egypt, the United States, Qatar, and Israel in Doha.","Hezbollah Leader Hassan Nasrallah confirmed on Wednesday that his group will stop attacking Israel if an agreement is reached on a ceasefire in Gaza.","Hezbollah AGREE Israel","COOPERATION","AGREE","0.5","Hezbollah","Hezbollah","Lebanon (95)","Israel","Israel","Israel (83)","Egypt; United States; Qatar","Egypt; United States; Qatar","Egypt (53); USA (185); Qatar (139)","Doha","","Qatar (139)","1",""
"c7edab40eb1b","2024-07-07","Hezbollah launched dozens of Katyusha rockets at the Nimra military base in northern Israel in retaliation for an Israeli airstrike that killed one of its operatives near Baalbek, Lebanon. The attack on Nimra was described by Hezbollah as a response to the assassination of a local official.","Hezbollah on Sunday fired rockets at an area deep in north Israel after an Israeli airstrike Saturday killed one of its operatives near the eastern city of Baalbek.","Hezbollah ASSAULT Israeli military","CONFLICT","ASSAULT","-0.9","Hezbollah","Hezbollah","Lebanon (95)","Israeli military","Israeli military","Israel (83)","","","","Nimra military base; Baalbek","","Israel (83); Lebanon (95)","1",""
"e0a6a5a417cb","2024-07-07","Hezbollah launched its largest air operation by sending multiple explosive drones targeting an Israeli military intelligence base on Mount Hermon in the Golan Heights. This action is part of ongoing cross-border clashes with Israeli forces amid heightened tensions following the October 7 attack by Hamas.","Lebanon’s Hezbollah movement said on Sunday it launched its 'largest' air operation, sending explosive drones at a mountaintop Israeli military intelligence base in the annexed Golan Heights.","Hezbollah ASSAULT Israeli military intelligence base","CONFLICT","ASSAULT","-0.9","Hezbollah","Hezbollah","Lebanon (95)","Israeli military intelligence base","Israeli military and intelligence bases","Israel (83)","","","","Mount Hermon, Golan Heights","","Israel (83)","1",""
"bba574f42c64","2024-07-07","Hezbollah, a Shiite militant group based in Lebanon, launched approximately 50 rockets into northern Israel, resulting in injuries to an American citizen and two Israelis, with the American in critical condition. This attack is part of a larger pattern, as Hezbollah has reportedly fired over 200 rockets and drones into northern Israel since the previous week.","The Shiite Lebanese terrorist organization Hezbollah, which is the de facto ruler of Lebanon, fired some 50 rockets into northern Israel on Sunday. Shrapnel from a Hezbollah anti-tank missile hit an American citizen and two Israelis. The 31-year-old American is in critical condition. Since last week, Hezbollah has launched over 200 rockets and drones into Israel’s north.","Hezbollah ASSAULT American citizen and Israeli civilians","CONFLICT","ASSAULT","-0.9","Hezbollah","Hezbollah","Lebanon (95)","American citizen; Israeli civilians","American citizens; Israeli civilians","USA (185); Israel (83)","","","","Northern Israel","","Israel (83)","1",""
"12f7e259bfbc","2024-07-07","Hezbollah launched a missile attack from Lebanon targeting an Israeli army post near the northern community of Zar’it, resulting in injuries to a U.S. citizen, an Israel Defense Forces soldier, and another civilian. The U.S. citizen, a 31-year-old male, was reported to be in serious condition at Galilee Medical Center in Nahariya.","A U.S. citizen was wounded in Israel on Sunday when Hezbollah terrorists launched a missile attack against the Jewish state, officials said.","Hezbollah ASSAULTED Israeli soldiers and a U.S. citizen","CONFLICT","ASSAULT","-0.9","Hezbollah","Hezbollah","Lebanon (95)","Israeli soldiers; U.S. citizen","Israeli military; American citizens","Israel (83); USA (185)","","","","Lebanon; Near the northern community of Zare9it; Galilee Military Center, Nahariya","","Lebanon (95); Lebanon (95); Israel (83)","1",""
"98ed99b7b517","2024-07-05","Hezbollah's Deputy Secretary General Naim Qassem stated that the ongoing protests in Israel regarding a hostage deal and against Prime Minister Benjamin Netanyahu are likely to lead to a ceasefire agreement that would end the war in Gaza while allowing Hamas to remain intact. He expressed that Israel has 'no choice' but to pursue a ceasefire with Hamas due to the internal upheaval.","Speaking to Russian outlet Sputnik, Qassem says that Israel has 'no choice' but to end its war against the Hamas terror group through a ceasefire deal.","Nabil Qassem REQUEST Israel","CONFLICT","REQUEST","-0.2","Nabil Qassem","Naim Qassem","Lebanon (95)","Israel","Israel","Israel (83)","Hamas","Hamas","Palestine (195)","Israel; Gaza","","Israel (83); Palestine (195)","1",""
"c4fc2b0d69ff","2024-07-04","Hezbollah launched a combined rocket and drone assault on northern Israel from Lebanon, targeting structures in the Galilee and Golan Heights. The attack involved approximately 160 rockets and 15 suicide drones, prompting the Israel Defense Forces to intercept several projectiles and respond with artillery and air strikes on launching positions in Southern Lebanon.","Hezbollah terrorists in Lebanon launched a massive rocket and drone assault on northern Israel on Thursday morning, scoring hits on structures in the Galilee and Golan Heights.","Hezbollah ASSAULT Israel Defense Forces","CONFLICT","ASSAULT","-0.9","Hezbollah","Hezbollah","Lebanon (95)","Israel Defense Forces","Israeli military","Israel (83)","","","","Northern Israel; Galilee Heights; Golan Heights; Southern Lebanon; Lebanon","","Israel (83); Israel (83); Israel (83); Lebanon (95); Lebanon (95)","17",""
"c5908fe9a4a0","2024-07-04","Hizbollah launched more than 200 rockets and explosive drones at Israeli military positions in response to the killing of a senior Hizbollah commander in south Lebanon. This attack occurred amid ongoing tensions related to the war in Gaza, which has been ongoing for nearly nine months.","Lebanon's Hizbollah said it launched more than 200 rockets and explosive drones at Israeli military positions on Thursday as tensions have soared amid the almost nine-months-old war raging in Gaza.","Hizbullah ASSAULT Israeli military","CONFLICT","ASSAULT","-0.9","Hizbullah","Hizbullah","Lebanon (95)","Israeli military","Israeli military","Israel (83)","","","","Israeli military positions in southern Lebanon","","Lebanon (95)","1",""
"0828bb65a30b","2024-07-04","Hezbollah launched approximately 100 katyusha rockets at Israeli military positions in retaliation for the killing of its commander Muhammad Nimah Nasser in an Israeli airstrike. This escalation occurred in southern Lebanon, marking a significant increase in hostilities between Hezbollah and Israel.","Hezbollah has escalated tensions with Israel by launching a large barrage of rockets following the killing of a top commander in southern Lebanon.","Hezbollah ASSAULT Israeli military positions","CONFLICT","ASSAULT","-0.9","Hezbollah","Hezbollah","Lebanon (95)","Israeli military positions","Israeli military positions","Israel (83)","Muhammad Nimah Nasser","Muhammad Nimah Nasser","Lebanon (95)","Southern Lebanon","","Lebanon (95)","1",""
"acc81b2e90a1","2024-07-04","The Lebanese Hezbollah group launched more than 200 rockets at several military bases in Israel in response to the killing of its senior commander, Mohammad Naameh Nasser. This attack is one of the largest in the ongoing conflict along the Lebanon-Israel border, with Hezbollah also deploying explosive drones into Israeli territory.","The Lebanese Hezbollah group announced that it had launched more than 200 rockets at several military bases in Israel, following a strike that resulted in the death of one of its senior commanders.","Lebanese Hezbollah ASSAULT Israeli military bases","CONFLICT","ASSAULT","-0.9","Lebanese Hezbollah","Hezbollah","Lebanon (95)","Israeli military bases","Israeli military bases","Israel (83)","Mohammad Naemi Nasser","Muhammad Nimah Nasser","Lebanon (95)","Israel; Lebanon-Israel border","","Israel (83)","1",""
"cee294094827","2024-06-30","Hezbollah militants conducted a drone attack in the northern Golan Heights, injuring 18 Israeli soldiers, one of whom was seriously hurt. This assault was a response to Israeli fire on houses in southern Lebanon, escalating tensions between Israel and Hezbollah amid ongoing conflict since the start of the Israel-Hamas war.","A drone attack by Hezbollah militants on Sunday injured 18 Israeli soldiers, one of them seriously, according to Israel’s military.","Hezbollah militants ASSAULT Israeli soldiers","CONFLICT","ASSAULT","-0.9","Hezbollah militants","Hezbollah","Lebanon (95)","Israeli soldiers","Israeli military","Israel (83)","","","","Northern Golan Heights","","Lebanon (95)","5",""
"ba974ef112ab","2024-06-27","The Israeli army reported that it detected a rocket barrage from Lebanon targeting the northern Israeli city of Safed, with 40 rockets fired. Approximately half of the rockets were intercepted, while the others landed in open areas, causing property damage and fires. Hezbollah claimed responsibility, stating that its fighters targeted the Israeli Northern Command's missile air defense base at the Birya barracks.","The Israeli army said 40 rockets were fired toward Safed in the latest barrage from Lebanon... About half of them were intercepted. The other half fell in open areas... For its part, Lebanese group Hezbollah said in a statement that its fighters 'targeted the main missile air defense base of the (Israeli) Northern Command at the Birya barracks with dozens of rockets.'","Hezbollah ASSAULTED the Israeli Northern Command","CONFLICT","ASSAULT","-0.9","Hezbollah","Hezbollah","Lebanon (95)","Israeli Northern Command","Israeli Northern Command","Israel (83)","","","","Safed; Birfa Barracks; Northern Israel; Lebanon","","Israel (83); Israel (83); Israel (83); Lebanon (95)","1",""
"de1beb831c32","2024-06-27","Hezbollah launched approximately 35 rockets and missiles from Lebanon targeting the city of Safed in northern Israel on Thursday evening. This action was described as a response to Israeli attacks on Lebanese territories, leading to property damage and power outages in Safed, although no casualties were reported.","About 35 rockets and missiles fired from Lebanon struck the city of Safed in northern Israel on Thursday evening, causing fires, power cuts and property damage, the Israeli military said.","Hezbollah ASSAULT Israel","CONFLICT","ASSAULT","-0.9","Hezbollah","Hezbollah","Lebanon (95)","Israel","Israel","Israel (83)","","","","Lebanon; Safed, northern Israel","","Lebanon (95); Israel (83)","1",""
"2d1b2edff10f","2024-06-23","Hezbollah launched an anti-tank guided missile attack from Lebanon targeting a military vehicle in Metula, Israel, resulting in injuries to two members of the local security team. One officer was seriously wounded while the other sustained minor injuries.","A Hezbollah anti-tank guided missile attack launched from Lebanon late Sunday wounded two members of the security team of the northern community of Metula, one of them seriously, the military said Monday.","Hezbollah ASSAULT Israeli military vehicle and security team members","CONFLICT","ASSAULT","-0.9","Hezbollah","Hezbollah","Lebanon (95)","Israeli military vehicle; Israeli security team members","Israeli military vehicle; Israeli security team members","Israel (83); Israel (83)","","","","Metula; Lebanon","","Israel (83); Lebanon (95)","1",""
"02e54c092391","2024-06-22","Hezbollah released footage identifying several Israeli military and strategic sites, including the Research Center at Israel’s Dimona nuclear reactor, Ben Gurion International Airport, and Nevatim Airbase. This release is part of Hezbollah's ongoing response to heightened tensions and military exchanges with Israel, particularly following the assassination of a senior Hezbollah commander.","The footage, released by Hezbollah's Military Media, was reported by Lebanon’s al-Mayadeen television network. The network identified the sites as 'vital Israeli targets only known to the occupation's security apparatus.'","Hezbollah ACCUSE Israel","CONFLICT","ACCUSE","-0.3","Hezbollah","Hezbollah","Lebanon (95)","Israel","Israel","Israel (83)","","","","Dimona nuclear reactor; Ben Gurion International Airport; Nevatim Airbase","","Israel (83); Israel (83); Israel (83)","1",""
"22858fe1bc01","2024-06-21","Hezbollah claimed to have carried out six attacks on Israeli military positions on June 21, 2024. This action is part of a broader pattern of hostilities, with Hezbollah having launched over 5,000 attacks on Israel since October 7, 2023. The operations demonstrate Hezbollah's missile and drone capabilities and serve as a warning to Israeli commanders against escalation in southern Lebanon.","According to the Iranian state news IRNA 'in a statement on Saturday, Hezbollah confirmed the six attacks but did not point to the potential casualties of the strikes.'","Hezbollah ASSAULT Israeli military","CONFLICT","ASSAULT","-0.9","Hezbollah","Hezbollah","Lebanon (95)","Israeli military","Israeli military","Israel (83)","","","","Israeli military positions; southern Lebanon","","Israel (83); Lebanon (95)","2",""
"3db38ba1f39e","2024-06-21","Hezbollah, led by Hasan Nasrallah, is reported to be considering a preemptive surprise attack against Israel amid escalating tensions along the Lebanon-Israel border. This comes as Israeli officials have threatened Lebanon and Hezbollah, and the Israeli military has approved operational plans for a large-scale attack on Lebanon.","Hezbollah may launch a preemptive surprise attack against Israel, media reports said Friday.","Hezbollah THREATEN Israel","CONFLICT","THREATEN","-0.6","Hezbollah","Hezbollah","Lebanon (95)","Israel","Israel","Israel (83)","","","","Lebanon-Israel border; Lebanon","","Lebanon (95)","1",""
"450456319060","2024-06-20","Hezbollah, a Lebanese militant group, fired dozens of rockets into northern Israel on June 20, 2024, in retaliation for an Israeli strike in the village of Deir Kifa, which resulted in the death of one of its fighters. This action was part of ongoing cross-border hostilities between Israel and Hezbollah following the escalation of conflict after the October 7 attack by Hamas.","Hezbollah said it fired 'dozens' of rockets into northern Israel on June 20 in retaliation for a deadly strike in south Lebanon.","Hezbollah ASSAULT Israel","CONFLICT","ASSAULT","-0.9","Hezbollah","Hezbollah","Lebanon (95)","Israel","Israel","Israel (83)","","","","Northern Israel","","Israel (83)","3",""
"5bc18f15173a","2024-06-18","The Lebanese Hezbollah group launched attacks on two military positions in northern Israel, targeting the Balasan factory in Sasa kibbutz with Falaq missiles and the headquarters of the Sehl battalion command in Beit Hillel barracks with Katyusha rockets. This action was taken in retaliation for Israeli airstrikes on the al-Barghalia area in southern Lebanon.","The Lebanese Hezbollah group announced late Tuesday that it struck two military positions in northern Israel in response to Israeli attacks in southern Lebanon.","Lebanese Hezbollah ASSAULT Israeli military positions","CONFLICT","ASSAULT","-0.9","Lebanese Hezbollah","Hezbollah","Lebanon (95)","Israeli military positions","Israeli military positions","Israel (83)","","","","Northern Israel; Sasa kibbuth; Beit Hillel; Al-Baytah area in southern Lebanon","","Israel (83); Israel (83); Israel (83); Lebanon (95)","1",""
"6b9c23668cf5","2024-06-16","The Israeli military reported intensified cross-border fire from Hezbollah into Israel, indicating a potential for serious escalation in the conflict. This follows a series of cross-border strikes and the killing of Hezbollah commander Taleb Abdullah by Israel, which has led to unprecedented rocket barrages from Hezbollah targeting northern Israel.","Hezbollah’s increasing aggression is bringing us to the brink of what could be a wider escalation, one that could have devastating consequences for Lebanon and the entire region.","Hezbollah ASSAULT Israel","CONFLICT","ASSAULT","-0.9","Hezbollah","Hezbollah","Lebanon (95)","Israel","Israel","Israel (83)","Taleb Abdullah","Taleb Abdullah","Lebanon (95)","Israel; Lebanon","","Israel (83); Lebanon (95)","1",""
"2031201ad2cf","2024-06-13","Hezbollah launched a major attack on northern Israel by firing approximately 40 rockets and deploying explosive-laden drones from Lebanon. This action was described as a response to the killing of a senior commander in an Israeli airstrike earlier in the week, resulting in sirens being activated in communities such as Safed and Katzrin, and causing injuries and fires in the region.","Hezbollah launched a barrage of rockets and a swarm of explosive-laden drones at northern Israel on Thursday, setting off sirens in numerous communities, sparking fires and injuring two people, as the terror group continued what it said was a response to the killing of a senior commander in an Israeli airstrike earlier in the week.","Hezbollah ASSAULT Israeli civilians in northern Israel","CONFLICT","ASSAULT","-0.9","Hezbollah","Hezbollah","Lebanon (95)","Israeli civilians in northern Israel","Israeli civilians","Israel (83)","","","","Northern Israel; Lebanon; Safed; Katzrin","","Israel (83); Lebanon (95); Israel (83); Israel (83)","15",""
"4d4c4941a70e","2024-06-13","Hezbollah launched rockets and weaponized drones at nine Israeli military sites in a coordinated attack on June 13, 2024, escalating hostilities along the Lebanon-Israel border. This action was in retaliation for an Israeli strike on June 11 that resulted in the death of a senior Hezbollah field commander.","Hezbollah said it had launched rockets and weaponised drones at nine Israeli military sites in a coordinated attack on June 13, ramping up hostilities on Lebanon's southern border for the second consecutive day.","Hezbollah ASSAULT Israeli military sites","CONFLICT","ASSAULT","-0.9","Hezbollah","Hezbollah","Lebanon (95)","Israeli military sites","Israeli military sites","Israel (83)","","","","Israel; Lebanon-Israel border","","Israel (83)","1",""
"54b16f7bc6f2","2024-06-12","Hezbollah launched at least 150 projectiles towards northern Israel from Lebanon in retaliation for the killing of its senior commander, Taleb Sami Abdullah. This missile attack is reported to be the largest by Hezbollah on northern Israel since the start of the Gaza war, prompting the Israeli army to respond by targeting the launch sites with fighter jets.","Hezbollah launched at least 150 projectiles towards Israel in multiple waves from Lebanon. BBC Arabic described this missile attack as the largest by Hezbollah on northern Israel since the start of the Gaza war.","Hezbollah ASSAULT Israeli military","CONFLICT","ASSAULT","-0.9","Hezbollah","Hezbollah","Lebanon (95)","Israeli military","Israeli military","Israel (83)","","","","Northern Israel; Lebanon","","Israel (83); Lebanon (95)","2",""
"9eae6b625d6c","2024-06-12","The Lebanese militant group Hizbollah launched barrages of rockets at Israel in response to the killing of its senior commander Taleb Sami Abdallah by an Israeli strike the previous day. Hizbollah vowed to intensify its attacks, marking an escalation in the ongoing conflict along the Israel-Lebanon border.","""We will increase the intensity, strength, quantity and quality of our attacks,"" said senior Hizbollah official Hashem Safieddine, speaking at the funeral of commander Taleb Sami Abdallah, who was killed in Tuesday's Israeli strike.","Hizbullah ASSAULT Israel","CONFLICT","ASSAULT","-0.9","Hizbullah","Hizbullah","Lebanon (95)","Israel","Israel","Israel (83)","Taleb Sami Abdallah","Taleb Abdallah","Lebanon (95)","Israel-Lebanon border","","Unknown","1",""
"5b255609ccd5","2024-06-05","On June 5, 2024, a drone attack conducted by Hezbollah from Lebanon resulted in injuries to at least 10 individuals in northern Israel. This incident has heightened tensions, prompting warnings from the Israeli military about potential large-scale operations against Hezbollah, which is backed by Iran.","On Wednesday, a drone attack by Hezbollah from Lebanon resulted in injuries to at least 10 individuals in northern Israel, according to Israeli authorities, raising tensions about a potential counterattack from Tel Aviv.","Hezbollah ASSAULT Civilians in northern Israel","CONFLICT","ASSAULT","-0.9","Hezbollah","Hezbollah","Lebanon (95)","Civilians in northern Israel","Israeli civilians","Israel (83)","Iran","Iran","Iran (80)","Northern Israel","","Israel (83)","1",""
"26d1948ca90b","2024-06-02","The Lebanese militant group Hezbollah claimed responsibility for a drone attack on an Israeli military facility in the Golan Heights, stating that the strike targeted a radar system for Israel’s Iron Dome air defense system. The Israeli military acknowledged the incident but did not confirm damage.","Also Sunday, the Lebanese militant group Hezbollah claimed a drone attack on an Israeli military facility in the Golan Heights.","Hezbollah ASSAULT Israeli military","CONFLICT","ASSAULT","-0.9","Hezbollah","Hezbollah","Lebanon (95)","Israeli military","Israeli military","Israel (83)","","","","Golan Heights","","Israel (83)","1",""
"2b66c41ddde8","2024-05-31","Hassan Nasrallah, the leader of Hezbollah, delivered a speech via videolink emphasizing the significance of the ongoing conflict between Hezbollah and Israel. He stated that this battle is crucial for determining the future of Lebanon and the region, as Hezbollah continues its military operations against Israeli forces along the border amidst the ongoing war in Gaza.","Hezbollah chief Hassan Nasrallah has stressed that the Lebanese group’s battle with Israel is consequential and will help shape the future of the region, as the two sides continue to exchange fire daily.","Hassan Nasrallah ACCUSE Israel","CONFLICT","ACCUSE","-0.3","Hassan Nasrallah","Hassan Nasrallah","Lebanon (95)","Israel","Israel","Israel (83)","Hezbollah; Lebanon","Hezbollah; Lebanon","Lebanon (95); Lebanon (95)","Lebanon; Gaza","","Lebanon (95); Palestine (195)","1",""
"7f539d9ade8d","2024-05-28","Lebanon’s Ministry of Foreign Affairs and Emigrants issued a statement denouncing the Israeli occupation's actions against civilians in the Gaza Strip, specifically condemning the targeting of Palestinian refugee tents near an UNRWA facility in Rafah, which resulted in numerous casualties. The ministry highlighted that these actions violate international laws and resolutions, and called for international intervention to pressure Israel to comply with humanitarian laws and cease military operations.","Lebanon’s Ministry of Foreign Affairs and Emigrants on Tuesday issued a statement denouncing the continued Israeli occupation's massacres against civilians in the Gaza Strip.","Lebanons Ministry of Foreign Affairs and Emigrants ACCUSE Israel","CONFLICT","ACCUSE","-0.3","Lebanons Ministry of Foreign Affairs and Emigrants","Lebanese Foreign Minister","Lebanon (95)","Israel","Israel","Israel (83)","Palestinian refugees; United Nations Relief and Works Agency (UNRWA)","Palestinian refugees; United Nations Relief and Works Agency (UNRWA)","Palestine (195)","Gaza Strip; Rafah; UNRWA facility in Rafah","","Palestine (195); Palestine (195); Palestine (195)","1",""
"6a8bf0065b48","2024-05-18","Hezbollah conducted an attack using drones targeting a surveillance blimp approximately 20 miles inside Israel. This attack represents the deepest incursion by Hezbollah drones into Israeli territory amid increased hostilities coinciding with Israeli military operations in Rafah, Gaza.","Examples include the targeting of a surveillance blimp in an attack around 20 miles inside Israel, the deepest attack yet by a Hezbollah drone.","Hezbollah ASSAULT Israeli military","CONFLICT","ASSAULT","-0.9","Hezbollah","Hezbollah","Lebanon (95)","Israeli military","Israeli military","Israel (83)","","","","Israel; Rafah, Gaza","","Israel (83); Palestine (195)","1",""
"8f46aa7d1513","2024-05-16","Caretaker Prime Minister Najib Mikati of Lebanon called for Israel's withdrawal from occupied Lebanese territories during an Arab League summit in Manama, Bahrain. He urged fellow leaders to pressure Israel to cease its violations and attacks, and to fully implement United Nations Security Council Resolution 1701.","Mikati urged fellow heads of state and government at the 22-strong grouping in the capital Manama to 'pressure Israel to withdraw from our occupied land and stop its violations and attacks on our land, sea and air.'","Najib Mikati REQUEST Israel","CONFLICT","REQUEST","-0.2","Najib Mikati","Najib Mikati","Lebanon (95)","Israel","Israel","Israel (83)","Arab League; United Nations Security Council","Arab League; United Nations Security Council","Arab League; United Nations","Manama","","Bahrain (13)","1",""
"55b57f98e9cb","2024-05-15","Hezbollah launched a drone strike into Israel, successfully hitting one of Israel's significant air force surveillance systems. This action is part of Hezbollah's response to an Israeli airstrike in Beirut that killed its military commander, Fouad Shukur.","Lebanon’s militant Hezbollah group launched one of its deepest strikes into Israel in mid-May, using an explosive drone that scored a direct hit on one of Israel’s most significant air force surveillance systems.","Hezbollah ASSAULT Israel","CONFLICT","ASSAULT","-0.9","Hezbollah","Hezbollah","Lebanon (95)","Israel","Israel","Israel (83)","Fouad Shahr","Fouad Shahr","Lebanon (95)","Israel; Beirut","","Israel (83); Lebanon (95)","2",""
"ef8ad52dfd93","2024-05-15","Hezbollah launched dozens of rockets at military positions in northern Israel, specifically targeting the headquarters of the 91st Division in the Biranit Barracks and the Air Surveillance Unit at Meron Base. This action was in response to the assassination of its senior field commander, Hussein Ibrahim Makki, by Israeli forces.","Hezbollah said it attacked 'the headquarters of the 91st Division in the Biranit Barracks with heavy Burkan missiles, achieving a direct hit and destroying part of it, and the headquarters of the Air Surveillance Unit at Meron Base with tens of Katyusha rockets, heavy missiles, and artillery shells, hitting its previous and newly acquired equipment, and disabling part of it completely.'","Hezbollah ASSAULT Israeli military positions","CONFLICT","ASSAULT","-0.9","Hezbollah","Hezbollah","Lebanon (95)","Israeli military positions; 91st Division headquarters in Berrihi Barracks; Air Surveillance Unit at Meron Base","Israeli military positions; 91st Division headquarters in Berrihi Barracks; Air Surveillance Unit at Meron Base","Israel (83); Israel (83); Israel (83)","","","","Northern Israel; Berrihi Barracks; Meron Base","","Israel (83); Israel (83); Israel (83)","1",""
"154ea3e9d1b0","2024-05-14","Hezbollah launched an anti-tank guided missile attack against the northern community of Adamit, Israel, resulting in the death of one Israeli civilian and injuries to five Israeli soldiers. The attack occurred amid ongoing hostilities between Israel and Hezbollah on Israel's Independence Day.","An Israeli civilian was killed and five soldiers were wounded in a Hezbollah anti-tank guided missile attack against the northern community of Adamit on Tuesday as hostilities between Israel and the Lebanese terror group continued on Independence Day.","Hezbollah ASSAULT Israeli civilians and soldiers","CONFLICT","ASSAULT","-0.9","Hezbollah","Hezbollah","Lebanon (95)","Israeli civilians; Israeli soldiers","Israeli civilians; Israeli military","Israel (83); Israel (83)","","","","Adamli","","Israel (83)","1",""
"c4fe3737b334","2024-05-13","Hezbollah claimed responsibility for an aerial attack using a swarm of suicide drones targeting Israeli soldiers' sleeping quarters in Beit Hillel, Israel. The attack resulted in injuries to five Israeli soldiers, including commanders, at a site for the 403rd Reserve Artillery Battalion.","The group said it carried out 'an aerial attack with a swarm of suicide drones targeting Israeli soldiers’ sleeping quarters in Beit Hillel.'","Hezbollah ASSAULT Israeli soldiers","CONFLICT","ASSAULT","-0.9","Hezbollah","Hezbollah","Lebanon (95)","Israeli soldiers","Israeli military","Israel (83)","","","","Beit Hille","","Israel (83)","1",""
"de4409fd7737","2024-05-10","Hezbollah militants launched a barrage of over 60 missiles targeting Kiryat Shmona, Israel, resulting in significant destruction and chaos in the city. The missile strike ignited fires that spread across the region, overwhelming civil defense efforts and causing extensive damage to homes and infrastructure.","The evacuated city of Kiryat Shmona became the primary target of over 60 missiles fired by Hezbollah forces on Friday.","Hezbollah militants ASSAULT Kiryat Shmona","CONFLICT","ASSAULT","-0.9","Hezbollah militants","Hezbollah","Lebanon (95)","Kiryat Shmona","Kiryat Shmona","Israel (83)","","","","Kiryat Shmona","","Israel (83)","1",""
"555f3b0a8f80","2024-05-09","Hezbollah launched several attacks on Israeli military targets across the border in response to the deaths of four of its members due to Israeli drone strikes in Bafliyeh, Lebanon. The attacks were initiated after Israeli drones struck a vehicle transporting Hezbollah members, resulting in casualties and a violation of the established rules of engagement.","Hezbollah launched several attacks on Israeli military targets across Lebanon’s border on Thursday after four of its members were killed in Israeli strikes, security sources said.","Hezbollah ASSAULT Israeli military","CONFLICT","ASSAULT","-0.9","Hezbollah","Hezbollah","Lebanon (95)","Israeli military","Israeli military","Israel (83)","","","","Bafraharah; Israel","","Lebanon (95); Israel (83)","1",""
"6a9006e2f506","2024-05-07","Hezbollah launched rockets and aerial drones at northern Israel, prompting the Israel Defence Forces (IDF) to confirm the attacks. The IDF successfully intercepted one aerial target, while another drone fell in Kibbutz Yiftah, causing minor damage. In response, IDF troops fired artillery at a threat in southern Lebanon and conducted air strikes on Hezbollah positions.","Sirens blared throughout the Galilee panhandle as Hezbollah launched rockets and aerial drones at northern Israel on Tuesday, the Israel Defence Forces confirmed.","Hezbollah ASSAULT Israel Defense Forces (IDF)","CONFLICT","ASSAULT","-0.9","Hezbollah","Hezbollah","Lebanon (95)","Israel Defense Forces (IDF)","Israel Defense Forces (IDF)","Israel (83)","","","","Northern Israel; Kibbuth Yiftah; Southern Lebanon","","Israel (83); Israel (83); Lebanon (95)","1",""
"9bed0e67ab7f","2024-05-05","In retaliation for the Israeli airstrike, Hezbollah fired Katyusha rockets at the northern Israeli town of Kiryat Shmona, which is located near the Lebanese border.","Hezbollah, in retaliation, fired Katyusha rockets at the northern Israeli town of Kiryat Shmona, close to the Lebanese border.","Hezbollah ASSAULT Israel","CONFLICT","ASSAULT","-0.9","Hezbollah","Hezbollah","Lebanon (95)","Israel","Israel","Israel (83)","","","","Kiryat Shmona; Near the Lebanese border","","Israel (83); Lebanon (95)","1",""
"d9611ff003ab","2024-05-01","Hussein Hajj Hassan, a Lebanese Member of Parliament, stated that Hezbollah will continue its military operations against Israel in support of the residents affected by the ongoing war in Gaza. He emphasized that the deterrence power of Israel against Iran and the resistance in Lebanon and Palestine has diminished, and that Hezbollah's actions are a response to Israeli attacks on civilians.","Hussein Hajj Hassan, the Lebanese Member of Parliament, said that as long as the war in Gaza continues, the Islamic resistance in Lebanon will continue its operations in support of the residents of the region and in response to the attacks of the Zionist regime on civilians.","Hussein Hajj Hassan and Hezbollah ASSAULT Israel","CONFLICT","ASSAULT","-0.9","Hussein Hajj Hassan; Hezbollah","Abbas Hajj Hassan; Hezbollah","Lebanon (95); Lebanon (95)","Israel","Israel","Israel (83)","Iran; Residents of Gaza; Residents of Lebanon; Residents of Palestine","Iran; Residents of Gaza; Residents of southern Lebanon; Palestinian Authority residents","Iran (80); Palestine (195); Lebanon (95); Palestine (195)","Lebanon; Palestine","","Lebanon (95); Palestine (195)","1",""
"a6ea29257362","2024-04-26","Hezbollah launched a missile that killed an Israeli civilian, prompting Israel to intensify its airstrikes on Rafah, Gaza. This escalation occurs amid ongoing tensions and exchanges of fire between Israeli forces and Hezbollah since October 2023.","Hezbollah Missile Kills Israeli Civilian; Egypt Renews Truce Mediation Efforts","Hezbollah ASSAULT Israeli civilians","CONFLICT","ASSAULT","-0.9","Hezbollah","Hezbollah","Lebanon (95)","Israeli civilians","Israeli civilians","Israel (83)","","","","Rafah; Gaza","","Palestine (195); Palestine (195)","1",""
"715432f35539","2024-04-22","Hezbollah launched a rocket attack on the headquarters of the 3rd Infantry Brigade of the 91st Division at Ein Zeitim Base in Israel, firing dozens of Katyusha rockets. This action was reportedly in retaliation for Israeli military incursions into southern Lebanese villages, including strikes on Srifa, Odaisseh, and Rab Tlatin.","A statement from Hezbollah confirmed the rocket attack on the headquarters of the 3rd Infantry Brigade of the 91st Division at Ein Zeitim Base, claiming to have launched 'dozens' of Katyusha rockets.","Hezbollah ASSAULT 3rd Infantry Brigade of the 91st Division","CONFLICT","ASSAULT","-0.9","Hezbollah","Hezbollah","Lebanon (95)","3rd Infantry Brigade of the 91st Division","3rd Infantry Brigade of the 91st Division","Israel (83)","","","","Ein Zeitif Base; Srifita; Odeisseirah; Hrab Tuffah","","Israel (83); Lebanon (95); Lebanon (95); Lebanon (95)","2",""
"ebbbfc4fd468","2024-04-13","An explosive-laden drone sent from Lebanon exploded in a kibbutz in northern Israel, seriously wounding a local security team member who is also an IDF reservist. The incident occurred as Hezbollah claimed responsibility for targeting Israeli forces in the area, amidst ongoing attacks on northern Israel.","A resident of northern Israel was seriously wounded Saturday when an explosive-laden drone sent into the country from Lebanon exploded in a kibbutz in the Galilee, the Israeli army said.","Hezbollah ASSAULT Israeli forces and a local security team member (IDF reservist)","CONFLICT","ASSAULT","-0.9","Hezbollah","Hezbollah","Lebanon (95)","Israeli forces; Local security team member (IDF reservist)","Israeli military; Local security team member (IDF reservist)","Israel (83); Israel (83)","","","","Kibisa; Northern Israel","","Israel (83); Israel (83)","1",""
"505994183d28","2024-04-12","Hezbollah launched dozens of Katyusha rockets at Israeli artillery positions in northern Israel and the occupied Golan Heights in response to Israeli military strikes in southern Lebanon. This action is noted as one of the largest assaults by Hezbollah since the beginning of the conflict related to the war on Gaza.","Hezbollah said it has fired “dozens of rockets” at Israeli artillery positions in response to the Israeli military’s strikes in southern Lebanon, in one of its largest assaults since the start of the war on Gaza.","Hezbollah ASSAULT Israeli military positions","CONFLICT","ASSAULT","-0.9","Hezbollah","Hezbollah","Lebanon (95)","Israeli military positions","Israeli military positions","Israel (83)","","","","northern Israel; Golan Heights","","Israel (83)","1",""
"3050609f8b72","2024-04-12","Hezbollah launched nearly 40 rockets from Lebanon towards northern Israel, specifically targeting the Al-Zaoura site in the occupied territories. This action was a response to Israeli airstrikes conducted earlier that evening on the villages of Aita al-Shaab and Al-Taybeh.","Hezbollah confirmed in a statement on Friday of firing dozens of Katyusha rockets on the Al-Zaoura site in the occupied territories. Hezbollah said the rockets were fired in response to Israel’s airstrikes on the villages of Aita al-Shaab and Al-Taybeh earlier on Friday evening.","Hezbollah ASSAULT Israel","CONFLICT","ASSAULT","-0.9","Hezbollah","Hezbollah","Lebanon (95)","Israel","Israel","Israel (83)","","","","Lebanon; Al-Zaoura site, northern Israel; Aita al-Shaab, northern Israel; Al-Tayeh, northern Israel","","Lebanon (95); Israel (83); Israel (83); Israel (83)","1",""
"df617f1328a2","2024-04-05","Jebran Bassil, the chief of the Free Patriotic Movement in Lebanon, called for a ceasefire in south Lebanon and urged for the separation of this issue from the ongoing war in Gaza. He emphasized the need for solidarity during the country's crisis and expressed support for resistance against any Israeli attacks, while rejecting Hezbollah's involvement in the Gaza conflict due to a lack of national consensus.","Free Patriotic Movement chief Jebran Bassil has demanded 'a ceasefire in south Lebanon' and 'separating the matter from the developments of the war in Gaza.'","Jebran Bassir REQUEST Israel and Hezbollah","CONFLICT","REQUEST","-0.2","Jebran Bassir","Jebran Bassir","Lebanon (95)","Israel; Hezbollah","Israel; Hezbollah","Israel (83); Lebanon (95)","","","","South Lebanon; Gaza","","Lebanon (95); Palestine (195)","1",""
"06f5bc7b791f","2024-04-02","Hezbollah, a pro-Iranian militia in Lebanon, launched a number of Katyusha rockets at the area of Nahariya, specifically targeting the Gesher HaZiv kibbutz, in response to an Israeli airstrike that killed two generals from the Islamic Revolutionary Guard Corps (IRGC) in Damascus, Syria. The attack was framed as retaliation for previous Israeli actions against southern Lebanese villages.","On its official Telegram channel, Hezbollah said it fired a number of Katyusha rockets at the area of Nahariya, specifically at the Gesher HaZiv kibbutz. It said that this attack was 'in response to the Israeli attacks on the steadfast southern [Lebanese] villages and civilian homes, the latest of which was on the town of Yarin ... wounding of a woman there.'","Hezbollah ASSAULT Israel","CONFLICT","ASSAULT","-0.9","Hezbollah","Hezbollah","Lebanon (95)","Israel","Israel","Israel (83)","Islamic Revolutionary Guard Corps (IRGC)","Islamic Revolutionary Guard Corps (IRGC)","Iran (80)","Nahariya; Gisr HaZib","","Lebanon (95); Lebanon (95)","1",""
"cb6eb3b679c1","2024-03-27","Hezbollah announced a military response against Israel following an airstrike by Israeli jets that targeted a Lebanese emergency and relief center in the village of Hebbariyeh, resulting in the deaths of at least seven civilians. The response involved targeting the Kiryat Shmona settlement and the command of the 769th Brigade of the Israeli army with dozens of missiles.","""In support of the steadfast people of Gaza and the brave resistance there, and in response to the Zionist enemy's crime in the Al-Habariyah region, the fighters of the Islamic Resistance targeted the Kiryat Shmona settlement and the command of the 769th Brigade of the occupying army with dozens of missiles,"" Hezbollah stated in its announcement.","Hezbollah ASSAULT Israel","CONFLICT","ASSAULT","-0.9","Hezbollah","Hezbollah","Lebanon (95)","Israel","Israel","Israel (83)","Lebanese civilians","Lebanese civilians","Lebanon (95)","Kiryat Shmona; Hebb Eliasn","","Lebanon (95); Lebanon (95)","5",""
"d83b214fc08f","2024-03-27","Hezbollah launched an attack on Kiryat Shmona in northern Israel, resulting in one fatality and one injury. This escalation is part of Hezbollah's strategy to deter Israelis from returning to northern Israel and to establish a zone of control in the region.","The Wednesday attack killed one person and injured another.","Hezbollah ASSAULT Kiryat Shmona","CONFLICT","ASSAULT","-0.9","Hezbollah","Hezbollah","Lebanon (95)","Kiryat Shmona","Kiryat Shmona","Israel (83)","","","","Northern Israel","","Israel (83)","1",""
"251e76cbc6ca","2024-03-25","Hezbollah targeted a gathering of Israeli soldiers in Al-Tayhat Hill, Lebanon, using rocket weapons and artillery shells, resulting in direct hits. This action is part of the ongoing hostilities between Hezbollah and the Israeli Army, which have been active for 170 days.","Early on Monday morning, Hezbollah announced targeting a gathering of Israeli soldiers in Al-Tayhat Hill with rocket weapons and artillery shells, causing direct hits.","Hezbollah ASSAULT Israeli soldiers","CONFLICT","ASSAULT","-0.9","Hezbollah","Hezbollah","Lebanon (95)","Israeli soldiers","Israeli military","Israel (83)","","","","Al-Tahh Hill","","Lebanon (95)","1",""
"ac4c9862b3a3","2024-03-25","Hezbollah launched a targeted artillery attack on the headquarters of the Israeli 'Liman' military barracks in the Upper Galilee region of Israel. This strike was part of a broader response to ongoing tensions and included a missile fired at an Israeli site in the occupied Shebaa Farms area, marking a significant escalation in hostilities.","The Hezbollah Islamic resistance in Lebanon launched a targeted attack on the headquarters of the Israeli occupation's 'Liman' military barracks, achieving a direct hit with artillery shells.","Hezbollah ASSAULT Litan military barracks","CONFLICT","ASSAULT","-0.9","Hezbollah","Hezbollah","Lebanon (95)","Litan military barracks","Litan military barracks","Israel (83)","","","","Upper Galilee region; Shebaa Farms area","","Israel (83); Israel (83)","1",""
"2d45b5a8326b","2024-03-21","On March 21, 2024, tensions escalated on Lebanon's southern border as both Hezbollah and the Israeli army conducted military strikes. The Israeli army shelled Lebanese border villages, including Yaroun, Odaisseh, Aita Al-Shaab, and Marwahin, targeting houses and industrial facilities. In response, Hezbollah launched missiles at houses in the Metula settlement believed to be sheltering Israeli soldiers.","Tensions flared on Lebanon’s southern border on Thursday, with both Hezbollah and the Israeli army launching strikes on houses and military targets.","Hezbollah ASSAULT Israeli army and soldiers","CONFLICT","ASSAULT","-0.9","Hezbollah","Hezbollah","Lebanon (95)","Israeli army; Israeli soldiers","Israeli military; Israeli military","Israel (83); Israel (83)","","","","Lebanon's southern border; Yaroun; Odain El-Harir; Aita Al-Shab; Marwahin; Metula settlement","","Lebanon (95); Lebanon (95); Lebanon (95); Lebanon (95); Lebanon (95); Lebanon (95)","2",""
"b586f5e4988a","2024-03-20","Tony al-Rami, president of the Syndicate of Owners of Restaurants, Cafes, Nightclubs, and Pastries in Lebanon, expressed concerns regarding the significant negative impact of ongoing confrontations between Hezbollah and Israel on Lebanon's tourism industry. He highlighted that international travel restrictions have led to a halt in tourist packages and a drastic reduction in occupancy rates for hotels and other accommodations.","Tony al-Rami, who presides over the Syndicate of Owners of Restaurants, Cafes, Nightclubs, and Pastries in Lebanon, voiced his concerns to the National News Agency, indicating the distress the current situation has inflicted across the entire tourism cycle in Lebanon.","Tony al-Rini ACCUSE Hezbollah and Israel","CONFLICT","ACCUSE","-0.2","Tony al-Rini","Tony al-Rini","Lebanon (95)","Hezbollah; Israel","Hezbollah; Israel","Lebanon (95); Israel (83)","Syndicate of Owners of Restaurants, Cafes, Nightclubs, and Pastries in Lebanon","Syndicate of Owners of Restaurants, Cafes, Nightclubs, and Pastries in Lebanon","Lebanon (95)","Lebanon","","Lebanon (95)","1",""
"faf3a4a41ac0","2024-02-27","Hezbollah, a militant group based in Lebanon, announced that it will cease fire on Israel contingent upon Hamas agreeing to a proposed truce with Israel regarding the ongoing conflict in Gaza. The proposal includes a 40-day suspension of fighting.","Lebanon's Hezbollah will stop firing on Israel if Hamas agrees to a proposal for a truce with Israel in Gaza.","Hezbollah AGREE Israel","COOPERATION","AGREE","0.5","Hezbollah","Hezbollah","Lebanon (95)","Israel","Israel","Israel (83)","Hamas","Hamas","Palestine (195)","Lebanon; Israel; Gaza","","Lebanon (95); Israel (83); Palestine (195)","1",""
"e05eb8234fe7","2024-02-27","Hezbollah launched a volley of rockets at an Israeli aerial surveillance base in response to an Israeli military attack into Lebanese territory. This escalation occurred amid ongoing tensions and exchanges of fire between Hezbollah and Israel along the southern border of Lebanon.","His comments came after Hezbollah said it had launched a volley of rockets at an Israeli aerial surveillance base on Tuesday in response to the Israeli military's deepest attack yet into Lebanese territory.","Hezbollah ASSAULT Israeli military","CONFLICT","ASSAULT","-0.9","Hezbollah","Hezbollah","Lebanon (95)","Israeli military","Israeli military","Israel (83)","","","","Israeli aerial surveillance base; Lebanese territory; Southern border of Lebanon","","Israel (83); Lebanon (95); Lebanon (95)","1",""
"751d268f79ad","2024-02-27","Hezbollah launched a large volley of rockets at the Meron air control base in northern Israel, prompting Israeli airstrikes on several towns in southern Lebanon. This exchange of strikes escalated tensions along the Israel-Lebanon border amid fears of a broader conflict related to the ongoing war in Gaza.","The Iran-aligned Hezbollah said on Tuesday that it had fired a “large volley” at the Meron base in northern Israel. Shortly afterwards, Israeli strikes were reported in several towns across southern Lebanon.","Hezbollah ASSAULT Israeli and Lebanese civilians in southern Lebanon","CONFLICT","ASSAULT","-0.9","Hezbollah","Hezbollah","Lebanon (95)","Israeli civilians in southern Lebanon; Lebanese civilians in southern Lebanon","Israeli civilians; Civilians in Lebanon","Israel (83); Lebanon (95)","","","","Meron air control base; southern Lebanon; Israel-Lebanon border","","Israel (83); Lebanon (95)","1",""
"9cf8cdeb3b59","2024-02-26","Hezbollah fired dozens of rockets toward the Golan Heights, specifically targeting an Israel Defense Forces (IDF) base, in retaliation for Israeli airstrikes near Baalbek, Lebanon. This marked a significant escalation in their military actions, as it was a departure from their usual focus on the northern Galilee region.","Hezbollah on Monday fired dozens of rockets toward the Golan in a significant departure from its general focus on the northern Galilee.","Hezbollah ASSAULT Israel Defense Forces (IDF)","CONFLICT","ASSAULT","-0.9","Hezbollah","Hezbollah","Lebanon (95)","Israel Defense Forces (IDF)","Israel Defense Forces (IDF)","Israel (83)","","","","Golan Heights; Baalbek","","Israel (83); Lebanon (95)","4",""
"7051fd994419","2024-02-25","Hezbollah announced that it would halt its nearly daily attacks on Israel if a ceasefire is reached in Gaza. However, Israeli Defence Minister Yoav Gallant stated that a ceasefire in Gaza would not apply to the northern front, emphasizing that Israel would continue its military operations against Hezbollah until its objectives are met.","Hezbollah, which has been exchanging fire with Israel throughout the war in Gaza, has said it will halt its nearly daily attacks on Israel if a ceasefire is reached in Gaza. But Israeli defence minister Yoav Gallant said that anyone who thinks a temporary ceasefire for Gaza will also apply to the northern front is 'mistaken'.","Hezbollah ACCUSE Israel","CONFLICT","ACCUSE","-0.8","Hezbollah","Hezbollah","Lebanon (95)","Israel","Israel","Israel (83)","","","","Gaza; Northern front","","Palestine (195); Israel (83)","1",""
"048484533599","2024-02-20","The kibbutz of Manara in Israel has been divided into southern and northern sections due to ongoing conflict. The southern half is under constant observation by Hezbollah and has suffered significant damage, with 30 homes directly hit by their fire. Meanwhile, the northern part has experienced destruction from Israeli Defense Forces (IDF) operations.","The southern half of the kibbutz is observed by Hezbollah 24 hours a day. It has been bombed, and about 80 of its homes were damaged as a result of the fighting, with 30 of them directly hit by Hezbollah fire.","Hezbollah and the Israeli Defense Forces (IDF) ASSAULT Manara residents","CONFLICT","ASSAULT","-0.9","Hezbollah; Israeli Defense Forces (IDF)","Hezbollah; Israel Defense Forces (IDF)","Lebanon (95); Israel (83)","Manara residents","Manara residents","Israel (83)","","","","Manara, Israel; Southern Manara; Northern Manara","","Israel (83); Israel (83); Israel (83)","1",""
"0678e002274c","2024-02-16","Hezbollah launched a barrage of 25 rockets and two anti-tank missiles from Lebanon towards Israeli sites, specifically targeting the Kiryat Shmona military base and settlement. This action was described as an 'initial' response to recent Israeli airstrikes that resulted in the deaths of at least eleven Lebanese civilians, including children.","Lebanon's Hezbollah waged a barrage of rockets and missiles at Israeli sites in what the resistance movement said was an 'initial' response to the regime's airstrikes that killed at least eleven Lebanese civilians, including children.","Hezbollah ASSAULT Israeli military sites and Kiryat Shmona military base and settlement","CONFLICT","ASSAULT","-0.9","Hezbollah","Hezbollah","Lebanon (95)","Israeli military sites; Kiryat Shmona military base and settlement","Israeli military sites; Kiryat Shmona military base and settlement","Israel (83); Israel (83)","","","","Kiryat Shmona military base; Lebanon","","Israel (83); Lebanon (95)","1",""
"fe94c84846e4","2024-02-16","Hezbollah launched an attack on an Israeli naval site following the killing of an elite force commander. This military action is part of ongoing tensions between Hezbollah and Israel.","Hezbollah Attacks Israeli 'Naval Site' After Elite Force Commander's Killing","Hezbollah ASSAULT Israeli naval site","CONFLICT","ASSAULT","-0.9","Hezbollah","Hezbollah","Lebanon (95)","Israeli naval site","Israeli naval site","Israel (83)","","","","Israeli naval site","","Israel (83)","1",""
"620e9e39e46a","2024-02-14","Hezbollah, a Lebanese militant group, vowed retaliation following Israeli airstrikes that killed civilians in southern Lebanon, including two children and a Syrian woman. The airstrikes targeted a house in Sawwaneh, resulting in casualties, and Hezbollah confirmed the death of one of its fighters in an attack on Adshit. The Israeli military stated that these actions were in response to rocket fire from Lebanon.","Hezbollah vows retaliation after Israeli airstrikes kill civilians in southern Lebanon.","Hezbollah ASSAULT Israeli military","CONFLICT","ASSAULT","-0.9","Hezbollah","Hezbollah","Lebanon (95)","Israeli military","Israeli military","Israel (83)","Civilians in southern Lebanon; Syrian woman; Hezbollah fighters","Civilians in Lebanon; Syrian woman; Hezbollah","Lebanon (95); Syria (169); Lebanon (95)","southern Lebanon; Sawwaneh; Adra","","Lebanon (95); Lebanon (95); Lebanon (95)","2",""
"36629f26ff78","2024-02-14","Hezbollah, represented by senior official Hassan Fadlallah, announced that Israel would face reprisals following Israeli airstrikes on southern Lebanon that resulted in the deaths of 10 civilians, including children. This statement was made in response to the deadliest day for civilians in Lebanon since the onset of hostilities along the southern border.","""The enemy (Israel) will pay the price for these crimes,"" Fadlallah told Reuters when asked about the powerful Iran-backed armed group's reaction to the deadliest day for civilians in Lebanon since hostilities began along its southern border.","Hezbollah THREATEN Israel","CONFLICT","THREATEN","-0.6","Hezbollah","Hezbollah","Lebanon (95)","Israel","Israel","Israel (83)","Hassan Fadlallah","Hassan Fadlallah","Lebanon (95)","southern Lebanon","","Lebanon (95)","2",""
"c41819598d6b","2024-02-13","Hassan Nasrallah, the leader of Hezbollah, announced in a televised address that the group's cross-border shelling into Israel will continue until Israel ceases its military actions in the Gaza Strip. He stated that diplomatic efforts have not effectively halted hostilities and emphasized that Hezbollah's fire exchanges will only stop if a full ceasefire is achieved for Gaza.","Nasrallah said on Tuesday his group would only stop its exchanges of fire if a full ceasefire was reached for Gaza. 'On that day, when the shooting stops in Gaza, we will stop the shooting in the south,' he said in a televised address.","Hassan Nasrallah THREATEN Israel","CONFLICT","THREATEN","-0.6","Hassan Nasrallah","Hassan Nasrallah","Lebanon (95)","Israel","Israel","Israel (83)","Hezbollah","Hezbollah","Lebanon (95)","Israel; Gaza Strip","","Israel (83); Palestine (195)","1",""
"38bbba23eccb","2024-02-13","Hezbollah conducted multiple attacks against Israeli military targets on February 13, 2024, including an assault on an Israeli police building in Kiryat Shmona and missile strikes on Israeli soldiers at the Hunin Fortress and Mitat barracks. The attacks resulted in casualties among Israeli forces and damage to the Margaliot settlement.","Hezbollah said its members 'took control of an Israeli Skylark drone and it was in good technical condition.' It said its attacks targeted 'a gathering of Israeli soldiers in the Hunin Fortress with missiles,' as well as 'espionage equipment at the Hadab Yarin site.'","Hezbollah ASSAULT Israeli military targets, police, and soldiers","CONFLICT","ASSAULT","-0.9","Hezbollah","Hezbollah","Lebanon (95)","Israeli military targets; Israeli police; Israeli soldiers","Israeli military targets; Israeli police; Israeli military","Israel (83); Israel (83); Israel (83)","","","","Kiryat Shmona; Haronya Fortress; Mitit Barracks","","Israel (83); Israel (83); Israel (83)","1",""
"cf41dc52bac1","2024-02-13","Hassan Nasrallah, the chief of Hezbollah, delivered a televised address in Beirut, Lebanon, stating that ending the Gaza war is essential to stopping hostilities along the Lebanon frontier. He emphasized that a ceasefire in Gaza would lead to a cessation of violence in southern Lebanon, while also warning that Hezbollah would respond if Israel escalates the conflict.","“When the attack on Gaza stops and there is a ceasefire, the fire will also stop in the south” of Lebanon, Hassan Nasrallah said in a televised address, but warned: “If they (Israel) broaden the confrontation, we will do the same.”","Hassan Nasrallah ACCUSE Israel","CONFLICT","ACCUSE","-0.3","Hassan Nasrallah","Hassan Nasrallah","Lebanon (95)","Israel","Israel","Israel (83)","Hezbollah","Hezbollah","Lebanon (95)","Beirut; Gaza; Lebanon frontier; southern Lebanon","","Lebanon (95); Palestine (195); Lebanon (95); Lebanon (95)","3",""
"c025a560f313","2024-02-08","Hezbollah launched a barrage of at least 30 rockets from Lebanon targeting northern Israel, specifically the Upper Galilee town of Meron. This attack occurred following an Israeli drone strike in Nabatieh, Lebanon, which aimed at two Hezbollah operatives, including a senior commander, and was in retaliation for a previous Hezbollah attack that injured three IDF soldiers.","Hezbollah fired a barrage of at least 30 rockets from Lebanon at northern Israel late Feb 8.","Hezbollah ASSAULT Israel","CONFLICT","ASSAULT","-0.9","Hezbollah","Hezbollah","Lebanon (95)","Israel","Israel","Israel (83)","","","","Lebanon; Upper Galilee; Meron; Nabatieh","","Lebanon (95); Israel (83); Israel (83); Lebanon (95)","2",""
"5adf2ef41c8f","2024-02-02","Hezbollah deputy chief Sheikh Naim Qassem stated that any ceasefire in Gaza would also apply to the Lebanese-Israeli border, where Hezbollah and the Israeli army have been engaged in hostilities since October 8, 2023. He emphasized that the military actions on the Lebanon front were initiated to support Gaza and would cease if the aggression against Gaza stops.","“Stop the war in Gaza and it would automatically stop here, because the Lebanon front was launched in order to assist Gaza ... When the aggression stops, there will be no more need for this form of military assistance,” Qassem said in an interview with al-Akhbar newspaper published Friday.","Sheikh Naim Qassem AGREE Hezbollah and the Israeli army","COOPERATION","AGREE","0.5","Sheikh Naim Qassem","Sheikh Naim Qassem","Lebanon (95)","Hezbollah; Israeli army","Hezbollah; Israeli military","Lebanon (95); Israel (83)","","","","Gaza; Lebanese-Israeli border","","Palestine (195); Lebanon (95)","1",""
"5573355a46e1","2024-01-22","Hezbollah rejected Israeli proposals aimed at halting military operations on the southern Lebanese front. The rejection was articulated by Hezbollah MP Hassan Fadlallah, who emphasized that stopping Israel's aggression on Gaza is essential for any further discussions.","Hezbollah on Monday rejected Israeli proposals to halt military operations on the southern Lebanese front. 'Whatever the enemy proposes will not change the equation as this is a war of one option,' said Hezbollah MP Hassan Fadlallah.","Hezbollah REJECT Israel","CONFLICT","REJECT","-0.5","Hezbollah","Hezbollah","Lebanon (95)","Israel","Israel","Israel (83)","Hezbollah MP Hassan Fadlallah","Hezbollah MP Hassan Fadlallah","Lebanon (95)","Southern Lebanese border; Gaza","","Lebanon (95); Palestine (195)","1",""
"05cff6f30544","2023-10-08","Hezbollah launched missiles into Israel from Lebanon in support of the Palestinian cause following the October 7, 2023, attack on Israel by Hamas. This action is part of the ongoing conflict involving multiple actors in the region.","Israel retaliated not only against Hamas, in the now-devastated Gaza Strip, but also against Hezbollah, in Lebanon, which took up the Palestinian cause by launching missiles into Israel the next day, October 8, 2023.","Hezbollah ASSAULT Israel","CONFLICT","ASSAULT","-0.9","Hezbollah","Hezbollah","Lebanon (95)","Israel","Israel","Israel (83)","Palestinians; Hamas","Palestinians; Hamas","Palestine (195); Palestine (195)","Lebanon; Israel","","Lebanon (95); Israel (83)","1",""